2026-04-21 16:01:03,096 - INFO - Loading dataset from: /tmp/vcape-dataset-cache/vcape-r-20k
2026-04-21 16:01:10,773 - INFO - Dataset loaded: 20000 samples, columns: ['xsource_image', 'xtarget_image', 'object_description', 'product_type', 'pose', 'input_prompt', 'label', 'rejection_reason']
2026-04-21 16:01:10,779 - INFO - Dataset shuffled with seed=42
2026-04-21 16:01:10,792 - INFO - Found credentials in shared credentials file: ~/.aws/credentials
2026-04-21 16:01:10,953 - INFO - Creating batches: samples 0–19999 (20000 total), batch_size=1000
2026-04-21 16:02:40,961 - INFO - Uploaded s3://autoqa-neurips/2026/bedrock_input_datasets/vcape-r-20k/batch_0.jsonl (1000 records)
2026-04-21 16:04:10,939 - INFO - Uploaded s3://autoqa-neurips/2026/bedrock_input_datasets/vcape-r-20k/batch_1.jsonl (1000 records)
2026-04-21 16:05:43,035 - INFO - Uploaded s3://autoqa-neurips/2026/bedrock_input_datasets/vcape-r-20k/batch_2.jsonl (1000 records)
2026-04-21 16:07:24,540 - INFO - Uploaded s3://autoqa-neurips/2026/bedrock_input_datasets/vcape-r-20k/batch_3.jsonl (1000 records)
2026-04-21 16:09:05,678 - INFO - Uploaded s3://autoqa-neurips/2026/bedrock_input_datasets/vcape-r-20k/batch_4.jsonl (1000 records)
2026-04-21 16:11:37,927 - INFO - Uploaded s3://autoqa-neurips/2026/bedrock_input_datasets/vcape-r-20k/batch_5.jsonl (1000 records)
2026-04-21 16:13:09,277 - INFO - Uploaded s3://autoqa-neurips/2026/bedrock_input_datasets/vcape-r-20k/batch_6.jsonl (1000 records)
2026-04-21 16:14:50,250 - INFO - Uploaded s3://autoqa-neurips/2026/bedrock_input_datasets/vcape-r-20k/batch_7.jsonl (1000 records)
2026-04-21 16:16:35,596 - INFO - Uploaded s3://autoqa-neurips/2026/bedrock_input_datasets/vcape-r-20k/batch_8.jsonl (1000 records)
2026-04-21 16:18:04,123 - INFO - Uploaded s3://autoqa-neurips/2026/bedrock_input_datasets/vcape-r-20k/batch_9.jsonl (1000 records)
2026-04-21 16:19:54,313 - INFO - Uploaded s3://autoqa-neurips/2026/bedrock_input_datasets/vcape-r-20k/batch_10.jsonl (1000 records)
2026-04-21 16:21:44,476 - INFO - Uploaded s3://autoqa-neurips/2026/bedrock_input_datasets/vcape-r-20k/batch_11.jsonl (1000 records)
2026-04-21 16:23:34,892 - INFO - Uploaded s3://autoqa-neurips/2026/bedrock_input_datasets/vcape-r-20k/batch_12.jsonl (1000 records)
2026-04-21 16:25:30,771 - INFO - Uploaded s3://autoqa-neurips/2026/bedrock_input_datasets/vcape-r-20k/batch_13.jsonl (1000 records)
2026-04-21 16:27:22,611 - INFO - Uploaded s3://autoqa-neurips/2026/bedrock_input_datasets/vcape-r-20k/batch_14.jsonl (1000 records)
2026-04-21 16:29:23,811 - INFO - Uploaded s3://autoqa-neurips/2026/bedrock_input_datasets/vcape-r-20k/batch_15.jsonl (1000 records)
2026-04-21 16:31:37,428 - INFO - Uploaded s3://autoqa-neurips/2026/bedrock_input_datasets/vcape-r-20k/batch_16.jsonl (1000 records)
2026-04-21 16:33:26,853 - INFO - Uploaded s3://autoqa-neurips/2026/bedrock_input_datasets/vcape-r-20k/batch_17.jsonl (1000 records)
2026-04-21 16:35:20,035 - INFO - Uploaded s3://autoqa-neurips/2026/bedrock_input_datasets/vcape-r-20k/batch_18.jsonl (1000 records)
2026-04-21 16:37:10,106 - INFO - Uploaded s3://autoqa-neurips/2026/bedrock_input_datasets/vcape-r-20k/batch_19.jsonl (1000 records)
2026-04-21 16:37:10,107 - INFO - Total batches uploaded: 20
2026-04-21 16:37:10,117 - INFO - Submitting batch jobs 0–19 ...
2026-04-21 16:37:10,131 - INFO - Submitting job: vcape-r-20k-batch-0
2026-04-21 16:37:10,131 - INFO -   Input:  s3://autoqa-neurips/2026/bedrock_input_datasets/vcape-r-20k/batch_0.jsonl
2026-04-21 16:37:10,131 - INFO -   Output: s3://autoqa-neurips/2026/bedrock_output_datasets/vcape-r-20k/batch_0/
2026-04-21 16:37:12,589 - INFO - Loading dataset from: /tmp/vcape-dataset-cache/vcape-s-20k
2026-04-21 16:37:40,702 - INFO - Loading dataset from: /tmp/vcape-dataset-cache/vcape-r-20k
2026-04-21 16:37:47,443 - INFO - Dataset loaded: 20000 samples, columns: ['xsource_image', 'xtarget_image', 'object_description', 'product_type', 'pose', 'input_prompt', 'label', 'rejection_reason']
2026-04-21 16:37:47,449 - INFO - Dataset shuffled with seed=42
2026-04-21 16:37:47,470 - INFO - Found credentials in shared credentials file: ~/.aws/credentials
2026-04-21 16:37:47,580 - INFO - Creating batches: samples 0–19999 (20000 total), batch_size=1000
2026-04-21 16:39:37,583 - INFO - Uploaded s3://autoqa-neurips/2026/bedrock_input_datasets/vcape-r-20k/batch_0.jsonl (1000 records)
2026-04-21 16:41:26,117 - INFO - Uploaded s3://autoqa-neurips/2026/bedrock_input_datasets/vcape-r-20k/batch_1.jsonl (1000 records)
2026-04-21 16:50:56,240 - INFO - Uploaded s3://autoqa-neurips/2026/bedrock_input_datasets/vcape-r-20k/batch_2.jsonl (1000 records)
2026-04-21 16:52:27,843 - INFO - Uploaded s3://autoqa-neurips/2026/bedrock_input_datasets/vcape-r-20k/batch_3.jsonl (1000 records)
2026-04-21 16:53:58,666 - INFO - Uploaded s3://autoqa-neurips/2026/bedrock_input_datasets/vcape-r-20k/batch_4.jsonl (1000 records)
2026-04-21 16:55:35,436 - INFO - Uploaded s3://autoqa-neurips/2026/bedrock_input_datasets/vcape-r-20k/batch_5.jsonl (1000 records)
2026-04-21 16:57:05,600 - INFO - Uploaded s3://autoqa-neurips/2026/bedrock_input_datasets/vcape-r-20k/batch_6.jsonl (1000 records)
2026-04-21 16:58:36,108 - INFO - Uploaded s3://autoqa-neurips/2026/bedrock_input_datasets/vcape-r-20k/batch_7.jsonl (1000 records)
2026-04-21 17:00:05,544 - INFO - Uploaded s3://autoqa-neurips/2026/bedrock_input_datasets/vcape-r-20k/batch_8.jsonl (1000 records)
2026-04-21 17:01:46,995 - INFO - Uploaded s3://autoqa-neurips/2026/bedrock_input_datasets/vcape-r-20k/batch_9.jsonl (1000 records)
2026-04-21 17:03:16,990 - INFO - Uploaded s3://autoqa-neurips/2026/bedrock_input_datasets/vcape-r-20k/batch_10.jsonl (1000 records)
2026-04-21 17:04:53,426 - INFO - Uploaded s3://autoqa-neurips/2026/bedrock_input_datasets/vcape-r-20k/batch_11.jsonl (1000 records)
2026-04-21 17:06:19,778 - INFO - Uploaded s3://autoqa-neurips/2026/bedrock_input_datasets/vcape-r-20k/batch_12.jsonl (1000 records)
2026-04-21 17:07:56,934 - INFO - Uploaded s3://autoqa-neurips/2026/bedrock_input_datasets/vcape-r-20k/batch_13.jsonl (1000 records)
2026-04-21 17:09:32,936 - INFO - Uploaded s3://autoqa-neurips/2026/bedrock_input_datasets/vcape-r-20k/batch_14.jsonl (1000 records)
2026-04-21 17:11:25,071 - INFO - Uploaded s3://autoqa-neurips/2026/bedrock_input_datasets/vcape-r-20k/batch_15.jsonl (1000 records)
2026-04-21 17:13:59,379 - INFO - Uploaded s3://autoqa-neurips/2026/bedrock_input_datasets/vcape-r-20k/batch_16.jsonl (1000 records)
2026-04-21 17:15:53,258 - INFO - Uploaded s3://autoqa-neurips/2026/bedrock_input_datasets/vcape-r-20k/batch_17.jsonl (1000 records)
2026-04-21 17:17:29,556 - INFO - Uploaded s3://autoqa-neurips/2026/bedrock_input_datasets/vcape-r-20k/batch_18.jsonl (1000 records)
2026-04-21 17:18:55,542 - INFO - Uploaded s3://autoqa-neurips/2026/bedrock_input_datasets/vcape-r-20k/batch_19.jsonl (1000 records)
2026-04-21 17:18:55,544 - INFO - Total batches uploaded: 20
2026-04-21 17:18:55,562 - INFO - Submitting batch jobs 0–19 ...
2026-04-21 17:18:55,580 - INFO - Submitting job: vcape-r-20k-batch-0
2026-04-21 17:18:55,580 - INFO -   Input:  s3://autoqa-neurips/2026/bedrock_input_datasets/vcape-r-20k/batch_0.jsonl
2026-04-21 17:18:55,580 - INFO -   Output: s3://autoqa-neurips/2026/bedrock_output_datasets/vcape-r-20k/batch_0/
2026-04-21 17:18:58,148 - INFO - Loading dataset from: /tmp/vcape-dataset-cache/vcape-s-20k
2026-04-21 17:19:05,887 - INFO - Dataset loaded: 20000 samples, columns: ['xsource_image', 'xtarget_image', 'product_type', 'object_description', 'label', 'rejection_reason', 'pose', 'input_prompt']
2026-04-21 17:19:05,892 - INFO - Dataset shuffled with seed=42
2026-04-21 17:19:05,902 - INFO - Found credentials in shared credentials file: ~/.aws/credentials
2026-04-21 17:19:06,027 - INFO - Creating batches: samples 0–19999 (20000 total), batch_size=1000
2026-04-21 17:21:07,251 - INFO - Uploaded s3://autoqa-neurips/2026/bedrock_input_datasets/vcape-s-20k/batch_0.jsonl (1000 records)
2026-04-21 17:23:10,491 - INFO - Uploaded s3://autoqa-neurips/2026/bedrock_input_datasets/vcape-s-20k/batch_1.jsonl (1000 records)
2026-04-21 17:24:10,661 - INFO - Loading dataset from: /tmp/vcape-dataset-cache/vcape-r-20k
2026-04-21 17:24:17,237 - INFO - Dataset loaded: 20000 samples, columns: ['xsource_image', 'xtarget_image', 'object_description', 'product_type', 'pose', 'input_prompt', 'label', 'rejection_reason']
2026-04-21 17:24:17,241 - INFO - Dataset shuffled with seed=42
2026-04-21 17:24:17,241 - INFO - Submitting batch jobs 0–19 ...
2026-04-21 17:24:17,251 - INFO - Found credentials in shared credentials file: ~/.aws/credentials
2026-04-21 17:24:17,391 - INFO - Submitting job: vcape-r-20k-batch-0
2026-04-21 17:24:17,391 - INFO -   Input:  s3://autoqa-neurips/2026/bedrock_input_datasets/vcape-r-20k/batch_0.jsonl
2026-04-21 17:24:17,391 - INFO -   Output: s3://autoqa-neurips/2026/bedrock_output_datasets/vcape-r-20k/batch_0/
2026-04-21 17:24:18,757 - INFO -   JobArn: arn:aws:bedrock:us-east-1:398875891240:model-invocation-job/kmaia8pwaq31
2026-04-21 17:24:18,758 - INFO - Submitting job: vcape-r-20k-batch-1
2026-04-21 17:24:18,758 - INFO -   Input:  s3://autoqa-neurips/2026/bedrock_input_datasets/vcape-r-20k/batch_1.jsonl
2026-04-21 17:24:18,758 - INFO -   Output: s3://autoqa-neurips/2026/bedrock_output_datasets/vcape-r-20k/batch_1/
2026-04-21 17:24:19,796 - INFO -   JobArn: arn:aws:bedrock:us-east-1:398875891240:model-invocation-job/zm51qvhhwttp
2026-04-21 17:24:19,796 - INFO - Submitting job: vcape-r-20k-batch-2
2026-04-21 17:24:19,796 - INFO -   Input:  s3://autoqa-neurips/2026/bedrock_input_datasets/vcape-r-20k/batch_2.jsonl
2026-04-21 17:24:19,796 - INFO -   Output: s3://autoqa-neurips/2026/bedrock_output_datasets/vcape-r-20k/batch_2/
2026-04-21 17:24:20,857 - INFO -   JobArn: arn:aws:bedrock:us-east-1:398875891240:model-invocation-job/7gqvw1jh7w5c
2026-04-21 17:24:20,858 - INFO - Submitting job: vcape-r-20k-batch-3
2026-04-21 17:24:20,858 - INFO -   Input:  s3://autoqa-neurips/2026/bedrock_input_datasets/vcape-r-20k/batch_3.jsonl
2026-04-21 17:24:20,858 - INFO -   Output: s3://autoqa-neurips/2026/bedrock_output_datasets/vcape-r-20k/batch_3/
2026-04-21 17:24:21,898 - INFO -   JobArn: arn:aws:bedrock:us-east-1:398875891240:model-invocation-job/adwoz1vn8rwv
2026-04-21 17:24:21,898 - INFO - Submitting job: vcape-r-20k-batch-4
2026-04-21 17:24:21,898 - INFO -   Input:  s3://autoqa-neurips/2026/bedrock_input_datasets/vcape-r-20k/batch_4.jsonl
2026-04-21 17:24:21,898 - INFO -   Output: s3://autoqa-neurips/2026/bedrock_output_datasets/vcape-r-20k/batch_4/
2026-04-21 17:24:22,935 - INFO -   JobArn: arn:aws:bedrock:us-east-1:398875891240:model-invocation-job/tzrop4mt9z9m
2026-04-21 17:24:22,935 - INFO - Submitting job: vcape-r-20k-batch-5
2026-04-21 17:24:22,936 - INFO -   Input:  s3://autoqa-neurips/2026/bedrock_input_datasets/vcape-r-20k/batch_5.jsonl
2026-04-21 17:24:22,936 - INFO -   Output: s3://autoqa-neurips/2026/bedrock_output_datasets/vcape-r-20k/batch_5/
2026-04-21 17:24:23,803 - INFO -   JobArn: arn:aws:bedrock:us-east-1:398875891240:model-invocation-job/qc5ryuffuimo
2026-04-21 17:24:23,803 - INFO - Submitting job: vcape-r-20k-batch-6
2026-04-21 17:24:23,803 - INFO -   Input:  s3://autoqa-neurips/2026/bedrock_input_datasets/vcape-r-20k/batch_6.jsonl
2026-04-21 17:24:23,804 - INFO -   Output: s3://autoqa-neurips/2026/bedrock_output_datasets/vcape-r-20k/batch_6/
2026-04-21 17:24:24,934 - INFO -   JobArn: arn:aws:bedrock:us-east-1:398875891240:model-invocation-job/4pb2dhr29tw9
2026-04-21 17:24:24,934 - INFO - Submitting job: vcape-r-20k-batch-7
2026-04-21 17:24:24,934 - INFO -   Input:  s3://autoqa-neurips/2026/bedrock_input_datasets/vcape-r-20k/batch_7.jsonl
2026-04-21 17:24:24,934 - INFO -   Output: s3://autoqa-neurips/2026/bedrock_output_datasets/vcape-r-20k/batch_7/
2026-04-21 17:24:25,889 - INFO -   JobArn: arn:aws:bedrock:us-east-1:398875891240:model-invocation-job/4bfwiaopnsf5
2026-04-21 17:24:25,890 - INFO - Submitting job: vcape-r-20k-batch-8
2026-04-21 17:24:25,890 - INFO -   Input:  s3://autoqa-neurips/2026/bedrock_input_datasets/vcape-r-20k/batch_8.jsonl
2026-04-21 17:24:25,890 - INFO -   Output: s3://autoqa-neurips/2026/bedrock_output_datasets/vcape-r-20k/batch_8/
2026-04-21 17:24:26,907 - INFO -   JobArn: arn:aws:bedrock:us-east-1:398875891240:model-invocation-job/ua5ll72ppesb
2026-04-21 17:24:26,908 - INFO - Submitting job: vcape-r-20k-batch-9
2026-04-21 17:24:26,908 - INFO -   Input:  s3://autoqa-neurips/2026/bedrock_input_datasets/vcape-r-20k/batch_9.jsonl
2026-04-21 17:24:26,908 - INFO -   Output: s3://autoqa-neurips/2026/bedrock_output_datasets/vcape-r-20k/batch_9/
2026-04-21 17:24:27,843 - INFO -   JobArn: arn:aws:bedrock:us-east-1:398875891240:model-invocation-job/7780fnu86t4r
2026-04-21 17:24:27,843 - INFO - Submitting job: vcape-r-20k-batch-10
2026-04-21 17:24:27,843 - INFO -   Input:  s3://autoqa-neurips/2026/bedrock_input_datasets/vcape-r-20k/batch_10.jsonl
2026-04-21 17:24:27,844 - INFO -   Output: s3://autoqa-neurips/2026/bedrock_output_datasets/vcape-r-20k/batch_10/
2026-04-21 17:24:28,844 - INFO -   JobArn: arn:aws:bedrock:us-east-1:398875891240:model-invocation-job/v1kr1rpoidbx
2026-04-21 17:24:28,845 - INFO - Submitting job: vcape-r-20k-batch-11
2026-04-21 17:24:28,845 - INFO -   Input:  s3://autoqa-neurips/2026/bedrock_input_datasets/vcape-r-20k/batch_11.jsonl
2026-04-21 17:24:28,845 - INFO -   Output: s3://autoqa-neurips/2026/bedrock_output_datasets/vcape-r-20k/batch_11/
2026-04-21 17:24:29,889 - INFO -   JobArn: arn:aws:bedrock:us-east-1:398875891240:model-invocation-job/xkk4d2w4ojav
2026-04-21 17:24:29,896 - INFO - Submitting job: vcape-r-20k-batch-12
2026-04-21 17:24:29,896 - INFO -   Input:  s3://autoqa-neurips/2026/bedrock_input_datasets/vcape-r-20k/batch_12.jsonl
2026-04-21 17:24:29,896 - INFO -   Output: s3://autoqa-neurips/2026/bedrock_output_datasets/vcape-r-20k/batch_12/
2026-04-21 17:24:30,825 - INFO -   JobArn: arn:aws:bedrock:us-east-1:398875891240:model-invocation-job/prhu4jcd0t2e
2026-04-21 17:24:30,826 - INFO - Submitting job: vcape-r-20k-batch-13
2026-04-21 17:24:30,826 - INFO -   Input:  s3://autoqa-neurips/2026/bedrock_input_datasets/vcape-r-20k/batch_13.jsonl
2026-04-21 17:24:30,827 - INFO -   Output: s3://autoqa-neurips/2026/bedrock_output_datasets/vcape-r-20k/batch_13/
2026-04-21 17:24:31,831 - INFO -   JobArn: arn:aws:bedrock:us-east-1:398875891240:model-invocation-job/dl7v7bjfh1y6
2026-04-21 17:24:31,831 - INFO - Submitting job: vcape-r-20k-batch-14
2026-04-21 17:24:31,831 - INFO -   Input:  s3://autoqa-neurips/2026/bedrock_input_datasets/vcape-r-20k/batch_14.jsonl
2026-04-21 17:24:31,831 - INFO -   Output: s3://autoqa-neurips/2026/bedrock_output_datasets/vcape-r-20k/batch_14/
2026-04-21 17:24:32,662 - INFO -   JobArn: arn:aws:bedrock:us-east-1:398875891240:model-invocation-job/wy7z2vv532gq
2026-04-21 17:24:32,662 - INFO - Submitting job: vcape-r-20k-batch-15
2026-04-21 17:24:32,662 - INFO -   Input:  s3://autoqa-neurips/2026/bedrock_input_datasets/vcape-r-20k/batch_15.jsonl
2026-04-21 17:24:32,662 - INFO -   Output: s3://autoqa-neurips/2026/bedrock_output_datasets/vcape-r-20k/batch_15/
2026-04-21 17:24:33,637 - INFO -   JobArn: arn:aws:bedrock:us-east-1:398875891240:model-invocation-job/fcn123ez6k5p
2026-04-21 17:24:33,637 - INFO - Submitting job: vcape-r-20k-batch-16
2026-04-21 17:24:33,637 - INFO -   Input:  s3://autoqa-neurips/2026/bedrock_input_datasets/vcape-r-20k/batch_16.jsonl
2026-04-21 17:24:33,638 - INFO -   Output: s3://autoqa-neurips/2026/bedrock_output_datasets/vcape-r-20k/batch_16/
2026-04-21 17:24:34,664 - INFO -   JobArn: arn:aws:bedrock:us-east-1:398875891240:model-invocation-job/e9l4my8fuqwh
2026-04-21 17:24:34,664 - INFO - Submitting job: vcape-r-20k-batch-17
2026-04-21 17:24:34,664 - INFO -   Input:  s3://autoqa-neurips/2026/bedrock_input_datasets/vcape-r-20k/batch_17.jsonl
2026-04-21 17:24:34,664 - INFO -   Output: s3://autoqa-neurips/2026/bedrock_output_datasets/vcape-r-20k/batch_17/
2026-04-21 17:24:35,684 - INFO -   JobArn: arn:aws:bedrock:us-east-1:398875891240:model-invocation-job/qqmd95urxh7v
2026-04-21 17:24:35,685 - INFO - Submitting job: vcape-r-20k-batch-18
2026-04-21 17:24:35,685 - INFO -   Input:  s3://autoqa-neurips/2026/bedrock_input_datasets/vcape-r-20k/batch_18.jsonl
2026-04-21 17:24:35,685 - INFO -   Output: s3://autoqa-neurips/2026/bedrock_output_datasets/vcape-r-20k/batch_18/
2026-04-21 17:24:36,551 - INFO -   JobArn: arn:aws:bedrock:us-east-1:398875891240:model-invocation-job/hyw6z8g40ktb
2026-04-21 17:24:36,552 - INFO - Submitting job: vcape-r-20k-batch-19
2026-04-21 17:24:36,552 - INFO -   Input:  s3://autoqa-neurips/2026/bedrock_input_datasets/vcape-r-20k/batch_19.jsonl
2026-04-21 17:24:36,552 - INFO -   Output: s3://autoqa-neurips/2026/bedrock_output_datasets/vcape-r-20k/batch_19/
2026-04-21 17:24:37,575 - INFO -   JobArn: arn:aws:bedrock:us-east-1:398875891240:model-invocation-job/v5pb6ln8unyl
2026-04-21 17:24:37,579 - INFO - All jobs submitted.
2026-04-21 17:25:30,868 - INFO - Loading dataset from: /tmp/vcape-dataset-cache/vcape-s-20k
2026-04-21 17:25:38,448 - INFO - Dataset loaded: 20000 samples, columns: ['xsource_image', 'xtarget_image', 'product_type', 'object_description', 'label', 'rejection_reason', 'pose', 'input_prompt']
2026-04-21 17:25:38,452 - INFO - Dataset shuffled with seed=42
2026-04-21 17:25:38,463 - INFO - Found credentials in shared credentials file: ~/.aws/credentials
2026-04-21 17:25:38,576 - INFO - Creating batches: samples 0–19999 (20000 total), batch_size=1000
2026-04-21 17:27:46,026 - INFO - Uploaded s3://autoqa-neurips/2026/bedrock_input_datasets/vcape-s-20k/batch_0.jsonl (1000 records)
2026-04-21 17:29:53,089 - INFO - Uploaded s3://autoqa-neurips/2026/bedrock_input_datasets/vcape-s-20k/batch_1.jsonl (1000 records)
2026-04-21 17:31:53,932 - INFO - Uploaded s3://autoqa-neurips/2026/bedrock_input_datasets/vcape-s-20k/batch_2.jsonl (1000 records)
2026-04-21 17:33:56,643 - INFO - Uploaded s3://autoqa-neurips/2026/bedrock_input_datasets/vcape-s-20k/batch_3.jsonl (1000 records)
2026-04-21 17:36:00,955 - INFO - Uploaded s3://autoqa-neurips/2026/bedrock_input_datasets/vcape-s-20k/batch_4.jsonl (1000 records)
2026-04-21 17:38:09,570 - INFO - Uploaded s3://autoqa-neurips/2026/bedrock_input_datasets/vcape-s-20k/batch_5.jsonl (1000 records)
2026-04-21 17:40:56,997 - INFO - Uploaded s3://autoqa-neurips/2026/bedrock_input_datasets/vcape-s-20k/batch_6.jsonl (1000 records)
2026-04-21 17:43:28,598 - INFO - Uploaded s3://autoqa-neurips/2026/bedrock_input_datasets/vcape-s-20k/batch_7.jsonl (1000 records)
2026-04-21 17:45:44,799 - INFO - Uploaded s3://autoqa-neurips/2026/bedrock_input_datasets/vcape-s-20k/batch_8.jsonl (1000 records)
2026-04-21 17:47:47,451 - INFO - Uploaded s3://autoqa-neurips/2026/bedrock_input_datasets/vcape-s-20k/batch_9.jsonl (1000 records)
2026-04-21 17:49:58,521 - INFO - Uploaded s3://autoqa-neurips/2026/bedrock_input_datasets/vcape-s-20k/batch_10.jsonl (1000 records)
2026-04-21 17:51:59,994 - INFO - Uploaded s3://autoqa-neurips/2026/bedrock_input_datasets/vcape-s-20k/batch_11.jsonl (1000 records)
2026-04-21 17:54:27,133 - INFO - Uploaded s3://autoqa-neurips/2026/bedrock_input_datasets/vcape-s-20k/batch_12.jsonl (1000 records)
2026-04-21 17:56:34,270 - INFO - Uploaded s3://autoqa-neurips/2026/bedrock_input_datasets/vcape-s-20k/batch_13.jsonl (1000 records)
2026-04-21 17:58:35,078 - INFO - Uploaded s3://autoqa-neurips/2026/bedrock_input_datasets/vcape-s-20k/batch_14.jsonl (1000 records)
2026-04-21 18:00:40,138 - INFO - Uploaded s3://autoqa-neurips/2026/bedrock_input_datasets/vcape-s-20k/batch_15.jsonl (1000 records)
2026-04-21 18:02:43,666 - INFO - Uploaded s3://autoqa-neurips/2026/bedrock_input_datasets/vcape-s-20k/batch_16.jsonl (1000 records)
2026-04-21 18:04:52,302 - INFO - Uploaded s3://autoqa-neurips/2026/bedrock_input_datasets/vcape-s-20k/batch_17.jsonl (1000 records)
2026-04-21 18:06:55,187 - INFO - Uploaded s3://autoqa-neurips/2026/bedrock_input_datasets/vcape-s-20k/batch_18.jsonl (1000 records)
2026-04-21 18:09:01,792 - INFO - Uploaded s3://autoqa-neurips/2026/bedrock_input_datasets/vcape-s-20k/batch_19.jsonl (1000 records)
2026-04-21 18:09:01,793 - INFO - Total batches uploaded: 20
2026-04-21 18:09:01,879 - INFO - Submitting batch jobs 0–19 ...
2026-04-21 18:09:01,914 - INFO - Submitting job: vcape-s-20k-batch-0
2026-04-21 18:09:01,915 - INFO -   Input:  s3://autoqa-neurips/2026/bedrock_input_datasets/vcape-s-20k/batch_0.jsonl
2026-04-21 18:09:01,915 - INFO -   Output: s3://autoqa-neurips/2026/bedrock_output_datasets/vcape-s-20k/batch_0/
2026-04-21 18:09:03,443 - INFO -   JobArn: arn:aws:bedrock:us-east-1:398875891240:model-invocation-job/mumfga7sv5t3
2026-04-21 18:09:03,444 - INFO - Submitting job: vcape-s-20k-batch-1
2026-04-21 18:09:03,444 - INFO -   Input:  s3://autoqa-neurips/2026/bedrock_input_datasets/vcape-s-20k/batch_1.jsonl
2026-04-21 18:09:03,444 - INFO -   Output: s3://autoqa-neurips/2026/bedrock_output_datasets/vcape-s-20k/batch_1/
2026-04-21 18:09:04,491 - INFO -   JobArn: arn:aws:bedrock:us-east-1:398875891240:model-invocation-job/ecih5eed09ih
2026-04-21 18:09:04,491 - INFO - Submitting job: vcape-s-20k-batch-2
2026-04-21 18:09:04,491 - INFO -   Input:  s3://autoqa-neurips/2026/bedrock_input_datasets/vcape-s-20k/batch_2.jsonl
2026-04-21 18:09:04,491 - INFO -   Output: s3://autoqa-neurips/2026/bedrock_output_datasets/vcape-s-20k/batch_2/
2026-04-21 18:09:05,577 - INFO -   JobArn: arn:aws:bedrock:us-east-1:398875891240:model-invocation-job/relv96tuzx6d
2026-04-21 18:09:05,577 - INFO - Submitting job: vcape-s-20k-batch-3
2026-04-21 18:09:05,577 - INFO -   Input:  s3://autoqa-neurips/2026/bedrock_input_datasets/vcape-s-20k/batch_3.jsonl
2026-04-21 18:09:05,577 - INFO -   Output: s3://autoqa-neurips/2026/bedrock_output_datasets/vcape-s-20k/batch_3/
2026-04-21 18:09:06,634 - INFO -   JobArn: arn:aws:bedrock:us-east-1:398875891240:model-invocation-job/y1u8msincfgh
2026-04-21 18:09:06,634 - INFO - Submitting job: vcape-s-20k-batch-4
2026-04-21 18:09:06,634 - INFO -   Input:  s3://autoqa-neurips/2026/bedrock_input_datasets/vcape-s-20k/batch_4.jsonl
2026-04-21 18:09:06,634 - INFO -   Output: s3://autoqa-neurips/2026/bedrock_output_datasets/vcape-s-20k/batch_4/
2026-04-21 18:09:07,599 - INFO -   JobArn: arn:aws:bedrock:us-east-1:398875891240:model-invocation-job/tmcnj5fqx5m4
2026-04-21 18:09:07,599 - INFO - Submitting job: vcape-s-20k-batch-5
2026-04-21 18:09:07,599 - INFO -   Input:  s3://autoqa-neurips/2026/bedrock_input_datasets/vcape-s-20k/batch_5.jsonl
2026-04-21 18:09:07,599 - INFO -   Output: s3://autoqa-neurips/2026/bedrock_output_datasets/vcape-s-20k/batch_5/
2026-04-21 18:09:08,622 - INFO -   JobArn: arn:aws:bedrock:us-east-1:398875891240:model-invocation-job/rnafd9u5kmte
2026-04-21 18:09:08,622 - INFO - Submitting job: vcape-s-20k-batch-6
2026-04-21 18:09:08,622 - INFO -   Input:  s3://autoqa-neurips/2026/bedrock_input_datasets/vcape-s-20k/batch_6.jsonl
2026-04-21 18:09:08,623 - INFO -   Output: s3://autoqa-neurips/2026/bedrock_output_datasets/vcape-s-20k/batch_6/
2026-04-21 18:09:09,684 - INFO -   JobArn: arn:aws:bedrock:us-east-1:398875891240:model-invocation-job/d3yqri3vjq3x
2026-04-21 18:09:09,686 - INFO - Submitting job: vcape-s-20k-batch-7
2026-04-21 18:09:09,686 - INFO -   Input:  s3://autoqa-neurips/2026/bedrock_input_datasets/vcape-s-20k/batch_7.jsonl
2026-04-21 18:09:09,686 - INFO -   Output: s3://autoqa-neurips/2026/bedrock_output_datasets/vcape-s-20k/batch_7/
2026-04-21 18:09:10,783 - INFO -   JobArn: arn:aws:bedrock:us-east-1:398875891240:model-invocation-job/0mtn4iae0jr1
2026-04-21 18:09:10,783 - INFO - Submitting job: vcape-s-20k-batch-8
2026-04-21 18:09:10,784 - INFO -   Input:  s3://autoqa-neurips/2026/bedrock_input_datasets/vcape-s-20k/batch_8.jsonl
2026-04-21 18:09:10,784 - INFO -   Output: s3://autoqa-neurips/2026/bedrock_output_datasets/vcape-s-20k/batch_8/
2026-04-21 18:09:11,754 - INFO -   JobArn: arn:aws:bedrock:us-east-1:398875891240:model-invocation-job/q4f05wy34hmv
2026-04-21 18:09:11,755 - INFO - Submitting job: vcape-s-20k-batch-9
2026-04-21 18:09:11,755 - INFO -   Input:  s3://autoqa-neurips/2026/bedrock_input_datasets/vcape-s-20k/batch_9.jsonl
2026-04-21 18:09:11,755 - INFO -   Output: s3://autoqa-neurips/2026/bedrock_output_datasets/vcape-s-20k/batch_9/
2026-04-21 18:09:12,819 - INFO -   JobArn: arn:aws:bedrock:us-east-1:398875891240:model-invocation-job/ohz0zz0fk502
2026-04-21 18:09:12,819 - INFO - Submitting job: vcape-s-20k-batch-10
2026-04-21 18:09:12,820 - INFO -   Input:  s3://autoqa-neurips/2026/bedrock_input_datasets/vcape-s-20k/batch_10.jsonl
2026-04-21 18:09:12,820 - INFO -   Output: s3://autoqa-neurips/2026/bedrock_output_datasets/vcape-s-20k/batch_10/
2026-04-21 18:09:14,077 - INFO -   JobArn: arn:aws:bedrock:us-east-1:398875891240:model-invocation-job/2fv64v1aiqz6
2026-04-21 18:09:14,078 - INFO - Submitting job: vcape-s-20k-batch-11
2026-04-21 18:09:14,078 - INFO -   Input:  s3://autoqa-neurips/2026/bedrock_input_datasets/vcape-s-20k/batch_11.jsonl
2026-04-21 18:09:14,078 - INFO -   Output: s3://autoqa-neurips/2026/bedrock_output_datasets/vcape-s-20k/batch_11/
2026-04-21 18:09:15,199 - INFO -   JobArn: arn:aws:bedrock:us-east-1:398875891240:model-invocation-job/gzctv9eax586
2026-04-21 18:09:15,199 - INFO - Submitting job: vcape-s-20k-batch-12
2026-04-21 18:09:15,199 - INFO -   Input:  s3://autoqa-neurips/2026/bedrock_input_datasets/vcape-s-20k/batch_12.jsonl
2026-04-21 18:09:15,200 - INFO -   Output: s3://autoqa-neurips/2026/bedrock_output_datasets/vcape-s-20k/batch_12/
2026-04-21 18:09:16,163 - INFO -   JobArn: arn:aws:bedrock:us-east-1:398875891240:model-invocation-job/54pky3k8wvu5
2026-04-21 18:09:16,163 - INFO - Submitting job: vcape-s-20k-batch-13
2026-04-21 18:09:16,163 - INFO -   Input:  s3://autoqa-neurips/2026/bedrock_input_datasets/vcape-s-20k/batch_13.jsonl
2026-04-21 18:09:16,163 - INFO -   Output: s3://autoqa-neurips/2026/bedrock_output_datasets/vcape-s-20k/batch_13/
2026-04-21 18:09:17,171 - INFO -   JobArn: arn:aws:bedrock:us-east-1:398875891240:model-invocation-job/d8tl7qyhc1qk
2026-04-21 18:09:17,172 - INFO - Submitting job: vcape-s-20k-batch-14
2026-04-21 18:09:17,172 - INFO -   Input:  s3://autoqa-neurips/2026/bedrock_input_datasets/vcape-s-20k/batch_14.jsonl
2026-04-21 18:09:17,172 - INFO -   Output: s3://autoqa-neurips/2026/bedrock_output_datasets/vcape-s-20k/batch_14/
2026-04-21 18:09:18,213 - INFO -   JobArn: arn:aws:bedrock:us-east-1:398875891240:model-invocation-job/q9n7ihy0c0ka
2026-04-21 18:09:18,213 - INFO - Submitting job: vcape-s-20k-batch-15
2026-04-21 18:09:18,214 - INFO -   Input:  s3://autoqa-neurips/2026/bedrock_input_datasets/vcape-s-20k/batch_15.jsonl
2026-04-21 18:09:18,214 - INFO -   Output: s3://autoqa-neurips/2026/bedrock_output_datasets/vcape-s-20k/batch_15/
2026-04-21 18:09:19,166 - INFO -   JobArn: arn:aws:bedrock:us-east-1:398875891240:model-invocation-job/ancpp00biv0v
2026-04-21 18:09:19,168 - INFO - Submitting job: vcape-s-20k-batch-16
2026-04-21 18:09:19,168 - INFO -   Input:  s3://autoqa-neurips/2026/bedrock_input_datasets/vcape-s-20k/batch_16.jsonl
2026-04-21 18:09:19,168 - INFO -   Output: s3://autoqa-neurips/2026/bedrock_output_datasets/vcape-s-20k/batch_16/
2026-04-21 18:09:20,420 - INFO -   JobArn: arn:aws:bedrock:us-east-1:398875891240:model-invocation-job/y68d3gru94p2
2026-04-21 18:09:20,420 - INFO - Submitting job: vcape-s-20k-batch-17
2026-04-21 18:09:20,420 - INFO -   Input:  s3://autoqa-neurips/2026/bedrock_input_datasets/vcape-s-20k/batch_17.jsonl
2026-04-21 18:09:20,420 - INFO -   Output: s3://autoqa-neurips/2026/bedrock_output_datasets/vcape-s-20k/batch_17/
2026-04-21 18:09:21,470 - INFO -   JobArn: arn:aws:bedrock:us-east-1:398875891240:model-invocation-job/2kms7ms542u1
2026-04-21 18:09:21,470 - INFO - Submitting job: vcape-s-20k-batch-18
2026-04-21 18:09:21,470 - INFO -   Input:  s3://autoqa-neurips/2026/bedrock_input_datasets/vcape-s-20k/batch_18.jsonl
2026-04-21 18:09:21,471 - INFO -   Output: s3://autoqa-neurips/2026/bedrock_output_datasets/vcape-s-20k/batch_18/
2026-04-21 18:09:22,516 - INFO -   JobArn: arn:aws:bedrock:us-east-1:398875891240:model-invocation-job/o33l2uqaudiu
2026-04-21 18:09:22,516 - INFO - Submitting job: vcape-s-20k-batch-19
2026-04-21 18:09:22,516 - INFO -   Input:  s3://autoqa-neurips/2026/bedrock_input_datasets/vcape-s-20k/batch_19.jsonl
2026-04-21 18:09:22,516 - INFO -   Output: s3://autoqa-neurips/2026/bedrock_output_datasets/vcape-s-20k/batch_19/
2026-04-21 18:09:23,547 - INFO -   JobArn: arn:aws:bedrock:us-east-1:398875891240:model-invocation-job/t3uv8nllxwyc
2026-04-21 18:09:23,549 - INFO - All jobs submitted.
2026-04-21 18:15:58,984 - INFO - Loading dataset from: /tmp/vcape-dataset-cache/vcape-r-20k
2026-04-21 18:16:06,484 - INFO - Dataset loaded: 20000 samples, columns: ['xsource_image', 'xtarget_image', 'object_description', 'product_type', 'pose', 'input_prompt', 'label', 'rejection_reason']
2026-04-21 18:16:06,490 - INFO - Dataset shuffled with seed=42
2026-04-21 18:16:06,490 - INFO - Submitting batch jobs 0–19 ...
2026-04-21 18:16:06,500 - INFO - Found credentials in shared credentials file: ~/.aws/credentials
2026-04-21 18:16:06,630 - INFO - Submitting job: vcape-r-20k-batch-0
2026-04-21 18:16:06,630 - INFO -   Input:  s3://autoqa-neurips/2026/bedrock_input_datasets/vcape-r-20k/batch_0.jsonl
2026-04-21 18:16:06,630 - INFO -   Output: s3://autoqa-neurips/2026/bedrock_output_datasets/vcape-r-20k/batch_0/
2026-04-21 18:16:08,952 - INFO - Loading dataset from: /tmp/vcape-dataset-cache/vcape-s-20k
2026-04-21 18:16:57,002 - INFO - Loading dataset from: /tmp/vcape-dataset-cache/vcape-r-20k
2026-04-21 18:17:03,823 - INFO - Dataset loaded: 20000 samples, columns: ['xsource_image', 'xtarget_image', 'object_description', 'product_type', 'pose', 'input_prompt', 'label', 'rejection_reason']
2026-04-21 18:17:03,830 - INFO - Dataset shuffled with seed=42
2026-04-21 18:17:03,830 - INFO - Submitting batch jobs 0–19 ...
2026-04-21 18:17:03,844 - INFO - Found credentials in shared credentials file: ~/.aws/credentials
2026-04-21 18:17:03,945 - INFO - Submitting job: vcape-r-20k-batch-0
2026-04-21 18:17:03,945 - INFO -   Input:  s3://autoqa-neurips/2026/bedrock_input_datasets/vcape-r-20k/batch_0.jsonl
2026-04-21 18:17:03,945 - INFO -   Output: s3://autoqa-neurips/2026/bedrock_output_datasets/vcape-r-20k/batch_0/
2026-04-21 18:17:06,230 - INFO - Loading dataset from: /tmp/vcape-dataset-cache/vcape-s-20k
2026-04-21 18:17:13,513 - INFO - Dataset loaded: 20000 samples, columns: ['xsource_image', 'xtarget_image', 'product_type', 'object_description', 'label', 'rejection_reason', 'pose', 'input_prompt']
2026-04-21 18:17:13,518 - INFO - Dataset shuffled with seed=42
2026-04-21 18:17:13,519 - INFO - Submitting batch jobs 0–19 ...
2026-04-21 18:17:13,533 - INFO - Found credentials in shared credentials file: ~/.aws/credentials
2026-04-21 18:17:13,626 - INFO - Submitting job: vcape-s-20k-batch-0
2026-04-21 18:17:13,627 - INFO -   Input:  s3://autoqa-neurips/2026/bedrock_input_datasets/vcape-s-20k/batch_0.jsonl
2026-04-21 18:17:13,627 - INFO -   Output: s3://autoqa-neurips/2026/bedrock_output_datasets/vcape-s-20k/batch_0/
2026-04-21 18:17:49,713 - INFO - Loading dataset from: /tmp/vcape-dataset-cache/vcape-r-20k
2026-04-21 18:17:56,941 - INFO - Dataset loaded: 20000 samples, columns: ['xsource_image', 'xtarget_image', 'object_description', 'product_type', 'pose', 'input_prompt', 'label', 'rejection_reason']
2026-04-21 18:17:56,952 - INFO - Dataset shuffled with seed=42
2026-04-21 18:17:56,953 - INFO - Submitting batch jobs 0–19 ...
2026-04-21 18:17:56,969 - INFO - Found credentials in shared credentials file: ~/.aws/credentials
2026-04-21 18:17:57,053 - INFO - Submitting job: vcape-r-20k-batch-0
2026-04-21 18:17:57,053 - INFO -   Input:  s3://autoqa-neurips/2026/bedrock_input_datasets/vcape-r-20k/batch_0.jsonl
2026-04-21 18:17:57,053 - INFO -   Output: s3://autoqa-neurips/2026/bedrock_output_datasets/vcape-r-20k/batch_0/
2026-04-21 18:18:00,598 - INFO - Loading dataset from: /tmp/vcape-dataset-cache/vcape-s-20k
2026-04-21 18:18:08,135 - INFO - Dataset loaded: 20000 samples, columns: ['xsource_image', 'xtarget_image', 'product_type', 'object_description', 'label', 'rejection_reason', 'pose', 'input_prompt']
2026-04-21 18:18:08,140 - INFO - Dataset shuffled with seed=42
2026-04-21 18:18:08,140 - INFO - Submitting batch jobs 0–19 ...
2026-04-21 18:18:08,153 - INFO - Found credentials in shared credentials file: ~/.aws/credentials
2026-04-21 18:18:08,247 - INFO - Submitting job: vcape-s-20k-batch-0
2026-04-21 18:18:08,247 - INFO -   Input:  s3://autoqa-neurips/2026/bedrock_input_datasets/vcape-s-20k/batch_0.jsonl
2026-04-21 18:18:08,247 - INFO -   Output: s3://autoqa-neurips/2026/bedrock_output_datasets/vcape-s-20k/batch_0/
2026-04-21 18:19:57,866 - INFO - Loading dataset from: /tmp/vcape-dataset-cache/vcape-r-20k
2026-04-21 18:20:04,352 - INFO - Dataset loaded: 20000 samples, columns: ['xsource_image', 'xtarget_image', 'object_description', 'product_type', 'pose', 'input_prompt', 'label', 'rejection_reason']
2026-04-21 18:20:04,357 - INFO - Dataset shuffled with seed=42
2026-04-21 18:20:04,357 - INFO - Submitting batch jobs 0–19 ...
2026-04-21 18:20:04,367 - INFO - Found credentials in shared credentials file: ~/.aws/credentials
2026-04-21 18:20:04,522 - INFO - Submitting job: vcape-r-20k-batch-0-2026-04-21-18-20-04
2026-04-21 18:20:04,523 - INFO -   Input:  s3://autoqa-neurips/2026/bedrock_input_datasets/vcape-r-20k/batch_0.jsonl
2026-04-21 18:20:04,524 - INFO -   Output: s3://autoqa-neurips/2026/bedrock_output_datasets/vcape-r-20k/batch_0/
2026-04-21 18:20:06,015 - INFO -   JobArn: arn:aws:bedrock:us-east-1:398875891240:model-invocation-job/r3vwot4ysmvy
2026-04-21 18:20:06,015 - INFO - Submitting job: vcape-r-20k-batch-1-2026-04-21-18-20-04
2026-04-21 18:20:06,015 - INFO -   Input:  s3://autoqa-neurips/2026/bedrock_input_datasets/vcape-r-20k/batch_1.jsonl
2026-04-21 18:20:06,015 - INFO -   Output: s3://autoqa-neurips/2026/bedrock_output_datasets/vcape-r-20k/batch_1/
2026-04-21 18:20:07,208 - INFO -   JobArn: arn:aws:bedrock:us-east-1:398875891240:model-invocation-job/u09e9jynhzxs
2026-04-21 18:20:07,209 - INFO - Submitting job: vcape-r-20k-batch-2-2026-04-21-18-20-04
2026-04-21 18:20:07,209 - INFO -   Input:  s3://autoqa-neurips/2026/bedrock_input_datasets/vcape-r-20k/batch_2.jsonl
2026-04-21 18:20:07,209 - INFO -   Output: s3://autoqa-neurips/2026/bedrock_output_datasets/vcape-r-20k/batch_2/
2026-04-21 18:20:08,167 - INFO -   JobArn: arn:aws:bedrock:us-east-1:398875891240:model-invocation-job/rkfvkyzl41rb
2026-04-21 18:20:08,167 - INFO - Submitting job: vcape-r-20k-batch-3-2026-04-21-18-20-04
2026-04-21 18:20:08,167 - INFO -   Input:  s3://autoqa-neurips/2026/bedrock_input_datasets/vcape-r-20k/batch_3.jsonl
2026-04-21 18:20:08,167 - INFO -   Output: s3://autoqa-neurips/2026/bedrock_output_datasets/vcape-r-20k/batch_3/
2026-04-21 18:20:09,143 - INFO -   JobArn: arn:aws:bedrock:us-east-1:398875891240:model-invocation-job/yv4yr5bjk225
2026-04-21 18:20:09,144 - INFO - Submitting job: vcape-r-20k-batch-4-2026-04-21-18-20-04
2026-04-21 18:20:09,144 - INFO -   Input:  s3://autoqa-neurips/2026/bedrock_input_datasets/vcape-r-20k/batch_4.jsonl
2026-04-21 18:20:09,144 - INFO -   Output: s3://autoqa-neurips/2026/bedrock_output_datasets/vcape-r-20k/batch_4/
2026-04-21 18:20:10,116 - INFO -   JobArn: arn:aws:bedrock:us-east-1:398875891240:model-invocation-job/hwn3xjtyx4wn
2026-04-21 18:20:10,117 - INFO - Submitting job: vcape-r-20k-batch-5-2026-04-21-18-20-04
2026-04-21 18:20:10,117 - INFO -   Input:  s3://autoqa-neurips/2026/bedrock_input_datasets/vcape-r-20k/batch_5.jsonl
2026-04-21 18:20:10,117 - INFO -   Output: s3://autoqa-neurips/2026/bedrock_output_datasets/vcape-r-20k/batch_5/
2026-04-21 18:20:11,169 - INFO -   JobArn: arn:aws:bedrock:us-east-1:398875891240:model-invocation-job/9nfwpq4hpvuf
2026-04-21 18:20:11,170 - INFO - Submitting job: vcape-r-20k-batch-6-2026-04-21-18-20-04
2026-04-21 18:20:11,170 - INFO -   Input:  s3://autoqa-neurips/2026/bedrock_input_datasets/vcape-r-20k/batch_6.jsonl
2026-04-21 18:20:11,170 - INFO -   Output: s3://autoqa-neurips/2026/bedrock_output_datasets/vcape-r-20k/batch_6/
2026-04-21 18:20:12,302 - INFO -   JobArn: arn:aws:bedrock:us-east-1:398875891240:model-invocation-job/j9w3b7o6dxme
2026-04-21 18:20:12,303 - INFO - Submitting job: vcape-r-20k-batch-7-2026-04-21-18-20-04
2026-04-21 18:20:12,303 - INFO -   Input:  s3://autoqa-neurips/2026/bedrock_input_datasets/vcape-r-20k/batch_7.jsonl
2026-04-21 18:20:12,304 - INFO -   Output: s3://autoqa-neurips/2026/bedrock_output_datasets/vcape-r-20k/batch_7/
2026-04-21 18:20:13,283 - INFO -   JobArn: arn:aws:bedrock:us-east-1:398875891240:model-invocation-job/mjiwlwe59bw6
2026-04-21 18:20:13,283 - INFO - Submitting job: vcape-r-20k-batch-8-2026-04-21-18-20-04
2026-04-21 18:20:13,283 - INFO -   Input:  s3://autoqa-neurips/2026/bedrock_input_datasets/vcape-r-20k/batch_8.jsonl
2026-04-21 18:20:13,283 - INFO -   Output: s3://autoqa-neurips/2026/bedrock_output_datasets/vcape-r-20k/batch_8/
2026-04-21 18:20:14,306 - INFO -   JobArn: arn:aws:bedrock:us-east-1:398875891240:model-invocation-job/18pd3us4ci4a
2026-04-21 18:20:14,309 - INFO - Submitting job: vcape-r-20k-batch-9-2026-04-21-18-20-04
2026-04-21 18:20:14,309 - INFO -   Input:  s3://autoqa-neurips/2026/bedrock_input_datasets/vcape-r-20k/batch_9.jsonl
2026-04-21 18:20:14,309 - INFO -   Output: s3://autoqa-neurips/2026/bedrock_output_datasets/vcape-r-20k/batch_9/
2026-04-21 18:20:15,351 - INFO -   JobArn: arn:aws:bedrock:us-east-1:398875891240:model-invocation-job/p5xnsett2yxt
2026-04-21 18:20:15,351 - INFO - Submitting job: vcape-r-20k-batch-10-2026-04-21-18-20-04
2026-04-21 18:20:15,351 - INFO -   Input:  s3://autoqa-neurips/2026/bedrock_input_datasets/vcape-r-20k/batch_10.jsonl
2026-04-21 18:20:15,351 - INFO -   Output: s3://autoqa-neurips/2026/bedrock_output_datasets/vcape-r-20k/batch_10/
2026-04-21 18:20:16,353 - INFO -   JobArn: arn:aws:bedrock:us-east-1:398875891240:model-invocation-job/92l5f7p0yiuw
2026-04-21 18:20:16,353 - INFO - Submitting job: vcape-r-20k-batch-11-2026-04-21-18-20-04
2026-04-21 18:20:16,353 - INFO -   Input:  s3://autoqa-neurips/2026/bedrock_input_datasets/vcape-r-20k/batch_11.jsonl
2026-04-21 18:20:16,353 - INFO -   Output: s3://autoqa-neurips/2026/bedrock_output_datasets/vcape-r-20k/batch_11/
2026-04-21 18:20:17,447 - INFO -   JobArn: arn:aws:bedrock:us-east-1:398875891240:model-invocation-job/skkboqs67wj1
2026-04-21 18:20:17,447 - INFO - Submitting job: vcape-r-20k-batch-12-2026-04-21-18-20-04
2026-04-21 18:20:17,447 - INFO -   Input:  s3://autoqa-neurips/2026/bedrock_input_datasets/vcape-r-20k/batch_12.jsonl
2026-04-21 18:20:17,447 - INFO -   Output: s3://autoqa-neurips/2026/bedrock_output_datasets/vcape-r-20k/batch_12/
2026-04-21 18:20:18,515 - INFO -   JobArn: arn:aws:bedrock:us-east-1:398875891240:model-invocation-job/k9ksfit3zj62
2026-04-21 18:20:18,515 - INFO - Submitting job: vcape-r-20k-batch-13-2026-04-21-18-20-04
2026-04-21 18:20:18,515 - INFO -   Input:  s3://autoqa-neurips/2026/bedrock_input_datasets/vcape-r-20k/batch_13.jsonl
2026-04-21 18:20:18,515 - INFO -   Output: s3://autoqa-neurips/2026/bedrock_output_datasets/vcape-r-20k/batch_13/
2026-04-21 18:20:19,508 - INFO -   JobArn: arn:aws:bedrock:us-east-1:398875891240:model-invocation-job/nxl3n651ytdd
2026-04-21 18:20:19,508 - INFO - Submitting job: vcape-r-20k-batch-14-2026-04-21-18-20-04
2026-04-21 18:20:19,508 - INFO -   Input:  s3://autoqa-neurips/2026/bedrock_input_datasets/vcape-r-20k/batch_14.jsonl
2026-04-21 18:20:19,509 - INFO -   Output: s3://autoqa-neurips/2026/bedrock_output_datasets/vcape-r-20k/batch_14/
2026-04-21 18:20:20,427 - INFO -   JobArn: arn:aws:bedrock:us-east-1:398875891240:model-invocation-job/4h0txoxc5ne3
2026-04-21 18:20:20,428 - INFO - Submitting job: vcape-r-20k-batch-15-2026-04-21-18-20-04
2026-04-21 18:20:20,428 - INFO -   Input:  s3://autoqa-neurips/2026/bedrock_input_datasets/vcape-r-20k/batch_15.jsonl
2026-04-21 18:20:20,428 - INFO -   Output: s3://autoqa-neurips/2026/bedrock_output_datasets/vcape-r-20k/batch_15/
2026-04-21 18:20:21,350 - INFO -   JobArn: arn:aws:bedrock:us-east-1:398875891240:model-invocation-job/sg623c5vmugo
2026-04-21 18:20:21,351 - INFO - Submitting job: vcape-r-20k-batch-16-2026-04-21-18-20-04
2026-04-21 18:20:21,351 - INFO -   Input:  s3://autoqa-neurips/2026/bedrock_input_datasets/vcape-r-20k/batch_16.jsonl
2026-04-21 18:20:21,351 - INFO -   Output: s3://autoqa-neurips/2026/bedrock_output_datasets/vcape-r-20k/batch_16/
2026-04-21 18:20:22,256 - INFO -   JobArn: arn:aws:bedrock:us-east-1:398875891240:model-invocation-job/109vvgb06xed
2026-04-21 18:20:22,257 - INFO - Submitting job: vcape-r-20k-batch-17-2026-04-21-18-20-04
2026-04-21 18:20:22,257 - INFO -   Input:  s3://autoqa-neurips/2026/bedrock_input_datasets/vcape-r-20k/batch_17.jsonl
2026-04-21 18:20:22,257 - INFO -   Output: s3://autoqa-neurips/2026/bedrock_output_datasets/vcape-r-20k/batch_17/
2026-04-21 18:20:23,204 - INFO -   JobArn: arn:aws:bedrock:us-east-1:398875891240:model-invocation-job/dbp7javoz6bd
2026-04-21 18:20:23,204 - INFO - Submitting job: vcape-r-20k-batch-18-2026-04-21-18-20-04
2026-04-21 18:20:23,204 - INFO -   Input:  s3://autoqa-neurips/2026/bedrock_input_datasets/vcape-r-20k/batch_18.jsonl
2026-04-21 18:20:23,204 - INFO -   Output: s3://autoqa-neurips/2026/bedrock_output_datasets/vcape-r-20k/batch_18/
2026-04-21 18:20:24,071 - INFO -   JobArn: arn:aws:bedrock:us-east-1:398875891240:model-invocation-job/0jp9qpr792oe
2026-04-21 18:20:24,071 - INFO - Submitting job: vcape-r-20k-batch-19-2026-04-21-18-20-04
2026-04-21 18:20:24,071 - INFO -   Input:  s3://autoqa-neurips/2026/bedrock_input_datasets/vcape-r-20k/batch_19.jsonl
2026-04-21 18:20:24,071 - INFO -   Output: s3://autoqa-neurips/2026/bedrock_output_datasets/vcape-r-20k/batch_19/
2026-04-21 18:20:25,076 - INFO -   JobArn: arn:aws:bedrock:us-east-1:398875891240:model-invocation-job/3uggkcydmtbm
2026-04-21 18:20:25,082 - INFO - All jobs submitted.
2026-04-21 18:20:26,929 - INFO - Loading dataset from: /tmp/vcape-dataset-cache/vcape-s-20k
2026-04-21 18:20:34,643 - INFO - Dataset loaded: 20000 samples, columns: ['xsource_image', 'xtarget_image', 'product_type', 'object_description', 'label', 'rejection_reason', 'pose', 'input_prompt']
2026-04-21 18:20:34,648 - INFO - Dataset shuffled with seed=42
2026-04-21 18:20:34,648 - INFO - Submitting batch jobs 0–19 ...
2026-04-21 18:20:34,658 - INFO - Found credentials in shared credentials file: ~/.aws/credentials
2026-04-21 18:20:34,738 - INFO - Submitting job: vcape-s-20k-batch-0-2026-04-21-18-20-34
2026-04-21 18:20:34,738 - INFO -   Input:  s3://autoqa-neurips/2026/bedrock_input_datasets/vcape-s-20k/batch_0.jsonl
2026-04-21 18:20:34,738 - INFO -   Output: s3://autoqa-neurips/2026/bedrock_output_datasets/vcape-s-20k/batch_0/
2026-04-21 18:20:35,964 - INFO -   JobArn: arn:aws:bedrock:us-east-1:398875891240:model-invocation-job/a3n94q5jmz1w
2026-04-21 18:20:35,965 - INFO - Submitting job: vcape-s-20k-batch-1-2026-04-21-18-20-34
2026-04-21 18:20:35,965 - INFO -   Input:  s3://autoqa-neurips/2026/bedrock_input_datasets/vcape-s-20k/batch_1.jsonl
2026-04-21 18:20:35,965 - INFO -   Output: s3://autoqa-neurips/2026/bedrock_output_datasets/vcape-s-20k/batch_1/
2026-04-21 18:20:36,873 - INFO -   JobArn: arn:aws:bedrock:us-east-1:398875891240:model-invocation-job/qixas2c69bs4
2026-04-21 18:20:36,874 - INFO - Submitting job: vcape-s-20k-batch-2-2026-04-21-18-20-34
2026-04-21 18:20:36,874 - INFO -   Input:  s3://autoqa-neurips/2026/bedrock_input_datasets/vcape-s-20k/batch_2.jsonl
2026-04-21 18:20:36,874 - INFO -   Output: s3://autoqa-neurips/2026/bedrock_output_datasets/vcape-s-20k/batch_2/
2026-04-21 18:20:37,958 - INFO -   JobArn: arn:aws:bedrock:us-east-1:398875891240:model-invocation-job/ui3g632zvu7o
2026-04-21 18:20:37,959 - INFO - Submitting job: vcape-s-20k-batch-3-2026-04-21-18-20-34
2026-04-21 18:20:37,959 - INFO -   Input:  s3://autoqa-neurips/2026/bedrock_input_datasets/vcape-s-20k/batch_3.jsonl
2026-04-21 18:20:37,959 - INFO -   Output: s3://autoqa-neurips/2026/bedrock_output_datasets/vcape-s-20k/batch_3/
2026-04-21 18:20:38,942 - INFO -   JobArn: arn:aws:bedrock:us-east-1:398875891240:model-invocation-job/ukcwl9m7s5o9
2026-04-21 18:20:38,942 - INFO - Submitting job: vcape-s-20k-batch-4-2026-04-21-18-20-34
2026-04-21 18:20:38,943 - INFO -   Input:  s3://autoqa-neurips/2026/bedrock_input_datasets/vcape-s-20k/batch_4.jsonl
2026-04-21 18:20:38,943 - INFO -   Output: s3://autoqa-neurips/2026/bedrock_output_datasets/vcape-s-20k/batch_4/
2026-04-21 18:20:39,852 - INFO -   JobArn: arn:aws:bedrock:us-east-1:398875891240:model-invocation-job/vlz690558fu4
2026-04-21 18:20:39,852 - INFO - Submitting job: vcape-s-20k-batch-5-2026-04-21-18-20-34
2026-04-21 18:20:39,853 - INFO -   Input:  s3://autoqa-neurips/2026/bedrock_input_datasets/vcape-s-20k/batch_5.jsonl
2026-04-21 18:20:39,853 - INFO -   Output: s3://autoqa-neurips/2026/bedrock_output_datasets/vcape-s-20k/batch_5/
2026-04-21 18:20:40,786 - INFO -   JobArn: arn:aws:bedrock:us-east-1:398875891240:model-invocation-job/v0gcjwdo4b9q
2026-04-21 18:20:40,786 - INFO - Submitting job: vcape-s-20k-batch-6-2026-04-21-18-20-34
2026-04-21 18:20:40,786 - INFO -   Input:  s3://autoqa-neurips/2026/bedrock_input_datasets/vcape-s-20k/batch_6.jsonl
2026-04-21 18:20:40,786 - INFO -   Output: s3://autoqa-neurips/2026/bedrock_output_datasets/vcape-s-20k/batch_6/
2026-04-21 18:20:41,702 - INFO -   JobArn: arn:aws:bedrock:us-east-1:398875891240:model-invocation-job/9rkjy9v1sark
2026-04-21 18:20:41,702 - INFO - Submitting job: vcape-s-20k-batch-7-2026-04-21-18-20-34
2026-04-21 18:20:41,702 - INFO -   Input:  s3://autoqa-neurips/2026/bedrock_input_datasets/vcape-s-20k/batch_7.jsonl
2026-04-21 18:20:41,702 - INFO -   Output: s3://autoqa-neurips/2026/bedrock_output_datasets/vcape-s-20k/batch_7/
2026-04-21 18:20:42,590 - INFO -   JobArn: arn:aws:bedrock:us-east-1:398875891240:model-invocation-job/pfmplv793kdj
2026-04-21 18:20:42,591 - INFO - Submitting job: vcape-s-20k-batch-8-2026-04-21-18-20-34
2026-04-21 18:20:42,591 - INFO -   Input:  s3://autoqa-neurips/2026/bedrock_input_datasets/vcape-s-20k/batch_8.jsonl
2026-04-21 18:20:42,591 - INFO -   Output: s3://autoqa-neurips/2026/bedrock_output_datasets/vcape-s-20k/batch_8/
2026-04-21 18:20:43,467 - INFO -   JobArn: arn:aws:bedrock:us-east-1:398875891240:model-invocation-job/dnpfkxltrnp3
2026-04-21 18:20:43,468 - INFO - Submitting job: vcape-s-20k-batch-9-2026-04-21-18-20-34
2026-04-21 18:20:43,468 - INFO -   Input:  s3://autoqa-neurips/2026/bedrock_input_datasets/vcape-s-20k/batch_9.jsonl
2026-04-21 18:20:43,468 - INFO -   Output: s3://autoqa-neurips/2026/bedrock_output_datasets/vcape-s-20k/batch_9/
2026-04-21 18:20:44,479 - INFO -   JobArn: arn:aws:bedrock:us-east-1:398875891240:model-invocation-job/bhu7enmu76u0
2026-04-21 18:20:44,480 - INFO - Submitting job: vcape-s-20k-batch-10-2026-04-21-18-20-34
2026-04-21 18:20:44,480 - INFO -   Input:  s3://autoqa-neurips/2026/bedrock_input_datasets/vcape-s-20k/batch_10.jsonl
2026-04-21 18:20:44,480 - INFO -   Output: s3://autoqa-neurips/2026/bedrock_output_datasets/vcape-s-20k/batch_10/
2026-04-21 18:20:45,533 - INFO -   JobArn: arn:aws:bedrock:us-east-1:398875891240:model-invocation-job/zas2lwjiohrj
2026-04-21 18:20:45,533 - INFO - Submitting job: vcape-s-20k-batch-11-2026-04-21-18-20-34
2026-04-21 18:20:45,534 - INFO -   Input:  s3://autoqa-neurips/2026/bedrock_input_datasets/vcape-s-20k/batch_11.jsonl
2026-04-21 18:20:45,534 - INFO -   Output: s3://autoqa-neurips/2026/bedrock_output_datasets/vcape-s-20k/batch_11/
2026-04-21 18:20:46,467 - INFO -   JobArn: arn:aws:bedrock:us-east-1:398875891240:model-invocation-job/ccaj4pxhas4h
2026-04-21 18:20:46,467 - INFO - Submitting job: vcape-s-20k-batch-12-2026-04-21-18-20-34
2026-04-21 18:20:46,467 - INFO -   Input:  s3://autoqa-neurips/2026/bedrock_input_datasets/vcape-s-20k/batch_12.jsonl
2026-04-21 18:20:46,467 - INFO -   Output: s3://autoqa-neurips/2026/bedrock_output_datasets/vcape-s-20k/batch_12/
2026-04-21 18:20:47,329 - INFO -   JobArn: arn:aws:bedrock:us-east-1:398875891240:model-invocation-job/o05inayu30il
2026-04-21 18:20:47,330 - INFO - Submitting job: vcape-s-20k-batch-13-2026-04-21-18-20-34
2026-04-21 18:20:47,330 - INFO -   Input:  s3://autoqa-neurips/2026/bedrock_input_datasets/vcape-s-20k/batch_13.jsonl
2026-04-21 18:20:47,330 - INFO -   Output: s3://autoqa-neurips/2026/bedrock_output_datasets/vcape-s-20k/batch_13/
2026-04-21 18:20:48,249 - INFO -   JobArn: arn:aws:bedrock:us-east-1:398875891240:model-invocation-job/qdtw2o34lwbn
2026-04-21 18:20:48,249 - INFO - Submitting job: vcape-s-20k-batch-14-2026-04-21-18-20-34
2026-04-21 18:20:48,249 - INFO -   Input:  s3://autoqa-neurips/2026/bedrock_input_datasets/vcape-s-20k/batch_14.jsonl
2026-04-21 18:20:48,249 - INFO -   Output: s3://autoqa-neurips/2026/bedrock_output_datasets/vcape-s-20k/batch_14/
2026-04-21 18:20:49,177 - INFO -   JobArn: arn:aws:bedrock:us-east-1:398875891240:model-invocation-job/507oevuj0ibj
2026-04-21 18:20:49,177 - INFO - Submitting job: vcape-s-20k-batch-15-2026-04-21-18-20-34
2026-04-21 18:20:49,178 - INFO -   Input:  s3://autoqa-neurips/2026/bedrock_input_datasets/vcape-s-20k/batch_15.jsonl
2026-04-21 18:20:49,178 - INFO -   Output: s3://autoqa-neurips/2026/bedrock_output_datasets/vcape-s-20k/batch_15/
2026-04-21 18:20:50,184 - INFO -   JobArn: arn:aws:bedrock:us-east-1:398875891240:model-invocation-job/my1nj0ur4gyi
2026-04-21 18:20:50,184 - INFO - Submitting job: vcape-s-20k-batch-16-2026-04-21-18-20-34
2026-04-21 18:20:50,184 - INFO -   Input:  s3://autoqa-neurips/2026/bedrock_input_datasets/vcape-s-20k/batch_16.jsonl
2026-04-21 18:20:50,184 - INFO -   Output: s3://autoqa-neurips/2026/bedrock_output_datasets/vcape-s-20k/batch_16/
2026-04-21 18:20:51,072 - INFO -   JobArn: arn:aws:bedrock:us-east-1:398875891240:model-invocation-job/8kq0csqlu7of
2026-04-21 18:20:51,072 - INFO - Submitting job: vcape-s-20k-batch-17-2026-04-21-18-20-34
2026-04-21 18:20:51,072 - INFO -   Input:  s3://autoqa-neurips/2026/bedrock_input_datasets/vcape-s-20k/batch_17.jsonl
2026-04-21 18:20:51,072 - INFO -   Output: s3://autoqa-neurips/2026/bedrock_output_datasets/vcape-s-20k/batch_17/
2026-04-21 18:20:51,917 - INFO -   JobArn: arn:aws:bedrock:us-east-1:398875891240:model-invocation-job/bgzzro03uzjg
2026-04-21 18:20:51,917 - INFO - Submitting job: vcape-s-20k-batch-18-2026-04-21-18-20-34
2026-04-21 18:20:51,917 - INFO -   Input:  s3://autoqa-neurips/2026/bedrock_input_datasets/vcape-s-20k/batch_18.jsonl
2026-04-21 18:20:51,917 - INFO -   Output: s3://autoqa-neurips/2026/bedrock_output_datasets/vcape-s-20k/batch_18/
2026-04-21 18:20:52,929 - INFO -   JobArn: arn:aws:bedrock:us-east-1:398875891240:model-invocation-job/r4ljf85chi1o
2026-04-21 18:20:52,930 - INFO - Submitting job: vcape-s-20k-batch-19-2026-04-21-18-20-34
2026-04-21 18:20:52,930 - INFO -   Input:  s3://autoqa-neurips/2026/bedrock_input_datasets/vcape-s-20k/batch_19.jsonl
2026-04-21 18:20:52,930 - INFO -   Output: s3://autoqa-neurips/2026/bedrock_output_datasets/vcape-s-20k/batch_19/
2026-04-21 18:20:53,881 - INFO -   JobArn: arn:aws:bedrock:us-east-1:398875891240:model-invocation-job/s8sbk14cdnqv
2026-04-21 18:20:53,883 - INFO - All jobs submitted.
2026-04-21 18:29:58,274 - INFO - Loading dataset from: /tmp/vcape-dataset-cache/vcape-r-20k
2026-04-21 18:30:06,774 - INFO - Dataset loaded: 20000 samples, columns: ['xsource_image', 'xtarget_image', 'object_description', 'product_type', 'pose', 'input_prompt', 'label', 'rejection_reason']
2026-04-21 18:30:06,780 - INFO - Dataset shuffled with seed=42
2026-04-21 18:30:06,781 - INFO - Submitting batch jobs 0–19 ...
2026-04-21 18:30:06,793 - INFO - Found credentials in shared credentials file: ~/.aws/credentials
2026-04-21 18:30:06,942 - INFO - Submitting job: vcape-r-20k-batch-0-2026-04-21-18-30-06
2026-04-21 18:30:07,011 - INFO -   Input:  s3://autoqa-neurips/2026/bedrock_input_datasets/vcape-r-20k/batch_0.jsonl
2026-04-21 18:30:07,016 - INFO -   Output: s3://autoqa-neurips/2026/bedrock_output_datasets/vcape-r-20k/batch_0/
2026-04-21 18:30:08,773 - INFO - Loading dataset from: /tmp/vcape-dataset-cache/vcape-s-20k
2026-04-21 18:30:16,481 - INFO - Dataset loaded: 20000 samples, columns: ['xsource_image', 'xtarget_image', 'product_type', 'object_description', 'label', 'rejection_reason', 'pose', 'input_prompt']
2026-04-21 18:30:16,485 - INFO - Dataset shuffled with seed=42
2026-04-21 18:30:16,485 - INFO - Submitting batch jobs 0–19 ...
2026-04-21 18:30:16,495 - INFO - Found credentials in shared credentials file: ~/.aws/credentials
2026-04-21 18:30:16,588 - INFO - Submitting job: vcape-s-20k-batch-0-2026-04-21-18-30-16
2026-04-21 18:30:16,588 - INFO -   Input:  s3://autoqa-neurips/2026/bedrock_input_datasets/vcape-s-20k/batch_0.jsonl
2026-04-21 18:30:16,588 - INFO -   Output: s3://autoqa-neurips/2026/bedrock_output_datasets/vcape-s-20k/batch_0/
2026-04-21 18:36:03,477 - INFO - Loading dataset from: /tmp/vcape-dataset-cache/vcape-r-20k
2026-04-21 18:36:11,495 - INFO - Dataset loaded: 20000 samples, columns: ['xsource_image', 'xtarget_image', 'object_description', 'product_type', 'pose', 'input_prompt', 'label', 'rejection_reason']
2026-04-21 18:36:11,500 - INFO - Dataset shuffled with seed=42
2026-04-21 18:36:11,500 - INFO - Submitting batch jobs 0–19 ...
2026-04-21 18:36:11,513 - INFO - Found credentials in shared credentials file: ~/.aws/credentials
2026-04-21 18:36:11,626 - INFO - Submitting job: vcape-r-20k-batch-0-2026-04-21-18-36-11
2026-04-21 18:36:11,627 - INFO -   Input:  s3://autoqa-neurips/2026/bedrock_input_datasets/vcape-r-20k/batch_0.jsonl
2026-04-21 18:36:11,627 - INFO -   Output: s3://autoqa-neurips/2026/bedrock_output_datasets/vcape-r-20k/batch_0/
2026-04-21 18:36:13,087 - INFO -   JobArn: arn:aws:bedrock:us-east-1:398875891240:model-invocation-job/hl2bewpludmy
2026-04-21 18:36:13,087 - INFO - Submitting job: vcape-r-20k-batch-1-2026-04-21-18-36-11
2026-04-21 18:36:13,087 - INFO -   Input:  s3://autoqa-neurips/2026/bedrock_input_datasets/vcape-r-20k/batch_1.jsonl
2026-04-21 18:36:13,087 - INFO -   Output: s3://autoqa-neurips/2026/bedrock_output_datasets/vcape-r-20k/batch_1/
2026-04-21 18:36:14,235 - INFO -   JobArn: arn:aws:bedrock:us-east-1:398875891240:model-invocation-job/9vrackdysup2
2026-04-21 18:36:14,235 - INFO - Submitting job: vcape-r-20k-batch-2-2026-04-21-18-36-11
2026-04-21 18:36:14,235 - INFO -   Input:  s3://autoqa-neurips/2026/bedrock_input_datasets/vcape-r-20k/batch_2.jsonl
2026-04-21 18:36:14,236 - INFO -   Output: s3://autoqa-neurips/2026/bedrock_output_datasets/vcape-r-20k/batch_2/
2026-04-21 18:36:15,312 - INFO -   JobArn: arn:aws:bedrock:us-east-1:398875891240:model-invocation-job/wkbknvaunxfg
2026-04-21 18:36:15,312 - INFO - Submitting job: vcape-r-20k-batch-3-2026-04-21-18-36-11
2026-04-21 18:36:15,312 - INFO -   Input:  s3://autoqa-neurips/2026/bedrock_input_datasets/vcape-r-20k/batch_3.jsonl
2026-04-21 18:36:15,312 - INFO -   Output: s3://autoqa-neurips/2026/bedrock_output_datasets/vcape-r-20k/batch_3/
2026-04-21 18:36:16,376 - INFO -   JobArn: arn:aws:bedrock:us-east-1:398875891240:model-invocation-job/e6qfwnv9foey
2026-04-21 18:36:16,376 - INFO - Submitting job: vcape-r-20k-batch-4-2026-04-21-18-36-11
2026-04-21 18:36:16,376 - INFO -   Input:  s3://autoqa-neurips/2026/bedrock_input_datasets/vcape-r-20k/batch_4.jsonl
2026-04-21 18:36:16,376 - INFO -   Output: s3://autoqa-neurips/2026/bedrock_output_datasets/vcape-r-20k/batch_4/
2026-04-21 18:36:17,477 - INFO -   JobArn: arn:aws:bedrock:us-east-1:398875891240:model-invocation-job/ma440p7xgztu
2026-04-21 18:36:17,477 - INFO - Submitting job: vcape-r-20k-batch-5-2026-04-21-18-36-11
2026-04-21 18:36:17,477 - INFO -   Input:  s3://autoqa-neurips/2026/bedrock_input_datasets/vcape-r-20k/batch_5.jsonl
2026-04-21 18:36:17,478 - INFO -   Output: s3://autoqa-neurips/2026/bedrock_output_datasets/vcape-r-20k/batch_5/
2026-04-21 18:36:18,659 - INFO -   JobArn: arn:aws:bedrock:us-east-1:398875891240:model-invocation-job/txe7gsmkdttl
2026-04-21 18:36:18,659 - INFO - Submitting job: vcape-r-20k-batch-6-2026-04-21-18-36-11
2026-04-21 18:36:18,659 - INFO -   Input:  s3://autoqa-neurips/2026/bedrock_input_datasets/vcape-r-20k/batch_6.jsonl
2026-04-21 18:36:18,659 - INFO -   Output: s3://autoqa-neurips/2026/bedrock_output_datasets/vcape-r-20k/batch_6/
2026-04-21 18:36:19,778 - INFO -   JobArn: arn:aws:bedrock:us-east-1:398875891240:model-invocation-job/mzt3uvt0wh2y
2026-04-21 18:36:19,779 - INFO - Submitting job: vcape-r-20k-batch-7-2026-04-21-18-36-11
2026-04-21 18:36:19,779 - INFO -   Input:  s3://autoqa-neurips/2026/bedrock_input_datasets/vcape-r-20k/batch_7.jsonl
2026-04-21 18:36:19,779 - INFO -   Output: s3://autoqa-neurips/2026/bedrock_output_datasets/vcape-r-20k/batch_7/
2026-04-21 18:36:20,918 - INFO -   JobArn: arn:aws:bedrock:us-east-1:398875891240:model-invocation-job/jhthmsugyqcb
2026-04-21 18:36:20,918 - INFO - Submitting job: vcape-r-20k-batch-8-2026-04-21-18-36-11
2026-04-21 18:36:20,918 - INFO -   Input:  s3://autoqa-neurips/2026/bedrock_input_datasets/vcape-r-20k/batch_8.jsonl
2026-04-21 18:36:20,919 - INFO -   Output: s3://autoqa-neurips/2026/bedrock_output_datasets/vcape-r-20k/batch_8/
2026-04-21 18:36:22,005 - INFO -   JobArn: arn:aws:bedrock:us-east-1:398875891240:model-invocation-job/wqc3spanzx3v
2026-04-21 18:36:22,005 - INFO - Submitting job: vcape-r-20k-batch-9-2026-04-21-18-36-11
2026-04-21 18:36:22,005 - INFO -   Input:  s3://autoqa-neurips/2026/bedrock_input_datasets/vcape-r-20k/batch_9.jsonl
2026-04-21 18:36:22,005 - INFO -   Output: s3://autoqa-neurips/2026/bedrock_output_datasets/vcape-r-20k/batch_9/
2026-04-21 18:36:23,070 - INFO -   JobArn: arn:aws:bedrock:us-east-1:398875891240:model-invocation-job/yb4g6smtp53y
2026-04-21 18:36:23,070 - INFO - Submitting job: vcape-r-20k-batch-10-2026-04-21-18-36-11
2026-04-21 18:36:23,070 - INFO -   Input:  s3://autoqa-neurips/2026/bedrock_input_datasets/vcape-r-20k/batch_10.jsonl
2026-04-21 18:36:23,070 - INFO -   Output: s3://autoqa-neurips/2026/bedrock_output_datasets/vcape-r-20k/batch_10/
2026-04-21 18:36:24,086 - INFO -   JobArn: arn:aws:bedrock:us-east-1:398875891240:model-invocation-job/zpw4gil79v0t
2026-04-21 18:36:24,087 - INFO - Submitting job: vcape-r-20k-batch-11-2026-04-21-18-36-11
2026-04-21 18:36:24,087 - INFO -   Input:  s3://autoqa-neurips/2026/bedrock_input_datasets/vcape-r-20k/batch_11.jsonl
2026-04-21 18:36:24,087 - INFO -   Output: s3://autoqa-neurips/2026/bedrock_output_datasets/vcape-r-20k/batch_11/
2026-04-21 18:36:25,122 - INFO -   JobArn: arn:aws:bedrock:us-east-1:398875891240:model-invocation-job/16mleez39efv
2026-04-21 18:36:25,123 - INFO - Submitting job: vcape-r-20k-batch-12-2026-04-21-18-36-11
2026-04-21 18:36:25,123 - INFO -   Input:  s3://autoqa-neurips/2026/bedrock_input_datasets/vcape-r-20k/batch_12.jsonl
2026-04-21 18:36:25,123 - INFO -   Output: s3://autoqa-neurips/2026/bedrock_output_datasets/vcape-r-20k/batch_12/
2026-04-21 18:36:26,312 - INFO -   JobArn: arn:aws:bedrock:us-east-1:398875891240:model-invocation-job/wx3urg5koigr
2026-04-21 18:36:26,312 - INFO - Submitting job: vcape-r-20k-batch-13-2026-04-21-18-36-11
2026-04-21 18:36:26,312 - INFO -   Input:  s3://autoqa-neurips/2026/bedrock_input_datasets/vcape-r-20k/batch_13.jsonl
2026-04-21 18:36:26,312 - INFO -   Output: s3://autoqa-neurips/2026/bedrock_output_datasets/vcape-r-20k/batch_13/
2026-04-21 18:36:27,426 - INFO -   JobArn: arn:aws:bedrock:us-east-1:398875891240:model-invocation-job/fgmqmoyzhw9m
2026-04-21 18:36:27,427 - INFO - Submitting job: vcape-r-20k-batch-14-2026-04-21-18-36-11
2026-04-21 18:36:27,428 - INFO -   Input:  s3://autoqa-neurips/2026/bedrock_input_datasets/vcape-r-20k/batch_14.jsonl
2026-04-21 18:36:27,428 - INFO -   Output: s3://autoqa-neurips/2026/bedrock_output_datasets/vcape-r-20k/batch_14/
2026-04-21 18:36:28,507 - INFO -   JobArn: arn:aws:bedrock:us-east-1:398875891240:model-invocation-job/dqc9yg6101cx
2026-04-21 18:36:28,507 - INFO - Submitting job: vcape-r-20k-batch-15-2026-04-21-18-36-11
2026-04-21 18:36:28,507 - INFO -   Input:  s3://autoqa-neurips/2026/bedrock_input_datasets/vcape-r-20k/batch_15.jsonl
2026-04-21 18:36:28,507 - INFO -   Output: s3://autoqa-neurips/2026/bedrock_output_datasets/vcape-r-20k/batch_15/
2026-04-21 18:36:29,561 - INFO -   JobArn: arn:aws:bedrock:us-east-1:398875891240:model-invocation-job/l2kzof5jql6x
2026-04-21 18:36:29,561 - INFO - Submitting job: vcape-r-20k-batch-16-2026-04-21-18-36-11
2026-04-21 18:36:29,561 - INFO -   Input:  s3://autoqa-neurips/2026/bedrock_input_datasets/vcape-r-20k/batch_16.jsonl
2026-04-21 18:36:29,561 - INFO -   Output: s3://autoqa-neurips/2026/bedrock_output_datasets/vcape-r-20k/batch_16/
2026-04-21 18:36:30,673 - INFO -   JobArn: arn:aws:bedrock:us-east-1:398875891240:model-invocation-job/usnsqv8izc5j
2026-04-21 18:36:30,673 - INFO - Submitting job: vcape-r-20k-batch-17-2026-04-21-18-36-11
2026-04-21 18:36:30,673 - INFO -   Input:  s3://autoqa-neurips/2026/bedrock_input_datasets/vcape-r-20k/batch_17.jsonl
2026-04-21 18:36:30,673 - INFO -   Output: s3://autoqa-neurips/2026/bedrock_output_datasets/vcape-r-20k/batch_17/
2026-04-21 18:36:31,776 - INFO -   JobArn: arn:aws:bedrock:us-east-1:398875891240:model-invocation-job/5dihx8tsexhv
2026-04-21 18:36:31,776 - INFO - Submitting job: vcape-r-20k-batch-18-2026-04-21-18-36-11
2026-04-21 18:36:31,776 - INFO -   Input:  s3://autoqa-neurips/2026/bedrock_input_datasets/vcape-r-20k/batch_18.jsonl
2026-04-21 18:36:31,776 - INFO -   Output: s3://autoqa-neurips/2026/bedrock_output_datasets/vcape-r-20k/batch_18/
2026-04-21 18:36:32,905 - INFO -   JobArn: arn:aws:bedrock:us-east-1:398875891240:model-invocation-job/rg1ke9xypj1j
2026-04-21 18:36:32,906 - INFO - Submitting job: vcape-r-20k-batch-19-2026-04-21-18-36-11
2026-04-21 18:36:32,906 - INFO -   Input:  s3://autoqa-neurips/2026/bedrock_input_datasets/vcape-r-20k/batch_19.jsonl
2026-04-21 18:36:32,906 - INFO -   Output: s3://autoqa-neurips/2026/bedrock_output_datasets/vcape-r-20k/batch_19/
2026-04-21 18:36:34,046 - INFO -   JobArn: arn:aws:bedrock:us-east-1:398875891240:model-invocation-job/qrhezytasrmy
2026-04-21 18:36:34,048 - INFO - All jobs submitted.
2026-04-21 18:36:35,674 - INFO - Loading dataset from: /tmp/vcape-dataset-cache/vcape-s-20k
2026-04-21 18:36:44,149 - INFO - Dataset loaded: 20000 samples, columns: ['xsource_image', 'xtarget_image', 'product_type', 'object_description', 'label', 'rejection_reason', 'pose', 'input_prompt']
2026-04-21 18:36:44,156 - INFO - Dataset shuffled with seed=42
2026-04-21 18:36:44,157 - INFO - Submitting batch jobs 0–19 ...
2026-04-21 18:36:44,172 - INFO - Found credentials in shared credentials file: ~/.aws/credentials
2026-04-21 18:36:44,269 - INFO - Submitting job: vcape-s-20k-batch-0-2026-04-21-18-36-44
2026-04-21 18:36:44,269 - INFO -   Input:  s3://autoqa-neurips/2026/bedrock_input_datasets/vcape-s-20k/batch_0.jsonl
2026-04-21 18:36:44,269 - INFO -   Output: s3://autoqa-neurips/2026/bedrock_output_datasets/vcape-s-20k/batch_0/
2026-04-21 18:36:45,588 - INFO -   JobArn: arn:aws:bedrock:us-east-1:398875891240:model-invocation-job/x4pz19nnihf4
2026-04-21 18:36:45,589 - INFO - Submitting job: vcape-s-20k-batch-1-2026-04-21-18-36-44
2026-04-21 18:36:45,589 - INFO -   Input:  s3://autoqa-neurips/2026/bedrock_input_datasets/vcape-s-20k/batch_1.jsonl
2026-04-21 18:36:45,589 - INFO -   Output: s3://autoqa-neurips/2026/bedrock_output_datasets/vcape-s-20k/batch_1/
2026-04-21 18:36:46,702 - INFO -   JobArn: arn:aws:bedrock:us-east-1:398875891240:model-invocation-job/egf9g6u3fcv9
2026-04-21 18:36:46,702 - INFO - Submitting job: vcape-s-20k-batch-2-2026-04-21-18-36-44
2026-04-21 18:36:46,702 - INFO -   Input:  s3://autoqa-neurips/2026/bedrock_input_datasets/vcape-s-20k/batch_2.jsonl
2026-04-21 18:36:46,702 - INFO -   Output: s3://autoqa-neurips/2026/bedrock_output_datasets/vcape-s-20k/batch_2/
2026-04-21 18:36:47,760 - INFO -   JobArn: arn:aws:bedrock:us-east-1:398875891240:model-invocation-job/53k6vpp0bbfa
2026-04-21 18:36:47,760 - INFO - Submitting job: vcape-s-20k-batch-3-2026-04-21-18-36-44
2026-04-21 18:36:47,760 - INFO -   Input:  s3://autoqa-neurips/2026/bedrock_input_datasets/vcape-s-20k/batch_3.jsonl
2026-04-21 18:36:47,760 - INFO -   Output: s3://autoqa-neurips/2026/bedrock_output_datasets/vcape-s-20k/batch_3/
2026-04-21 18:36:48,845 - INFO -   JobArn: arn:aws:bedrock:us-east-1:398875891240:model-invocation-job/0z20j34qbval
2026-04-21 18:36:48,846 - INFO - Submitting job: vcape-s-20k-batch-4-2026-04-21-18-36-44
2026-04-21 18:36:48,846 - INFO -   Input:  s3://autoqa-neurips/2026/bedrock_input_datasets/vcape-s-20k/batch_4.jsonl
2026-04-21 18:36:48,846 - INFO -   Output: s3://autoqa-neurips/2026/bedrock_output_datasets/vcape-s-20k/batch_4/
2026-04-21 18:36:49,885 - INFO -   JobArn: arn:aws:bedrock:us-east-1:398875891240:model-invocation-job/a34puwztompy
2026-04-21 18:36:49,886 - INFO - Submitting job: vcape-s-20k-batch-5-2026-04-21-18-36-44
2026-04-21 18:36:49,886 - INFO -   Input:  s3://autoqa-neurips/2026/bedrock_input_datasets/vcape-s-20k/batch_5.jsonl
2026-04-21 18:36:49,886 - INFO -   Output: s3://autoqa-neurips/2026/bedrock_output_datasets/vcape-s-20k/batch_5/
2026-04-21 18:36:50,941 - INFO -   JobArn: arn:aws:bedrock:us-east-1:398875891240:model-invocation-job/lmrpdv60m5rh
2026-04-21 18:36:50,941 - INFO - Submitting job: vcape-s-20k-batch-6-2026-04-21-18-36-44
2026-04-21 18:36:50,941 - INFO -   Input:  s3://autoqa-neurips/2026/bedrock_input_datasets/vcape-s-20k/batch_6.jsonl
2026-04-21 18:36:50,941 - INFO -   Output: s3://autoqa-neurips/2026/bedrock_output_datasets/vcape-s-20k/batch_6/
2026-04-21 18:36:52,060 - INFO -   JobArn: arn:aws:bedrock:us-east-1:398875891240:model-invocation-job/nnem0m20nn5f
2026-04-21 18:36:52,061 - INFO - Submitting job: vcape-s-20k-batch-7-2026-04-21-18-36-44
2026-04-21 18:36:52,061 - INFO -   Input:  s3://autoqa-neurips/2026/bedrock_input_datasets/vcape-s-20k/batch_7.jsonl
2026-04-21 18:36:52,061 - INFO -   Output: s3://autoqa-neurips/2026/bedrock_output_datasets/vcape-s-20k/batch_7/
2026-04-21 18:36:53,132 - INFO -   JobArn: arn:aws:bedrock:us-east-1:398875891240:model-invocation-job/k5ccz920calh
2026-04-21 18:36:53,132 - INFO - Submitting job: vcape-s-20k-batch-8-2026-04-21-18-36-44
2026-04-21 18:36:53,132 - INFO -   Input:  s3://autoqa-neurips/2026/bedrock_input_datasets/vcape-s-20k/batch_8.jsonl
2026-04-21 18:36:53,132 - INFO -   Output: s3://autoqa-neurips/2026/bedrock_output_datasets/vcape-s-20k/batch_8/
2026-04-21 18:36:54,232 - INFO -   JobArn: arn:aws:bedrock:us-east-1:398875891240:model-invocation-job/4pap632xc3s0
2026-04-21 18:36:54,233 - INFO - Submitting job: vcape-s-20k-batch-9-2026-04-21-18-36-44
2026-04-21 18:36:54,233 - INFO -   Input:  s3://autoqa-neurips/2026/bedrock_input_datasets/vcape-s-20k/batch_9.jsonl
2026-04-21 18:36:54,233 - INFO -   Output: s3://autoqa-neurips/2026/bedrock_output_datasets/vcape-s-20k/batch_9/
2026-04-21 18:36:55,344 - INFO -   JobArn: arn:aws:bedrock:us-east-1:398875891240:model-invocation-job/nmnja3vvl2m9
2026-04-21 18:36:55,344 - INFO - Submitting job: vcape-s-20k-batch-10-2026-04-21-18-36-44
2026-04-21 18:36:55,344 - INFO -   Input:  s3://autoqa-neurips/2026/bedrock_input_datasets/vcape-s-20k/batch_10.jsonl
2026-04-21 18:36:55,344 - INFO -   Output: s3://autoqa-neurips/2026/bedrock_output_datasets/vcape-s-20k/batch_10/
2026-04-21 18:36:56,485 - INFO -   JobArn: arn:aws:bedrock:us-east-1:398875891240:model-invocation-job/o5c1rqa6308x
2026-04-21 18:36:56,485 - INFO - Submitting job: vcape-s-20k-batch-11-2026-04-21-18-36-44
2026-04-21 18:36:56,486 - INFO -   Input:  s3://autoqa-neurips/2026/bedrock_input_datasets/vcape-s-20k/batch_11.jsonl
2026-04-21 18:36:56,486 - INFO -   Output: s3://autoqa-neurips/2026/bedrock_output_datasets/vcape-s-20k/batch_11/
2026-04-21 18:36:57,622 - INFO -   JobArn: arn:aws:bedrock:us-east-1:398875891240:model-invocation-job/svcqkpvvvhoo
2026-04-21 18:36:57,622 - INFO - Submitting job: vcape-s-20k-batch-12-2026-04-21-18-36-44
2026-04-21 18:36:57,622 - INFO -   Input:  s3://autoqa-neurips/2026/bedrock_input_datasets/vcape-s-20k/batch_12.jsonl
2026-04-21 18:36:57,622 - INFO -   Output: s3://autoqa-neurips/2026/bedrock_output_datasets/vcape-s-20k/batch_12/
2026-04-21 18:36:58,698 - INFO -   JobArn: arn:aws:bedrock:us-east-1:398875891240:model-invocation-job/8z8m2z8od2yp
2026-04-21 18:36:58,699 - INFO - Submitting job: vcape-s-20k-batch-13-2026-04-21-18-36-44
2026-04-21 18:36:58,699 - INFO -   Input:  s3://autoqa-neurips/2026/bedrock_input_datasets/vcape-s-20k/batch_13.jsonl
2026-04-21 18:36:58,699 - INFO -   Output: s3://autoqa-neurips/2026/bedrock_output_datasets/vcape-s-20k/batch_13/
2026-04-21 18:36:59,701 - INFO -   JobArn: arn:aws:bedrock:us-east-1:398875891240:model-invocation-job/m26u8tc1kl21
2026-04-21 18:36:59,701 - INFO - Submitting job: vcape-s-20k-batch-14-2026-04-21-18-36-44
2026-04-21 18:36:59,701 - INFO -   Input:  s3://autoqa-neurips/2026/bedrock_input_datasets/vcape-s-20k/batch_14.jsonl
2026-04-21 18:36:59,701 - INFO -   Output: s3://autoqa-neurips/2026/bedrock_output_datasets/vcape-s-20k/batch_14/
2026-04-21 18:37:00,833 - INFO -   JobArn: arn:aws:bedrock:us-east-1:398875891240:model-invocation-job/hxzrkcvijlso
2026-04-21 18:37:00,834 - INFO - Submitting job: vcape-s-20k-batch-15-2026-04-21-18-36-44
2026-04-21 18:37:00,834 - INFO -   Input:  s3://autoqa-neurips/2026/bedrock_input_datasets/vcape-s-20k/batch_15.jsonl
2026-04-21 18:37:00,834 - INFO -   Output: s3://autoqa-neurips/2026/bedrock_output_datasets/vcape-s-20k/batch_15/
2026-04-21 18:37:01,910 - INFO -   JobArn: arn:aws:bedrock:us-east-1:398875891240:model-invocation-job/si9xlhm7821d
2026-04-21 18:37:01,910 - INFO - Submitting job: vcape-s-20k-batch-16-2026-04-21-18-36-44
2026-04-21 18:37:01,911 - INFO -   Input:  s3://autoqa-neurips/2026/bedrock_input_datasets/vcape-s-20k/batch_16.jsonl
2026-04-21 18:37:01,911 - INFO -   Output: s3://autoqa-neurips/2026/bedrock_output_datasets/vcape-s-20k/batch_16/
2026-04-21 18:37:02,952 - INFO -   JobArn: arn:aws:bedrock:us-east-1:398875891240:model-invocation-job/bu1lfbqkmakj
2026-04-21 18:37:02,953 - INFO - Submitting job: vcape-s-20k-batch-17-2026-04-21-18-36-44
2026-04-21 18:37:02,953 - INFO -   Input:  s3://autoqa-neurips/2026/bedrock_input_datasets/vcape-s-20k/batch_17.jsonl
2026-04-21 18:37:02,953 - INFO -   Output: s3://autoqa-neurips/2026/bedrock_output_datasets/vcape-s-20k/batch_17/
2026-04-21 18:37:03,975 - INFO -   JobArn: arn:aws:bedrock:us-east-1:398875891240:model-invocation-job/own019kc14bf
2026-04-21 18:37:03,976 - INFO - Submitting job: vcape-s-20k-batch-18-2026-04-21-18-36-44
2026-04-21 18:37:03,976 - INFO -   Input:  s3://autoqa-neurips/2026/bedrock_input_datasets/vcape-s-20k/batch_18.jsonl
2026-04-21 18:37:03,977 - INFO -   Output: s3://autoqa-neurips/2026/bedrock_output_datasets/vcape-s-20k/batch_18/
2026-04-21 18:37:05,107 - INFO -   JobArn: arn:aws:bedrock:us-east-1:398875891240:model-invocation-job/t5yj6twjd4hs
2026-04-21 18:37:05,107 - INFO - Submitting job: vcape-s-20k-batch-19-2026-04-21-18-36-44
2026-04-21 18:37:05,107 - INFO -   Input:  s3://autoqa-neurips/2026/bedrock_input_datasets/vcape-s-20k/batch_19.jsonl
2026-04-21 18:37:05,107 - INFO -   Output: s3://autoqa-neurips/2026/bedrock_output_datasets/vcape-s-20k/batch_19/
2026-04-21 18:37:06,139 - INFO -   JobArn: arn:aws:bedrock:us-east-1:398875891240:model-invocation-job/d2x13fuoao9p
2026-04-21 18:37:06,142 - INFO - All jobs submitted.
2026-04-22 09:25:16,390 - INFO - Loading dataset from: /tmp/vcape-dataset-cache/vcape-r-20k
2026-04-22 09:25:23,008 - INFO - Dataset loaded: 20000 samples, columns: ['xsource_image', 'xtarget_image', 'object_description', 'product_type', 'pose', 'input_prompt', 'label', 'rejection_reason']
2026-04-22 09:25:23,012 - INFO - Dataset shuffled with seed=42
2026-04-22 09:25:23,012 - INFO - Submitting batch jobs 0–19 ...
2026-04-22 09:25:23,020 - INFO - Found credentials in shared credentials file: ~/.aws/credentials
2026-04-22 09:25:23,102 - INFO - Submitting job: vcape-r-20k-batch-0-2026-04-22-09-25-23
2026-04-22 09:25:23,102 - INFO -   Input:  s3://autoqa-neurips/2026/bedrock_input_datasets/vcape-r-20k/batch_0.jsonl
2026-04-22 09:25:23,102 - INFO -   Output: s3://autoqa-neurips/2026/bedrock_output_datasets/vcape-r-20k/batch_0/
2026-04-22 09:25:24,522 - INFO -   JobArn: arn:aws:bedrock:us-east-1:398875891240:model-invocation-job/udboda7jot9w
2026-04-22 09:25:24,522 - INFO - Submitting job: vcape-r-20k-batch-1-2026-04-22-09-25-23
2026-04-22 09:25:24,522 - INFO -   Input:  s3://autoqa-neurips/2026/bedrock_input_datasets/vcape-r-20k/batch_1.jsonl
2026-04-22 09:25:24,522 - INFO -   Output: s3://autoqa-neurips/2026/bedrock_output_datasets/vcape-r-20k/batch_1/
2026-04-22 09:25:25,493 - INFO -   JobArn: arn:aws:bedrock:us-east-1:398875891240:model-invocation-job/t48qebu9997y
2026-04-22 09:25:25,493 - INFO - Submitting job: vcape-r-20k-batch-2-2026-04-22-09-25-23
2026-04-22 09:25:25,494 - INFO -   Input:  s3://autoqa-neurips/2026/bedrock_input_datasets/vcape-r-20k/batch_2.jsonl
2026-04-22 09:25:25,494 - INFO -   Output: s3://autoqa-neurips/2026/bedrock_output_datasets/vcape-r-20k/batch_2/
2026-04-22 09:25:26,375 - INFO -   JobArn: arn:aws:bedrock:us-east-1:398875891240:model-invocation-job/hbvo4uqtr64d
2026-04-22 09:25:26,375 - INFO - Submitting job: vcape-r-20k-batch-3-2026-04-22-09-25-23
2026-04-22 09:25:26,375 - INFO -   Input:  s3://autoqa-neurips/2026/bedrock_input_datasets/vcape-r-20k/batch_3.jsonl
2026-04-22 09:25:26,375 - INFO -   Output: s3://autoqa-neurips/2026/bedrock_output_datasets/vcape-r-20k/batch_3/
2026-04-22 09:25:27,269 - INFO -   JobArn: arn:aws:bedrock:us-east-1:398875891240:model-invocation-job/zgnnwro1qxl5
2026-04-22 09:25:27,270 - INFO - Submitting job: vcape-r-20k-batch-4-2026-04-22-09-25-23
2026-04-22 09:25:27,270 - INFO -   Input:  s3://autoqa-neurips/2026/bedrock_input_datasets/vcape-r-20k/batch_4.jsonl
2026-04-22 09:25:27,270 - INFO -   Output: s3://autoqa-neurips/2026/bedrock_output_datasets/vcape-r-20k/batch_4/
2026-04-22 09:25:28,225 - INFO -   JobArn: arn:aws:bedrock:us-east-1:398875891240:model-invocation-job/gp3ol7paa892
2026-04-22 09:25:28,225 - INFO - Submitting job: vcape-r-20k-batch-5-2026-04-22-09-25-23
2026-04-22 09:25:28,226 - INFO -   Input:  s3://autoqa-neurips/2026/bedrock_input_datasets/vcape-r-20k/batch_5.jsonl
2026-04-22 09:25:28,226 - INFO -   Output: s3://autoqa-neurips/2026/bedrock_output_datasets/vcape-r-20k/batch_5/
2026-04-22 09:25:29,106 - INFO -   JobArn: arn:aws:bedrock:us-east-1:398875891240:model-invocation-job/9xrpqfkohqt0
2026-04-22 09:25:29,106 - INFO - Submitting job: vcape-r-20k-batch-6-2026-04-22-09-25-23
2026-04-22 09:25:29,106 - INFO -   Input:  s3://autoqa-neurips/2026/bedrock_input_datasets/vcape-r-20k/batch_6.jsonl
2026-04-22 09:25:29,106 - INFO -   Output: s3://autoqa-neurips/2026/bedrock_output_datasets/vcape-r-20k/batch_6/
2026-04-22 09:25:30,118 - INFO -   JobArn: arn:aws:bedrock:us-east-1:398875891240:model-invocation-job/btoiws4ex7z5
2026-04-22 09:25:30,118 - INFO - Submitting job: vcape-r-20k-batch-7-2026-04-22-09-25-23
2026-04-22 09:25:30,118 - INFO -   Input:  s3://autoqa-neurips/2026/bedrock_input_datasets/vcape-r-20k/batch_7.jsonl
2026-04-22 09:25:30,118 - INFO -   Output: s3://autoqa-neurips/2026/bedrock_output_datasets/vcape-r-20k/batch_7/
2026-04-22 09:25:31,062 - INFO -   JobArn: arn:aws:bedrock:us-east-1:398875891240:model-invocation-job/ro07e0364h40
2026-04-22 09:25:31,062 - INFO - Submitting job: vcape-r-20k-batch-8-2026-04-22-09-25-23
2026-04-22 09:25:31,062 - INFO -   Input:  s3://autoqa-neurips/2026/bedrock_input_datasets/vcape-r-20k/batch_8.jsonl
2026-04-22 09:25:31,062 - INFO -   Output: s3://autoqa-neurips/2026/bedrock_output_datasets/vcape-r-20k/batch_8/
2026-04-22 09:25:31,926 - INFO -   JobArn: arn:aws:bedrock:us-east-1:398875891240:model-invocation-job/70c103lmko1x
2026-04-22 09:25:31,927 - INFO - Submitting job: vcape-r-20k-batch-9-2026-04-22-09-25-23
2026-04-22 09:25:31,927 - INFO -   Input:  s3://autoqa-neurips/2026/bedrock_input_datasets/vcape-r-20k/batch_9.jsonl
2026-04-22 09:25:31,927 - INFO -   Output: s3://autoqa-neurips/2026/bedrock_output_datasets/vcape-r-20k/batch_9/
2026-04-22 09:25:32,918 - INFO -   JobArn: arn:aws:bedrock:us-east-1:398875891240:model-invocation-job/llosomdzyh0z
2026-04-22 09:25:32,918 - INFO - Submitting job: vcape-r-20k-batch-10-2026-04-22-09-25-23
2026-04-22 09:25:32,919 - INFO -   Input:  s3://autoqa-neurips/2026/bedrock_input_datasets/vcape-r-20k/batch_10.jsonl
2026-04-22 09:25:32,919 - INFO -   Output: s3://autoqa-neurips/2026/bedrock_output_datasets/vcape-r-20k/batch_10/
2026-04-22 09:25:33,857 - INFO -   JobArn: arn:aws:bedrock:us-east-1:398875891240:model-invocation-job/0tkp44j0hpou
2026-04-22 09:25:33,857 - INFO - Submitting job: vcape-r-20k-batch-11-2026-04-22-09-25-23
2026-04-22 09:25:33,858 - INFO -   Input:  s3://autoqa-neurips/2026/bedrock_input_datasets/vcape-r-20k/batch_11.jsonl
2026-04-22 09:25:33,858 - INFO -   Output: s3://autoqa-neurips/2026/bedrock_output_datasets/vcape-r-20k/batch_11/
2026-04-22 09:25:34,745 - INFO -   JobArn: arn:aws:bedrock:us-east-1:398875891240:model-invocation-job/tdipilbb001o
2026-04-22 09:25:34,745 - INFO - Submitting job: vcape-r-20k-batch-12-2026-04-22-09-25-23
2026-04-22 09:25:34,745 - INFO -   Input:  s3://autoqa-neurips/2026/bedrock_input_datasets/vcape-r-20k/batch_12.jsonl
2026-04-22 09:25:34,745 - INFO -   Output: s3://autoqa-neurips/2026/bedrock_output_datasets/vcape-r-20k/batch_12/
2026-04-22 09:25:35,704 - INFO -   JobArn: arn:aws:bedrock:us-east-1:398875891240:model-invocation-job/byjld8v87hzx
2026-04-22 09:25:35,705 - INFO - Submitting job: vcape-r-20k-batch-13-2026-04-22-09-25-23
2026-04-22 09:25:35,705 - INFO -   Input:  s3://autoqa-neurips/2026/bedrock_input_datasets/vcape-r-20k/batch_13.jsonl
2026-04-22 09:25:35,705 - INFO -   Output: s3://autoqa-neurips/2026/bedrock_output_datasets/vcape-r-20k/batch_13/
2026-04-22 09:25:36,686 - INFO -   JobArn: arn:aws:bedrock:us-east-1:398875891240:model-invocation-job/ehzvptc4xbux
2026-04-22 09:25:36,686 - INFO - Submitting job: vcape-r-20k-batch-14-2026-04-22-09-25-23
2026-04-22 09:25:36,686 - INFO -   Input:  s3://autoqa-neurips/2026/bedrock_input_datasets/vcape-r-20k/batch_14.jsonl
2026-04-22 09:25:36,686 - INFO -   Output: s3://autoqa-neurips/2026/bedrock_output_datasets/vcape-r-20k/batch_14/
2026-04-22 09:25:37,651 - INFO -   JobArn: arn:aws:bedrock:us-east-1:398875891240:model-invocation-job/rbi0oepqru87
2026-04-22 09:25:37,651 - INFO - Submitting job: vcape-r-20k-batch-15-2026-04-22-09-25-23
2026-04-22 09:25:37,651 - INFO -   Input:  s3://autoqa-neurips/2026/bedrock_input_datasets/vcape-r-20k/batch_15.jsonl
2026-04-22 09:25:37,651 - INFO -   Output: s3://autoqa-neurips/2026/bedrock_output_datasets/vcape-r-20k/batch_15/
2026-04-22 09:25:38,556 - INFO -   JobArn: arn:aws:bedrock:us-east-1:398875891240:model-invocation-job/gmf7k0395rgj
2026-04-22 09:25:38,557 - INFO - Submitting job: vcape-r-20k-batch-16-2026-04-22-09-25-23
2026-04-22 09:25:38,557 - INFO -   Input:  s3://autoqa-neurips/2026/bedrock_input_datasets/vcape-r-20k/batch_16.jsonl
2026-04-22 09:25:38,557 - INFO -   Output: s3://autoqa-neurips/2026/bedrock_output_datasets/vcape-r-20k/batch_16/
2026-04-22 09:25:39,455 - INFO -   JobArn: arn:aws:bedrock:us-east-1:398875891240:model-invocation-job/h8xgu3x6z98v
2026-04-22 09:25:39,455 - INFO - Submitting job: vcape-r-20k-batch-17-2026-04-22-09-25-23
2026-04-22 09:25:39,455 - INFO -   Input:  s3://autoqa-neurips/2026/bedrock_input_datasets/vcape-r-20k/batch_17.jsonl
2026-04-22 09:25:39,455 - INFO -   Output: s3://autoqa-neurips/2026/bedrock_output_datasets/vcape-r-20k/batch_17/
2026-04-22 09:25:41,318 - INFO -   JobArn: arn:aws:bedrock:us-east-1:398875891240:model-invocation-job/km546p8cjqzt
2026-04-22 09:25:41,319 - INFO - Submitting job: vcape-r-20k-batch-18-2026-04-22-09-25-23
2026-04-22 09:25:41,319 - INFO -   Input:  s3://autoqa-neurips/2026/bedrock_input_datasets/vcape-r-20k/batch_18.jsonl
2026-04-22 09:25:41,319 - INFO -   Output: s3://autoqa-neurips/2026/bedrock_output_datasets/vcape-r-20k/batch_18/
2026-04-22 09:25:42,277 - INFO -   JobArn: arn:aws:bedrock:us-east-1:398875891240:model-invocation-job/y23yo783h92m
2026-04-22 09:25:42,279 - INFO - Submitting job: vcape-r-20k-batch-19-2026-04-22-09-25-23
2026-04-22 09:25:42,279 - INFO -   Input:  s3://autoqa-neurips/2026/bedrock_input_datasets/vcape-r-20k/batch_19.jsonl
2026-04-22 09:25:42,279 - INFO -   Output: s3://autoqa-neurips/2026/bedrock_output_datasets/vcape-r-20k/batch_19/
2026-04-22 09:25:43,134 - INFO -   JobArn: arn:aws:bedrock:us-east-1:398875891240:model-invocation-job/i95oiayqeows
2026-04-22 09:25:43,137 - INFO - All jobs submitted.
2026-04-22 09:25:45,056 - INFO - Loading dataset from: /tmp/vcape-dataset-cache/vcape-s-20k
2026-04-22 09:25:53,845 - INFO - Dataset loaded: 20000 samples, columns: ['xsource_image', 'xtarget_image', 'product_type', 'object_description', 'label', 'rejection_reason', 'pose', 'input_prompt']
2026-04-22 09:25:53,849 - INFO - Dataset shuffled with seed=42
2026-04-22 09:25:53,849 - INFO - Submitting batch jobs 0–19 ...
2026-04-22 09:25:53,865 - INFO - Found credentials in shared credentials file: ~/.aws/credentials
2026-04-22 09:25:53,977 - INFO - Submitting job: vcape-s-20k-batch-0-2026-04-22-09-25-53
2026-04-22 09:25:53,977 - INFO -   Input:  s3://autoqa-neurips/2026/bedrock_input_datasets/vcape-s-20k/batch_0.jsonl
2026-04-22 09:25:53,977 - INFO -   Output: s3://autoqa-neurips/2026/bedrock_output_datasets/vcape-s-20k/batch_0/
2026-04-22 09:25:55,087 - INFO -   JobArn: arn:aws:bedrock:us-east-1:398875891240:model-invocation-job/kg3q9lgmy4y4
2026-04-22 09:25:55,087 - INFO - Submitting job: vcape-s-20k-batch-1-2026-04-22-09-25-53
2026-04-22 09:25:55,087 - INFO -   Input:  s3://autoqa-neurips/2026/bedrock_input_datasets/vcape-s-20k/batch_1.jsonl
2026-04-22 09:25:55,087 - INFO -   Output: s3://autoqa-neurips/2026/bedrock_output_datasets/vcape-s-20k/batch_1/
2026-04-22 09:25:55,914 - INFO -   JobArn: arn:aws:bedrock:us-east-1:398875891240:model-invocation-job/ee0c1aouu7j3
2026-04-22 09:25:55,914 - INFO - Submitting job: vcape-s-20k-batch-2-2026-04-22-09-25-53
2026-04-22 09:25:55,914 - INFO -   Input:  s3://autoqa-neurips/2026/bedrock_input_datasets/vcape-s-20k/batch_2.jsonl
2026-04-22 09:25:55,915 - INFO -   Output: s3://autoqa-neurips/2026/bedrock_output_datasets/vcape-s-20k/batch_2/
2026-04-22 09:25:56,814 - INFO -   JobArn: arn:aws:bedrock:us-east-1:398875891240:model-invocation-job/0zjossfdycvj
2026-04-22 09:25:56,814 - INFO - Submitting job: vcape-s-20k-batch-3-2026-04-22-09-25-53
2026-04-22 09:25:56,814 - INFO -   Input:  s3://autoqa-neurips/2026/bedrock_input_datasets/vcape-s-20k/batch_3.jsonl
2026-04-22 09:25:56,814 - INFO -   Output: s3://autoqa-neurips/2026/bedrock_output_datasets/vcape-s-20k/batch_3/
2026-04-22 09:25:57,730 - INFO -   JobArn: arn:aws:bedrock:us-east-1:398875891240:model-invocation-job/hsdg79xqu83h
2026-04-22 09:25:57,731 - INFO - Submitting job: vcape-s-20k-batch-4-2026-04-22-09-25-53
2026-04-22 09:25:57,731 - INFO -   Input:  s3://autoqa-neurips/2026/bedrock_input_datasets/vcape-s-20k/batch_4.jsonl
2026-04-22 09:25:57,731 - INFO -   Output: s3://autoqa-neurips/2026/bedrock_output_datasets/vcape-s-20k/batch_4/
2026-04-22 09:25:58,649 - INFO -   JobArn: arn:aws:bedrock:us-east-1:398875891240:model-invocation-job/4c4hyxx2k091
2026-04-22 09:25:58,649 - INFO - Submitting job: vcape-s-20k-batch-5-2026-04-22-09-25-53
2026-04-22 09:25:58,649 - INFO -   Input:  s3://autoqa-neurips/2026/bedrock_input_datasets/vcape-s-20k/batch_5.jsonl
2026-04-22 09:25:58,649 - INFO -   Output: s3://autoqa-neurips/2026/bedrock_output_datasets/vcape-s-20k/batch_5/
2026-04-22 09:25:59,587 - INFO -   JobArn: arn:aws:bedrock:us-east-1:398875891240:model-invocation-job/i7fu9zxurdg6
2026-04-22 09:25:59,587 - INFO - Submitting job: vcape-s-20k-batch-6-2026-04-22-09-25-53
2026-04-22 09:25:59,587 - INFO -   Input:  s3://autoqa-neurips/2026/bedrock_input_datasets/vcape-s-20k/batch_6.jsonl
2026-04-22 09:25:59,587 - INFO -   Output: s3://autoqa-neurips/2026/bedrock_output_datasets/vcape-s-20k/batch_6/
2026-04-22 09:26:00,472 - INFO -   JobArn: arn:aws:bedrock:us-east-1:398875891240:model-invocation-job/b0ia9jayh2jc
2026-04-22 09:26:00,472 - INFO - Submitting job: vcape-s-20k-batch-7-2026-04-22-09-25-53
2026-04-22 09:26:00,472 - INFO -   Input:  s3://autoqa-neurips/2026/bedrock_input_datasets/vcape-s-20k/batch_7.jsonl
2026-04-22 09:26:00,472 - INFO -   Output: s3://autoqa-neurips/2026/bedrock_output_datasets/vcape-s-20k/batch_7/
2026-04-22 09:26:01,393 - INFO -   JobArn: arn:aws:bedrock:us-east-1:398875891240:model-invocation-job/1ejj2xsc31sj
2026-04-22 09:26:01,393 - INFO - Submitting job: vcape-s-20k-batch-8-2026-04-22-09-25-53
2026-04-22 09:26:01,393 - INFO -   Input:  s3://autoqa-neurips/2026/bedrock_input_datasets/vcape-s-20k/batch_8.jsonl
2026-04-22 09:26:01,394 - INFO -   Output: s3://autoqa-neurips/2026/bedrock_output_datasets/vcape-s-20k/batch_8/
2026-04-22 09:26:02,252 - INFO -   JobArn: arn:aws:bedrock:us-east-1:398875891240:model-invocation-job/zmdris24ufsy
2026-04-22 09:26:02,252 - INFO - Submitting job: vcape-s-20k-batch-9-2026-04-22-09-25-53
2026-04-22 09:26:02,253 - INFO -   Input:  s3://autoqa-neurips/2026/bedrock_input_datasets/vcape-s-20k/batch_9.jsonl
2026-04-22 09:26:02,253 - INFO -   Output: s3://autoqa-neurips/2026/bedrock_output_datasets/vcape-s-20k/batch_9/
2026-04-22 09:26:03,132 - INFO -   JobArn: arn:aws:bedrock:us-east-1:398875891240:model-invocation-job/2xl3xss4eppn
2026-04-22 09:26:03,132 - INFO - Submitting job: vcape-s-20k-batch-10-2026-04-22-09-25-53
2026-04-22 09:26:03,132 - INFO -   Input:  s3://autoqa-neurips/2026/bedrock_input_datasets/vcape-s-20k/batch_10.jsonl
2026-04-22 09:26:03,132 - INFO -   Output: s3://autoqa-neurips/2026/bedrock_output_datasets/vcape-s-20k/batch_10/
2026-04-22 09:26:03,927 - INFO -   JobArn: arn:aws:bedrock:us-east-1:398875891240:model-invocation-job/mopv32nu74jr
2026-04-22 09:26:03,927 - INFO - Submitting job: vcape-s-20k-batch-11-2026-04-22-09-25-53
2026-04-22 09:26:03,927 - INFO -   Input:  s3://autoqa-neurips/2026/bedrock_input_datasets/vcape-s-20k/batch_11.jsonl
2026-04-22 09:26:03,927 - INFO -   Output: s3://autoqa-neurips/2026/bedrock_output_datasets/vcape-s-20k/batch_11/
2026-04-22 09:26:04,718 - INFO -   JobArn: arn:aws:bedrock:us-east-1:398875891240:model-invocation-job/ph8wyps7up2o
2026-04-22 09:26:04,718 - INFO - Submitting job: vcape-s-20k-batch-12-2026-04-22-09-25-53
2026-04-22 09:26:04,718 - INFO -   Input:  s3://autoqa-neurips/2026/bedrock_input_datasets/vcape-s-20k/batch_12.jsonl
2026-04-22 09:26:04,718 - INFO -   Output: s3://autoqa-neurips/2026/bedrock_output_datasets/vcape-s-20k/batch_12/
2026-04-22 09:26:05,653 - INFO -   JobArn: arn:aws:bedrock:us-east-1:398875891240:model-invocation-job/i05b0etdidlr
2026-04-22 09:26:05,654 - INFO - Submitting job: vcape-s-20k-batch-13-2026-04-22-09-25-53
2026-04-22 09:26:05,654 - INFO -   Input:  s3://autoqa-neurips/2026/bedrock_input_datasets/vcape-s-20k/batch_13.jsonl
2026-04-22 09:26:05,655 - INFO -   Output: s3://autoqa-neurips/2026/bedrock_output_datasets/vcape-s-20k/batch_13/
2026-04-22 09:26:06,490 - INFO -   JobArn: arn:aws:bedrock:us-east-1:398875891240:model-invocation-job/cviznrpiva53
2026-04-22 09:26:06,491 - INFO - Submitting job: vcape-s-20k-batch-14-2026-04-22-09-25-53
2026-04-22 09:26:06,491 - INFO -   Input:  s3://autoqa-neurips/2026/bedrock_input_datasets/vcape-s-20k/batch_14.jsonl
2026-04-22 09:26:06,491 - INFO -   Output: s3://autoqa-neurips/2026/bedrock_output_datasets/vcape-s-20k/batch_14/
2026-04-22 09:26:07,366 - INFO -   JobArn: arn:aws:bedrock:us-east-1:398875891240:model-invocation-job/hipcbvz98tgu
2026-04-22 09:26:07,366 - INFO - Submitting job: vcape-s-20k-batch-15-2026-04-22-09-25-53
2026-04-22 09:26:07,366 - INFO -   Input:  s3://autoqa-neurips/2026/bedrock_input_datasets/vcape-s-20k/batch_15.jsonl
2026-04-22 09:26:07,366 - INFO -   Output: s3://autoqa-neurips/2026/bedrock_output_datasets/vcape-s-20k/batch_15/
2026-04-22 09:26:08,672 - INFO -   JobArn: arn:aws:bedrock:us-east-1:398875891240:model-invocation-job/kc2djcxke0j0
2026-04-22 09:26:08,673 - INFO - Submitting job: vcape-s-20k-batch-16-2026-04-22-09-25-53
2026-04-22 09:26:08,673 - INFO -   Input:  s3://autoqa-neurips/2026/bedrock_input_datasets/vcape-s-20k/batch_16.jsonl
2026-04-22 09:26:08,673 - INFO -   Output: s3://autoqa-neurips/2026/bedrock_output_datasets/vcape-s-20k/batch_16/
2026-04-22 09:26:09,558 - INFO -   JobArn: arn:aws:bedrock:us-east-1:398875891240:model-invocation-job/ylu8kc5axpgn
2026-04-22 09:26:09,558 - INFO - Submitting job: vcape-s-20k-batch-17-2026-04-22-09-25-53
2026-04-22 09:26:09,558 - INFO -   Input:  s3://autoqa-neurips/2026/bedrock_input_datasets/vcape-s-20k/batch_17.jsonl
2026-04-22 09:26:09,558 - INFO -   Output: s3://autoqa-neurips/2026/bedrock_output_datasets/vcape-s-20k/batch_17/
2026-04-22 09:26:10,433 - INFO -   JobArn: arn:aws:bedrock:us-east-1:398875891240:model-invocation-job/b44r2zvj34ai
2026-04-22 09:26:10,434 - INFO - Submitting job: vcape-s-20k-batch-18-2026-04-22-09-25-53
2026-04-22 09:26:10,434 - INFO -   Input:  s3://autoqa-neurips/2026/bedrock_input_datasets/vcape-s-20k/batch_18.jsonl
2026-04-22 09:26:10,434 - INFO -   Output: s3://autoqa-neurips/2026/bedrock_output_datasets/vcape-s-20k/batch_18/
2026-04-22 09:26:11,306 - INFO -   JobArn: arn:aws:bedrock:us-east-1:398875891240:model-invocation-job/fzgaf29f2pij
2026-04-22 09:26:11,307 - INFO - Submitting job: vcape-s-20k-batch-19-2026-04-22-09-25-53
2026-04-22 09:26:11,307 - INFO -   Input:  s3://autoqa-neurips/2026/bedrock_input_datasets/vcape-s-20k/batch_19.jsonl
2026-04-22 09:26:11,307 - INFO -   Output: s3://autoqa-neurips/2026/bedrock_output_datasets/vcape-s-20k/batch_19/
2026-04-22 09:26:13,212 - INFO -   JobArn: arn:aws:bedrock:us-east-1:398875891240:model-invocation-job/rrtolyie3s4f
2026-04-22 09:26:13,216 - INFO - All jobs submitted.
2026-04-22 15:06:28,007 - INFO - Loading dataset from: /tmp/vcape-dataset-cache/vcape-r-20k
2026-04-22 15:06:35,952 - INFO - Dataset loaded: 20000 samples, columns: ['xsource_image', 'xtarget_image', 'object_description', 'product_type', 'pose', 'input_prompt', 'label', 'rejection_reason']
2026-04-22 15:06:35,956 - INFO - Dataset shuffled with seed=42
2026-04-22 15:06:35,957 - INFO - Submitting batch jobs 0–19 ...
2026-04-22 15:06:35,968 - INFO - Found credentials in shared credentials file: ~/.aws/credentials
2026-04-22 15:06:36,102 - INFO - Submitting job: vcape-r-20k-batch-0-2026-04-22-15-06-36
2026-04-22 15:06:36,102 - INFO -   Input:  s3://autoqa-neurips/2026/bedrock_input_datasets/vcape-r-20k/batch_0.jsonl
2026-04-22 15:06:36,102 - INFO -   Output: s3://autoqa-neurips/2026/bedrock_output_datasets/vcape-r-20k/batch_0/
2026-04-22 15:06:38,422 - INFO - Loading dataset from: /tmp/vcape-dataset-cache/vcape-s-20k
2026-04-22 15:06:46,250 - INFO - Dataset loaded: 20000 samples, columns: ['xsource_image', 'xtarget_image', 'product_type', 'object_description', 'label', 'rejection_reason', 'pose', 'input_prompt']
2026-04-22 15:06:46,257 - INFO - Dataset shuffled with seed=42
2026-04-22 15:06:46,257 - INFO - Submitting batch jobs 0–19 ...
2026-04-22 15:06:46,266 - INFO - Found credentials in shared credentials file: ~/.aws/credentials
2026-04-22 15:06:46,342 - INFO - Submitting job: vcape-s-20k-batch-0-2026-04-22-15-06-46
2026-04-22 15:06:46,342 - INFO -   Input:  s3://autoqa-neurips/2026/bedrock_input_datasets/vcape-s-20k/batch_0.jsonl
2026-04-22 15:06:46,342 - INFO -   Output: s3://autoqa-neurips/2026/bedrock_output_datasets/vcape-s-20k/batch_0/
2026-04-22 15:06:57,065 - INFO - Loading dataset from: /tmp/vcape-dataset-cache/vcape-r-20k
2026-04-22 15:07:03,767 - INFO - Dataset loaded: 20000 samples, columns: ['xsource_image', 'xtarget_image', 'object_description', 'product_type', 'pose', 'input_prompt', 'label', 'rejection_reason']
2026-04-22 15:07:03,774 - INFO - Dataset shuffled with seed=42
2026-04-22 15:07:03,774 - INFO - Submitting batch jobs 0–19 ...
2026-04-22 15:07:03,790 - INFO - Found credentials in shared credentials file: ~/.aws/credentials
2026-04-22 15:07:03,882 - INFO - Submitting job: vcape-r-20k-batch-0-2026-04-22-15-07-03
2026-04-22 15:07:03,882 - INFO -   Input:  s3://autoqa-neurips/2026/bedrock_input_datasets/vcape-r-20k/batch_0.jsonl
2026-04-22 15:07:03,882 - INFO -   Output: s3://autoqa-neurips/2026/bedrock_output_datasets/vcape-r-20k/batch_0/
2026-04-22 15:07:04,985 - INFO -   JobArn: arn:aws:bedrock:us-east-1:398875891240:model-invocation-job/236ccnkz57wj
2026-04-22 15:07:04,985 - INFO - Submitting job: vcape-r-20k-batch-1-2026-04-22-15-07-03
2026-04-22 15:07:04,985 - INFO -   Input:  s3://autoqa-neurips/2026/bedrock_input_datasets/vcape-r-20k/batch_1.jsonl
2026-04-22 15:07:04,985 - INFO -   Output: s3://autoqa-neurips/2026/bedrock_output_datasets/vcape-r-20k/batch_1/
2026-04-22 15:07:05,882 - INFO -   JobArn: arn:aws:bedrock:us-east-1:398875891240:model-invocation-job/zlt1u9w6lj2r
2026-04-22 15:07:05,882 - INFO - Submitting job: vcape-r-20k-batch-2-2026-04-22-15-07-03
2026-04-22 15:07:05,882 - INFO -   Input:  s3://autoqa-neurips/2026/bedrock_input_datasets/vcape-r-20k/batch_2.jsonl
2026-04-22 15:07:05,882 - INFO -   Output: s3://autoqa-neurips/2026/bedrock_output_datasets/vcape-r-20k/batch_2/
2026-04-22 15:07:06,877 - INFO -   JobArn: arn:aws:bedrock:us-east-1:398875891240:model-invocation-job/s2lpda7mhiz8
2026-04-22 15:07:06,877 - INFO - Submitting job: vcape-r-20k-batch-3-2026-04-22-15-07-03
2026-04-22 15:07:06,877 - INFO -   Input:  s3://autoqa-neurips/2026/bedrock_input_datasets/vcape-r-20k/batch_3.jsonl
2026-04-22 15:07:06,877 - INFO -   Output: s3://autoqa-neurips/2026/bedrock_output_datasets/vcape-r-20k/batch_3/
2026-04-22 15:07:07,712 - INFO -   JobArn: arn:aws:bedrock:us-east-1:398875891240:model-invocation-job/ksol7k2mgjyy
2026-04-22 15:07:07,713 - INFO - Submitting job: vcape-r-20k-batch-4-2026-04-22-15-07-03
2026-04-22 15:07:07,713 - INFO -   Input:  s3://autoqa-neurips/2026/bedrock_input_datasets/vcape-r-20k/batch_4.jsonl
2026-04-22 15:07:07,713 - INFO -   Output: s3://autoqa-neurips/2026/bedrock_output_datasets/vcape-r-20k/batch_4/
2026-04-22 15:07:08,564 - INFO -   JobArn: arn:aws:bedrock:us-east-1:398875891240:model-invocation-job/rkpzbstzkk4c
2026-04-22 15:07:08,565 - INFO - Submitting job: vcape-r-20k-batch-5-2026-04-22-15-07-03
2026-04-22 15:07:08,565 - INFO -   Input:  s3://autoqa-neurips/2026/bedrock_input_datasets/vcape-r-20k/batch_5.jsonl
2026-04-22 15:07:08,565 - INFO -   Output: s3://autoqa-neurips/2026/bedrock_output_datasets/vcape-r-20k/batch_5/
2026-04-22 15:07:09,357 - INFO -   JobArn: arn:aws:bedrock:us-east-1:398875891240:model-invocation-job/4e2ddymr7vfx
2026-04-22 15:07:09,358 - INFO - Submitting job: vcape-r-20k-batch-6-2026-04-22-15-07-03
2026-04-22 15:07:09,358 - INFO -   Input:  s3://autoqa-neurips/2026/bedrock_input_datasets/vcape-r-20k/batch_6.jsonl
2026-04-22 15:07:09,359 - INFO -   Output: s3://autoqa-neurips/2026/bedrock_output_datasets/vcape-r-20k/batch_6/
2026-04-22 15:07:10,184 - INFO -   JobArn: arn:aws:bedrock:us-east-1:398875891240:model-invocation-job/azwz8mmlzat8
2026-04-22 15:07:10,184 - INFO - Submitting job: vcape-r-20k-batch-7-2026-04-22-15-07-03
2026-04-22 15:07:10,184 - INFO -   Input:  s3://autoqa-neurips/2026/bedrock_input_datasets/vcape-r-20k/batch_7.jsonl
2026-04-22 15:07:10,184 - INFO -   Output: s3://autoqa-neurips/2026/bedrock_output_datasets/vcape-r-20k/batch_7/
2026-04-22 15:07:11,001 - INFO -   JobArn: arn:aws:bedrock:us-east-1:398875891240:model-invocation-job/rix1abd35qhr
2026-04-22 15:07:11,001 - INFO - Submitting job: vcape-r-20k-batch-8-2026-04-22-15-07-03
2026-04-22 15:07:11,001 - INFO -   Input:  s3://autoqa-neurips/2026/bedrock_input_datasets/vcape-r-20k/batch_8.jsonl
2026-04-22 15:07:11,001 - INFO -   Output: s3://autoqa-neurips/2026/bedrock_output_datasets/vcape-r-20k/batch_8/
2026-04-22 15:07:11,914 - INFO -   JobArn: arn:aws:bedrock:us-east-1:398875891240:model-invocation-job/0kxayw2538np
2026-04-22 15:07:11,914 - INFO - Submitting job: vcape-r-20k-batch-9-2026-04-22-15-07-03
2026-04-22 15:07:11,914 - INFO -   Input:  s3://autoqa-neurips/2026/bedrock_input_datasets/vcape-r-20k/batch_9.jsonl
2026-04-22 15:07:11,914 - INFO -   Output: s3://autoqa-neurips/2026/bedrock_output_datasets/vcape-r-20k/batch_9/
2026-04-22 15:07:13,396 - INFO -   JobArn: arn:aws:bedrock:us-east-1:398875891240:model-invocation-job/kp1tp4k9iyfm
2026-04-22 15:07:13,396 - INFO - Submitting job: vcape-r-20k-batch-10-2026-04-22-15-07-03
2026-04-22 15:07:13,396 - INFO -   Input:  s3://autoqa-neurips/2026/bedrock_input_datasets/vcape-r-20k/batch_10.jsonl
2026-04-22 15:07:13,396 - INFO -   Output: s3://autoqa-neurips/2026/bedrock_output_datasets/vcape-r-20k/batch_10/
2026-04-22 15:07:14,281 - INFO -   JobArn: arn:aws:bedrock:us-east-1:398875891240:model-invocation-job/r2wjqe87r43u
2026-04-22 15:07:14,281 - INFO - Submitting job: vcape-r-20k-batch-11-2026-04-22-15-07-03
2026-04-22 15:07:14,282 - INFO -   Input:  s3://autoqa-neurips/2026/bedrock_input_datasets/vcape-r-20k/batch_11.jsonl
2026-04-22 15:07:14,282 - INFO -   Output: s3://autoqa-neurips/2026/bedrock_output_datasets/vcape-r-20k/batch_11/
2026-04-22 15:07:15,106 - INFO -   JobArn: arn:aws:bedrock:us-east-1:398875891240:model-invocation-job/eqguu3vyhnoa
2026-04-22 15:07:15,106 - INFO - Submitting job: vcape-r-20k-batch-12-2026-04-22-15-07-03
2026-04-22 15:07:15,106 - INFO -   Input:  s3://autoqa-neurips/2026/bedrock_input_datasets/vcape-r-20k/batch_12.jsonl
2026-04-22 15:07:15,106 - INFO -   Output: s3://autoqa-neurips/2026/bedrock_output_datasets/vcape-r-20k/batch_12/
2026-04-22 15:07:15,906 - INFO -   JobArn: arn:aws:bedrock:us-east-1:398875891240:model-invocation-job/lujx4b6f9nvs
2026-04-22 15:07:15,906 - INFO - Submitting job: vcape-r-20k-batch-13-2026-04-22-15-07-03
2026-04-22 15:07:15,906 - INFO -   Input:  s3://autoqa-neurips/2026/bedrock_input_datasets/vcape-r-20k/batch_13.jsonl
2026-04-22 15:07:15,906 - INFO -   Output: s3://autoqa-neurips/2026/bedrock_output_datasets/vcape-r-20k/batch_13/
2026-04-22 15:07:16,713 - INFO -   JobArn: arn:aws:bedrock:us-east-1:398875891240:model-invocation-job/eupydevuencl
2026-04-22 15:07:16,713 - INFO - Submitting job: vcape-r-20k-batch-14-2026-04-22-15-07-03
2026-04-22 15:07:16,713 - INFO -   Input:  s3://autoqa-neurips/2026/bedrock_input_datasets/vcape-r-20k/batch_14.jsonl
2026-04-22 15:07:16,713 - INFO -   Output: s3://autoqa-neurips/2026/bedrock_output_datasets/vcape-r-20k/batch_14/
2026-04-22 15:07:18,051 - INFO -   JobArn: arn:aws:bedrock:us-east-1:398875891240:model-invocation-job/kvat3mr2ujzn
2026-04-22 15:07:18,052 - INFO - Submitting job: vcape-r-20k-batch-15-2026-04-22-15-07-03
2026-04-22 15:07:18,052 - INFO -   Input:  s3://autoqa-neurips/2026/bedrock_input_datasets/vcape-r-20k/batch_15.jsonl
2026-04-22 15:07:18,052 - INFO -   Output: s3://autoqa-neurips/2026/bedrock_output_datasets/vcape-r-20k/batch_15/
2026-04-22 15:07:18,884 - INFO -   JobArn: arn:aws:bedrock:us-east-1:398875891240:model-invocation-job/fmt2we1cfr7o
2026-04-22 15:07:18,884 - INFO - Submitting job: vcape-r-20k-batch-16-2026-04-22-15-07-03
2026-04-22 15:07:18,884 - INFO -   Input:  s3://autoqa-neurips/2026/bedrock_input_datasets/vcape-r-20k/batch_16.jsonl
2026-04-22 15:07:18,885 - INFO -   Output: s3://autoqa-neurips/2026/bedrock_output_datasets/vcape-r-20k/batch_16/
2026-04-22 15:07:19,704 - INFO -   JobArn: arn:aws:bedrock:us-east-1:398875891240:model-invocation-job/rjyt6gmk8l1k
2026-04-22 15:07:19,704 - INFO - Submitting job: vcape-r-20k-batch-17-2026-04-22-15-07-03
2026-04-22 15:07:19,704 - INFO -   Input:  s3://autoqa-neurips/2026/bedrock_input_datasets/vcape-r-20k/batch_17.jsonl
2026-04-22 15:07:19,704 - INFO -   Output: s3://autoqa-neurips/2026/bedrock_output_datasets/vcape-r-20k/batch_17/
2026-04-22 15:07:20,480 - INFO -   JobArn: arn:aws:bedrock:us-east-1:398875891240:model-invocation-job/xrv9kicy7evq
2026-04-22 15:07:20,480 - INFO - Submitting job: vcape-r-20k-batch-18-2026-04-22-15-07-03
2026-04-22 15:07:20,480 - INFO -   Input:  s3://autoqa-neurips/2026/bedrock_input_datasets/vcape-r-20k/batch_18.jsonl
2026-04-22 15:07:20,480 - INFO -   Output: s3://autoqa-neurips/2026/bedrock_output_datasets/vcape-r-20k/batch_18/
2026-04-22 15:07:22,380 - INFO -   JobArn: arn:aws:bedrock:us-east-1:398875891240:model-invocation-job/st6s3flmjo13
2026-04-22 15:07:22,381 - INFO - Submitting job: vcape-r-20k-batch-19-2026-04-22-15-07-03
2026-04-22 15:07:22,381 - INFO -   Input:  s3://autoqa-neurips/2026/bedrock_input_datasets/vcape-r-20k/batch_19.jsonl
2026-04-22 15:07:22,381 - INFO -   Output: s3://autoqa-neurips/2026/bedrock_output_datasets/vcape-r-20k/batch_19/
2026-04-22 15:07:23,126 - INFO -   JobArn: arn:aws:bedrock:us-east-1:398875891240:model-invocation-job/tfnum77quo7e
2026-04-22 15:07:23,127 - INFO - All jobs submitted.
2026-04-22 15:07:24,943 - INFO - Loading dataset from: /tmp/vcape-dataset-cache/vcape-s-20k
2026-04-22 15:07:32,807 - INFO - Dataset loaded: 20000 samples, columns: ['xsource_image', 'xtarget_image', 'product_type', 'object_description', 'label', 'rejection_reason', 'pose', 'input_prompt']
2026-04-22 15:07:32,816 - INFO - Dataset shuffled with seed=42
2026-04-22 15:07:32,816 - INFO - Submitting batch jobs 0–19 ...
2026-04-22 15:07:32,850 - INFO - Found credentials in shared credentials file: ~/.aws/credentials
2026-04-22 15:07:33,139 - INFO - Submitting job: vcape-s-20k-batch-0-2026-04-22-15-07-33
2026-04-22 15:07:33,139 - INFO -   Input:  s3://autoqa-neurips/2026/bedrock_input_datasets/vcape-s-20k/batch_0.jsonl
2026-04-22 15:07:33,140 - INFO -   Output: s3://autoqa-neurips/2026/bedrock_output_datasets/vcape-s-20k/batch_0/
2026-04-22 15:07:34,229 - INFO -   JobArn: arn:aws:bedrock:us-east-1:398875891240:model-invocation-job/ylieg6lopwyb
2026-04-22 15:07:34,230 - INFO - Submitting job: vcape-s-20k-batch-1-2026-04-22-15-07-33
2026-04-22 15:07:34,230 - INFO -   Input:  s3://autoqa-neurips/2026/bedrock_input_datasets/vcape-s-20k/batch_1.jsonl
2026-04-22 15:07:34,230 - INFO -   Output: s3://autoqa-neurips/2026/bedrock_output_datasets/vcape-s-20k/batch_1/
2026-04-22 15:07:35,097 - INFO -   JobArn: arn:aws:bedrock:us-east-1:398875891240:model-invocation-job/852cyqfi0o6c
2026-04-22 15:07:35,097 - INFO - Submitting job: vcape-s-20k-batch-2-2026-04-22-15-07-33
2026-04-22 15:07:35,097 - INFO -   Input:  s3://autoqa-neurips/2026/bedrock_input_datasets/vcape-s-20k/batch_2.jsonl
2026-04-22 15:07:35,097 - INFO -   Output: s3://autoqa-neurips/2026/bedrock_output_datasets/vcape-s-20k/batch_2/
2026-04-22 15:07:35,905 - INFO -   JobArn: arn:aws:bedrock:us-east-1:398875891240:model-invocation-job/wqbl4xu0paqs
2026-04-22 15:07:35,906 - INFO - Submitting job: vcape-s-20k-batch-3-2026-04-22-15-07-33
2026-04-22 15:07:35,906 - INFO -   Input:  s3://autoqa-neurips/2026/bedrock_input_datasets/vcape-s-20k/batch_3.jsonl
2026-04-22 15:07:35,906 - INFO -   Output: s3://autoqa-neurips/2026/bedrock_output_datasets/vcape-s-20k/batch_3/
2026-04-22 15:07:36,708 - INFO -   JobArn: arn:aws:bedrock:us-east-1:398875891240:model-invocation-job/9qkiuyzwnhph
2026-04-22 15:07:36,708 - INFO - Submitting job: vcape-s-20k-batch-4-2026-04-22-15-07-33
2026-04-22 15:07:36,708 - INFO -   Input:  s3://autoqa-neurips/2026/bedrock_input_datasets/vcape-s-20k/batch_4.jsonl
2026-04-22 15:07:36,708 - INFO -   Output: s3://autoqa-neurips/2026/bedrock_output_datasets/vcape-s-20k/batch_4/
2026-04-22 15:07:37,587 - INFO -   JobArn: arn:aws:bedrock:us-east-1:398875891240:model-invocation-job/aadlw12q1zk7
2026-04-22 15:07:37,587 - INFO - Submitting job: vcape-s-20k-batch-5-2026-04-22-15-07-33
2026-04-22 15:07:37,587 - INFO -   Input:  s3://autoqa-neurips/2026/bedrock_input_datasets/vcape-s-20k/batch_5.jsonl
2026-04-22 15:07:37,587 - INFO -   Output: s3://autoqa-neurips/2026/bedrock_output_datasets/vcape-s-20k/batch_5/
2026-04-22 15:07:38,341 - INFO -   JobArn: arn:aws:bedrock:us-east-1:398875891240:model-invocation-job/qyhxbv164ksy
2026-04-22 15:07:38,342 - INFO - Submitting job: vcape-s-20k-batch-6-2026-04-22-15-07-33
2026-04-22 15:07:38,342 - INFO -   Input:  s3://autoqa-neurips/2026/bedrock_input_datasets/vcape-s-20k/batch_6.jsonl
2026-04-22 15:07:38,342 - INFO -   Output: s3://autoqa-neurips/2026/bedrock_output_datasets/vcape-s-20k/batch_6/
2026-04-22 15:07:39,081 - INFO -   JobArn: arn:aws:bedrock:us-east-1:398875891240:model-invocation-job/0kaoic085d2o
2026-04-22 15:07:39,081 - INFO - Submitting job: vcape-s-20k-batch-7-2026-04-22-15-07-33
2026-04-22 15:07:39,081 - INFO -   Input:  s3://autoqa-neurips/2026/bedrock_input_datasets/vcape-s-20k/batch_7.jsonl
2026-04-22 15:07:39,081 - INFO -   Output: s3://autoqa-neurips/2026/bedrock_output_datasets/vcape-s-20k/batch_7/
2026-04-22 15:07:39,890 - INFO -   JobArn: arn:aws:bedrock:us-east-1:398875891240:model-invocation-job/kz5nqsdow0fr
2026-04-22 15:07:39,891 - INFO - Submitting job: vcape-s-20k-batch-8-2026-04-22-15-07-33
2026-04-22 15:07:39,891 - INFO -   Input:  s3://autoqa-neurips/2026/bedrock_input_datasets/vcape-s-20k/batch_8.jsonl
2026-04-22 15:07:39,891 - INFO -   Output: s3://autoqa-neurips/2026/bedrock_output_datasets/vcape-s-20k/batch_8/
2026-04-22 15:07:40,676 - INFO -   JobArn: arn:aws:bedrock:us-east-1:398875891240:model-invocation-job/2dcll6jk64yf
2026-04-22 15:07:40,677 - INFO - Submitting job: vcape-s-20k-batch-9-2026-04-22-15-07-33
2026-04-22 15:07:40,677 - INFO -   Input:  s3://autoqa-neurips/2026/bedrock_input_datasets/vcape-s-20k/batch_9.jsonl
2026-04-22 15:07:40,677 - INFO -   Output: s3://autoqa-neurips/2026/bedrock_output_datasets/vcape-s-20k/batch_9/
2026-04-22 15:07:42,231 - INFO -   JobArn: arn:aws:bedrock:us-east-1:398875891240:model-invocation-job/z7g8s7ls7l5d
2026-04-22 15:07:42,231 - INFO - Submitting job: vcape-s-20k-batch-10-2026-04-22-15-07-33
2026-04-22 15:07:42,231 - INFO -   Input:  s3://autoqa-neurips/2026/bedrock_input_datasets/vcape-s-20k/batch_10.jsonl
2026-04-22 15:07:42,231 - INFO -   Output: s3://autoqa-neurips/2026/bedrock_output_datasets/vcape-s-20k/batch_10/
2026-04-22 15:07:43,130 - INFO -   JobArn: arn:aws:bedrock:us-east-1:398875891240:model-invocation-job/l6n2zdjnwobc
2026-04-22 15:07:43,130 - INFO - Submitting job: vcape-s-20k-batch-11-2026-04-22-15-07-33
2026-04-22 15:07:43,131 - INFO -   Input:  s3://autoqa-neurips/2026/bedrock_input_datasets/vcape-s-20k/batch_11.jsonl
2026-04-22 15:07:43,131 - INFO -   Output: s3://autoqa-neurips/2026/bedrock_output_datasets/vcape-s-20k/batch_11/
2026-04-22 15:07:43,854 - INFO -   JobArn: arn:aws:bedrock:us-east-1:398875891240:model-invocation-job/103o6giwjt4d
2026-04-22 15:07:43,854 - INFO - Submitting job: vcape-s-20k-batch-12-2026-04-22-15-07-33
2026-04-22 15:07:43,854 - INFO -   Input:  s3://autoqa-neurips/2026/bedrock_input_datasets/vcape-s-20k/batch_12.jsonl
2026-04-22 15:07:43,854 - INFO -   Output: s3://autoqa-neurips/2026/bedrock_output_datasets/vcape-s-20k/batch_12/
2026-04-22 15:07:44,605 - INFO -   JobArn: arn:aws:bedrock:us-east-1:398875891240:model-invocation-job/s3k10lhjw0dw
2026-04-22 15:07:44,605 - INFO - Submitting job: vcape-s-20k-batch-13-2026-04-22-15-07-33
2026-04-22 15:07:44,606 - INFO -   Input:  s3://autoqa-neurips/2026/bedrock_input_datasets/vcape-s-20k/batch_13.jsonl
2026-04-22 15:07:44,606 - INFO -   Output: s3://autoqa-neurips/2026/bedrock_output_datasets/vcape-s-20k/batch_13/
2026-04-22 15:07:45,716 - INFO -   JobArn: arn:aws:bedrock:us-east-1:398875891240:model-invocation-job/xn7gesk7ab3y
2026-04-22 15:07:45,717 - INFO - Submitting job: vcape-s-20k-batch-14-2026-04-22-15-07-33
2026-04-22 15:07:45,717 - INFO -   Input:  s3://autoqa-neurips/2026/bedrock_input_datasets/vcape-s-20k/batch_14.jsonl
2026-04-22 15:07:45,717 - INFO -   Output: s3://autoqa-neurips/2026/bedrock_output_datasets/vcape-s-20k/batch_14/
2026-04-22 15:07:46,850 - INFO -   JobArn: arn:aws:bedrock:us-east-1:398875891240:model-invocation-job/tk8w4fm3w5xe
2026-04-22 15:07:46,850 - INFO - Submitting job: vcape-s-20k-batch-15-2026-04-22-15-07-33
2026-04-22 15:07:46,851 - INFO -   Input:  s3://autoqa-neurips/2026/bedrock_input_datasets/vcape-s-20k/batch_15.jsonl
2026-04-22 15:07:46,851 - INFO -   Output: s3://autoqa-neurips/2026/bedrock_output_datasets/vcape-s-20k/batch_15/
2026-04-22 15:07:48,104 - INFO -   JobArn: arn:aws:bedrock:us-east-1:398875891240:model-invocation-job/ngogv6uorkm3
2026-04-22 15:07:48,104 - INFO - Submitting job: vcape-s-20k-batch-16-2026-04-22-15-07-33
2026-04-22 15:07:48,105 - INFO -   Input:  s3://autoqa-neurips/2026/bedrock_input_datasets/vcape-s-20k/batch_16.jsonl
2026-04-22 15:07:48,105 - INFO -   Output: s3://autoqa-neurips/2026/bedrock_output_datasets/vcape-s-20k/batch_16/
2026-04-22 15:07:48,864 - INFO -   JobArn: arn:aws:bedrock:us-east-1:398875891240:model-invocation-job/kccrb7xxovzu
2026-04-22 15:07:48,865 - INFO - Submitting job: vcape-s-20k-batch-17-2026-04-22-15-07-33
2026-04-22 15:07:48,865 - INFO -   Input:  s3://autoqa-neurips/2026/bedrock_input_datasets/vcape-s-20k/batch_17.jsonl
2026-04-22 15:07:48,865 - INFO -   Output: s3://autoqa-neurips/2026/bedrock_output_datasets/vcape-s-20k/batch_17/
2026-04-22 15:07:49,707 - INFO -   JobArn: arn:aws:bedrock:us-east-1:398875891240:model-invocation-job/qc0xo31upm9g
2026-04-22 15:07:49,707 - INFO - Submitting job: vcape-s-20k-batch-18-2026-04-22-15-07-33
2026-04-22 15:07:49,707 - INFO -   Input:  s3://autoqa-neurips/2026/bedrock_input_datasets/vcape-s-20k/batch_18.jsonl
2026-04-22 15:07:49,707 - INFO -   Output: s3://autoqa-neurips/2026/bedrock_output_datasets/vcape-s-20k/batch_18/
2026-04-22 15:07:51,065 - INFO -   JobArn: arn:aws:bedrock:us-east-1:398875891240:model-invocation-job/q0l67pq3dxlj
2026-04-22 15:07:51,065 - INFO - Submitting job: vcape-s-20k-batch-19-2026-04-22-15-07-33
2026-04-22 15:07:51,065 - INFO -   Input:  s3://autoqa-neurips/2026/bedrock_input_datasets/vcape-s-20k/batch_19.jsonl
2026-04-22 15:07:51,065 - INFO -   Output: s3://autoqa-neurips/2026/bedrock_output_datasets/vcape-s-20k/batch_19/
2026-04-22 15:07:51,792 - INFO -   JobArn: arn:aws:bedrock:us-east-1:398875891240:model-invocation-job/5hxhxwbztsv8
2026-04-22 15:07:51,793 - INFO - All jobs submitted.
2026-04-22 15:23:56,314 - INFO - Loading dataset from: /tmp/vcape-dataset-cache/vcape-r-20k
2026-04-22 15:24:03,015 - INFO - Dataset loaded: 20000 samples, columns: ['xsource_image', 'xtarget_image', 'object_description', 'product_type', 'pose', 'input_prompt', 'label', 'rejection_reason']
2026-04-22 15:24:03,019 - INFO - Dataset shuffled with seed=42
2026-04-22 15:24:03,020 - INFO - Submitting batch jobs 0–19 ...
2026-04-22 15:24:03,031 - INFO - Found credentials in shared credentials file: ~/.aws/credentials
2026-04-22 15:24:03,152 - INFO - Submitting job: vcape-r-20k-batch-0-2026-04-22-15-24-03
2026-04-22 15:24:03,152 - INFO -   Input:  s3://nintai-auto-qa-beta-us-east-1/autoqa-NIPS/bedrock_input_datasets/vcape-r-20k/batch_0.jsonl
2026-04-22 15:24:03,152 - INFO -   Output: s3://nintai-auto-qa-beta-us-east-1/autoqa-NIPS/bedrock_output_datasets/vcape-r-20k/arn:aws:bedrock:us-east-1:398875891240:inference-profile/us.anthropic.claude-3-7-sonnet-20250219-v1:0/batch_0/
2026-04-22 15:24:05,476 - INFO - Loading dataset from: /tmp/vcape-dataset-cache/vcape-s-20k
2026-04-22 15:24:12,835 - INFO - Dataset loaded: 20000 samples, columns: ['xsource_image', 'xtarget_image', 'product_type', 'object_description', 'label', 'rejection_reason', 'pose', 'input_prompt']
2026-04-22 15:24:12,839 - INFO - Dataset shuffled with seed=42
2026-04-22 15:24:12,839 - INFO - Submitting batch jobs 0–19 ...
2026-04-22 15:24:12,848 - INFO - Found credentials in shared credentials file: ~/.aws/credentials
2026-04-22 15:24:12,944 - INFO - Submitting job: vcape-s-20k-batch-0-2026-04-22-15-24-12
2026-04-22 15:24:12,944 - INFO -   Input:  s3://nintai-auto-qa-beta-us-east-1/autoqa-NIPS/bedrock_input_datasets/vcape-s-20k/batch_0.jsonl
2026-04-22 15:24:12,944 - INFO -   Output: s3://nintai-auto-qa-beta-us-east-1/autoqa-NIPS/bedrock_output_datasets/vcape-s-20k/arn:aws:bedrock:us-east-1:398875891240:inference-profile/us.anthropic.claude-3-7-sonnet-20250219-v1:0/batch_0/
2026-04-22 15:28:00,606 - INFO - Loading dataset from: /tmp/vcape-dataset-cache/vcape-r-20k
2026-04-22 15:28:07,267 - INFO - Dataset loaded: 20000 samples, columns: ['xsource_image', 'xtarget_image', 'object_description', 'product_type', 'pose', 'input_prompt', 'label', 'rejection_reason']
2026-04-22 15:28:07,272 - INFO - Dataset shuffled with seed=42
2026-04-22 15:28:07,272 - INFO - Submitting batch jobs 0–19 ...
2026-04-22 15:28:07,285 - INFO - Found credentials in shared credentials file: ~/.aws/credentials
2026-04-22 15:28:07,405 - INFO - Submitting job: vcape-r-20k-batch-0-2026-04-22-15-28-07
2026-04-22 15:28:07,405 - INFO -   Input:  s3://nintai-auto-qa-beta-us-east-1/autoqa-NIPS/bedrock_input_datasets/vcape-r-20k/batch_0.jsonl
2026-04-22 15:28:07,405 - INFO -   Output: s3://nintai-auto-qa-beta-us-east-1/autoqa-NIPS/bedrock_output_datasets/vcape-r-20k/us.anthropic.claude-3-7-sonnet-20250219-/batch_0/
2026-04-22 15:28:08,552 - INFO -   JobArn: arn:aws:bedrock:us-east-1:398875891240:model-invocation-job/2pvj6siuztpg
2026-04-22 15:28:08,552 - INFO - Submitting job: vcape-r-20k-batch-1-2026-04-22-15-28-07
2026-04-22 15:28:08,552 - INFO -   Input:  s3://nintai-auto-qa-beta-us-east-1/autoqa-NIPS/bedrock_input_datasets/vcape-r-20k/batch_1.jsonl
2026-04-22 15:28:08,552 - INFO -   Output: s3://nintai-auto-qa-beta-us-east-1/autoqa-NIPS/bedrock_output_datasets/vcape-r-20k/us.anthropic.claude-3-7-sonnet-20250219-/batch_1/
2026-04-22 15:28:09,394 - INFO -   JobArn: arn:aws:bedrock:us-east-1:398875891240:model-invocation-job/zhx2jhrmm8qt
2026-04-22 15:28:09,395 - INFO - Submitting job: vcape-r-20k-batch-2-2026-04-22-15-28-07
2026-04-22 15:28:09,395 - INFO -   Input:  s3://nintai-auto-qa-beta-us-east-1/autoqa-NIPS/bedrock_input_datasets/vcape-r-20k/batch_2.jsonl
2026-04-22 15:28:09,395 - INFO -   Output: s3://nintai-auto-qa-beta-us-east-1/autoqa-NIPS/bedrock_output_datasets/vcape-r-20k/us.anthropic.claude-3-7-sonnet-20250219-/batch_2/
2026-04-22 15:28:10,222 - INFO -   JobArn: arn:aws:bedrock:us-east-1:398875891240:model-invocation-job/qecbk4y4bdsg
2026-04-22 15:28:10,222 - INFO - Submitting job: vcape-r-20k-batch-3-2026-04-22-15-28-07
2026-04-22 15:28:10,222 - INFO -   Input:  s3://nintai-auto-qa-beta-us-east-1/autoqa-NIPS/bedrock_input_datasets/vcape-r-20k/batch_3.jsonl
2026-04-22 15:28:10,222 - INFO -   Output: s3://nintai-auto-qa-beta-us-east-1/autoqa-NIPS/bedrock_output_datasets/vcape-r-20k/us.anthropic.claude-3-7-sonnet-20250219-/batch_3/
2026-04-22 15:28:11,065 - INFO -   JobArn: arn:aws:bedrock:us-east-1:398875891240:model-invocation-job/ibg8up8qz6d4
2026-04-22 15:28:11,066 - INFO - Submitting job: vcape-r-20k-batch-4-2026-04-22-15-28-07
2026-04-22 15:28:11,066 - INFO -   Input:  s3://nintai-auto-qa-beta-us-east-1/autoqa-NIPS/bedrock_input_datasets/vcape-r-20k/batch_4.jsonl
2026-04-22 15:28:11,066 - INFO -   Output: s3://nintai-auto-qa-beta-us-east-1/autoqa-NIPS/bedrock_output_datasets/vcape-r-20k/us.anthropic.claude-3-7-sonnet-20250219-/batch_4/
2026-04-22 15:28:11,948 - INFO -   JobArn: arn:aws:bedrock:us-east-1:398875891240:model-invocation-job/xyrk8n76y70g
2026-04-22 15:28:11,949 - INFO - Submitting job: vcape-r-20k-batch-5-2026-04-22-15-28-07
2026-04-22 15:28:11,949 - INFO -   Input:  s3://nintai-auto-qa-beta-us-east-1/autoqa-NIPS/bedrock_input_datasets/vcape-r-20k/batch_5.jsonl
2026-04-22 15:28:11,949 - INFO -   Output: s3://nintai-auto-qa-beta-us-east-1/autoqa-NIPS/bedrock_output_datasets/vcape-r-20k/us.anthropic.claude-3-7-sonnet-20250219-/batch_5/
2026-04-22 15:28:12,742 - INFO -   JobArn: arn:aws:bedrock:us-east-1:398875891240:model-invocation-job/pvau22sm4nyj
2026-04-22 15:28:12,742 - INFO - Submitting job: vcape-r-20k-batch-6-2026-04-22-15-28-07
2026-04-22 15:28:12,742 - INFO -   Input:  s3://nintai-auto-qa-beta-us-east-1/autoqa-NIPS/bedrock_input_datasets/vcape-r-20k/batch_6.jsonl
2026-04-22 15:28:12,743 - INFO -   Output: s3://nintai-auto-qa-beta-us-east-1/autoqa-NIPS/bedrock_output_datasets/vcape-r-20k/us.anthropic.claude-3-7-sonnet-20250219-/batch_6/
2026-04-22 15:28:13,602 - INFO -   JobArn: arn:aws:bedrock:us-east-1:398875891240:model-invocation-job/69wuvjazq11k
2026-04-22 15:28:13,602 - INFO - Submitting job: vcape-r-20k-batch-7-2026-04-22-15-28-07
2026-04-22 15:28:13,602 - INFO -   Input:  s3://nintai-auto-qa-beta-us-east-1/autoqa-NIPS/bedrock_input_datasets/vcape-r-20k/batch_7.jsonl
2026-04-22 15:28:13,602 - INFO -   Output: s3://nintai-auto-qa-beta-us-east-1/autoqa-NIPS/bedrock_output_datasets/vcape-r-20k/us.anthropic.claude-3-7-sonnet-20250219-/batch_7/
2026-04-22 15:28:14,395 - INFO -   JobArn: arn:aws:bedrock:us-east-1:398875891240:model-invocation-job/wkwrmcg1aztj
2026-04-22 15:28:14,395 - INFO - Submitting job: vcape-r-20k-batch-8-2026-04-22-15-28-07
2026-04-22 15:28:14,396 - INFO -   Input:  s3://nintai-auto-qa-beta-us-east-1/autoqa-NIPS/bedrock_input_datasets/vcape-r-20k/batch_8.jsonl
2026-04-22 15:28:14,396 - INFO -   Output: s3://nintai-auto-qa-beta-us-east-1/autoqa-NIPS/bedrock_output_datasets/vcape-r-20k/us.anthropic.claude-3-7-sonnet-20250219-/batch_8/
2026-04-22 15:28:16,317 - INFO -   JobArn: arn:aws:bedrock:us-east-1:398875891240:model-invocation-job/s7hp8itqjscx
2026-04-22 15:28:16,317 - INFO - Submitting job: vcape-r-20k-batch-9-2026-04-22-15-28-07
2026-04-22 15:28:16,317 - INFO -   Input:  s3://nintai-auto-qa-beta-us-east-1/autoqa-NIPS/bedrock_input_datasets/vcape-r-20k/batch_9.jsonl
2026-04-22 15:28:16,317 - INFO -   Output: s3://nintai-auto-qa-beta-us-east-1/autoqa-NIPS/bedrock_output_datasets/vcape-r-20k/us.anthropic.claude-3-7-sonnet-20250219-/batch_9/
2026-04-22 15:28:17,114 - INFO -   JobArn: arn:aws:bedrock:us-east-1:398875891240:model-invocation-job/65zczryjdbzj
2026-04-22 15:28:17,114 - INFO - Submitting job: vcape-r-20k-batch-10-2026-04-22-15-28-07
2026-04-22 15:28:17,114 - INFO -   Input:  s3://nintai-auto-qa-beta-us-east-1/autoqa-NIPS/bedrock_input_datasets/vcape-r-20k/batch_10.jsonl
2026-04-22 15:28:17,114 - INFO -   Output: s3://nintai-auto-qa-beta-us-east-1/autoqa-NIPS/bedrock_output_datasets/vcape-r-20k/us.anthropic.claude-3-7-sonnet-20250219-/batch_10/
2026-04-22 15:28:17,981 - INFO -   JobArn: arn:aws:bedrock:us-east-1:398875891240:model-invocation-job/0hfluyh0kni0
2026-04-22 15:28:17,981 - INFO - Submitting job: vcape-r-20k-batch-11-2026-04-22-15-28-07
2026-04-22 15:28:17,981 - INFO -   Input:  s3://nintai-auto-qa-beta-us-east-1/autoqa-NIPS/bedrock_input_datasets/vcape-r-20k/batch_11.jsonl
2026-04-22 15:28:17,981 - INFO -   Output: s3://nintai-auto-qa-beta-us-east-1/autoqa-NIPS/bedrock_output_datasets/vcape-r-20k/us.anthropic.claude-3-7-sonnet-20250219-/batch_11/
2026-04-22 15:28:18,771 - INFO -   JobArn: arn:aws:bedrock:us-east-1:398875891240:model-invocation-job/d1v3y5abfzzo
2026-04-22 15:28:18,772 - INFO - Submitting job: vcape-r-20k-batch-12-2026-04-22-15-28-07
2026-04-22 15:28:18,772 - INFO -   Input:  s3://nintai-auto-qa-beta-us-east-1/autoqa-NIPS/bedrock_input_datasets/vcape-r-20k/batch_12.jsonl
2026-04-22 15:28:18,772 - INFO -   Output: s3://nintai-auto-qa-beta-us-east-1/autoqa-NIPS/bedrock_output_datasets/vcape-r-20k/us.anthropic.claude-3-7-sonnet-20250219-/batch_12/
2026-04-22 15:28:19,587 - INFO -   JobArn: arn:aws:bedrock:us-east-1:398875891240:model-invocation-job/uplpmr5t9evy
2026-04-22 15:28:19,587 - INFO - Submitting job: vcape-r-20k-batch-13-2026-04-22-15-28-07
2026-04-22 15:28:19,588 - INFO -   Input:  s3://nintai-auto-qa-beta-us-east-1/autoqa-NIPS/bedrock_input_datasets/vcape-r-20k/batch_13.jsonl
2026-04-22 15:28:19,588 - INFO -   Output: s3://nintai-auto-qa-beta-us-east-1/autoqa-NIPS/bedrock_output_datasets/vcape-r-20k/us.anthropic.claude-3-7-sonnet-20250219-/batch_13/
2026-04-22 15:28:20,469 - INFO -   JobArn: arn:aws:bedrock:us-east-1:398875891240:model-invocation-job/lj5vbq3i0815
2026-04-22 15:28:20,469 - INFO - Submitting job: vcape-r-20k-batch-14-2026-04-22-15-28-07
2026-04-22 15:28:20,470 - INFO -   Input:  s3://nintai-auto-qa-beta-us-east-1/autoqa-NIPS/bedrock_input_datasets/vcape-r-20k/batch_14.jsonl
2026-04-22 15:28:20,472 - INFO -   Output: s3://nintai-auto-qa-beta-us-east-1/autoqa-NIPS/bedrock_output_datasets/vcape-r-20k/us.anthropic.claude-3-7-sonnet-20250219-/batch_14/
2026-04-22 15:28:21,235 - INFO -   JobArn: arn:aws:bedrock:us-east-1:398875891240:model-invocation-job/d78evvhbhhfq
2026-04-22 15:28:21,236 - INFO - Submitting job: vcape-r-20k-batch-15-2026-04-22-15-28-07
2026-04-22 15:28:21,236 - INFO -   Input:  s3://nintai-auto-qa-beta-us-east-1/autoqa-NIPS/bedrock_input_datasets/vcape-r-20k/batch_15.jsonl
2026-04-22 15:28:21,236 - INFO -   Output: s3://nintai-auto-qa-beta-us-east-1/autoqa-NIPS/bedrock_output_datasets/vcape-r-20k/us.anthropic.claude-3-7-sonnet-20250219-/batch_15/
2026-04-22 15:28:21,979 - INFO -   JobArn: arn:aws:bedrock:us-east-1:398875891240:model-invocation-job/4zi3aandiwfh
2026-04-22 15:28:21,979 - INFO - Submitting job: vcape-r-20k-batch-16-2026-04-22-15-28-07
2026-04-22 15:28:21,979 - INFO -   Input:  s3://nintai-auto-qa-beta-us-east-1/autoqa-NIPS/bedrock_input_datasets/vcape-r-20k/batch_16.jsonl
2026-04-22 15:28:21,979 - INFO -   Output: s3://nintai-auto-qa-beta-us-east-1/autoqa-NIPS/bedrock_output_datasets/vcape-r-20k/us.anthropic.claude-3-7-sonnet-20250219-/batch_16/
2026-04-22 15:28:22,710 - INFO -   JobArn: arn:aws:bedrock:us-east-1:398875891240:model-invocation-job/p9nwryn8ktk7
2026-04-22 15:28:22,711 - INFO - Submitting job: vcape-r-20k-batch-17-2026-04-22-15-28-07
2026-04-22 15:28:22,711 - INFO -   Input:  s3://nintai-auto-qa-beta-us-east-1/autoqa-NIPS/bedrock_input_datasets/vcape-r-20k/batch_17.jsonl
2026-04-22 15:28:22,711 - INFO -   Output: s3://nintai-auto-qa-beta-us-east-1/autoqa-NIPS/bedrock_output_datasets/vcape-r-20k/us.anthropic.claude-3-7-sonnet-20250219-/batch_17/
2026-04-22 15:28:23,510 - INFO -   JobArn: arn:aws:bedrock:us-east-1:398875891240:model-invocation-job/cknlkr35kwxs
2026-04-22 15:28:23,510 - INFO - Submitting job: vcape-r-20k-batch-18-2026-04-22-15-28-07
2026-04-22 15:28:23,510 - INFO -   Input:  s3://nintai-auto-qa-beta-us-east-1/autoqa-NIPS/bedrock_input_datasets/vcape-r-20k/batch_18.jsonl
2026-04-22 15:28:23,510 - INFO -   Output: s3://nintai-auto-qa-beta-us-east-1/autoqa-NIPS/bedrock_output_datasets/vcape-r-20k/us.anthropic.claude-3-7-sonnet-20250219-/batch_18/
2026-04-22 15:28:24,363 - INFO -   JobArn: arn:aws:bedrock:us-east-1:398875891240:model-invocation-job/ijh1eryawb0x
2026-04-22 15:28:24,363 - INFO - Submitting job: vcape-r-20k-batch-19-2026-04-22-15-28-07
2026-04-22 15:28:24,363 - INFO -   Input:  s3://nintai-auto-qa-beta-us-east-1/autoqa-NIPS/bedrock_input_datasets/vcape-r-20k/batch_19.jsonl
2026-04-22 15:28:24,363 - INFO -   Output: s3://nintai-auto-qa-beta-us-east-1/autoqa-NIPS/bedrock_output_datasets/vcape-r-20k/us.anthropic.claude-3-7-sonnet-20250219-/batch_19/
2026-04-22 15:28:27,188 - INFO -   JobArn: arn:aws:bedrock:us-east-1:398875891240:model-invocation-job/mzqlr4hx60o3
2026-04-22 15:28:27,190 - INFO - All jobs submitted.
2026-04-22 15:28:28,928 - INFO - Loading dataset from: /tmp/vcape-dataset-cache/vcape-s-20k
2026-04-22 15:28:36,322 - INFO - Dataset loaded: 20000 samples, columns: ['xsource_image', 'xtarget_image', 'product_type', 'object_description', 'label', 'rejection_reason', 'pose', 'input_prompt']
2026-04-22 15:28:36,326 - INFO - Dataset shuffled with seed=42
2026-04-22 15:28:36,327 - INFO - Submitting batch jobs 0–19 ...
2026-04-22 15:28:36,335 - INFO - Found credentials in shared credentials file: ~/.aws/credentials
2026-04-22 15:28:36,413 - INFO - Submitting job: vcape-s-20k-batch-0-2026-04-22-15-28-36
2026-04-22 15:28:36,413 - INFO -   Input:  s3://nintai-auto-qa-beta-us-east-1/autoqa-NIPS/bedrock_input_datasets/vcape-s-20k/batch_0.jsonl
2026-04-22 15:28:36,413 - INFO -   Output: s3://nintai-auto-qa-beta-us-east-1/autoqa-NIPS/bedrock_output_datasets/vcape-s-20k/us.anthropic.claude-3-7-sonnet-20250219-/batch_0/
2026-04-22 15:28:37,488 - INFO -   JobArn: arn:aws:bedrock:us-east-1:398875891240:model-invocation-job/061lyxin4lef
2026-04-22 15:28:37,489 - INFO - Submitting job: vcape-s-20k-batch-1-2026-04-22-15-28-36
2026-04-22 15:28:37,489 - INFO -   Input:  s3://nintai-auto-qa-beta-us-east-1/autoqa-NIPS/bedrock_input_datasets/vcape-s-20k/batch_1.jsonl
2026-04-22 15:28:37,489 - INFO -   Output: s3://nintai-auto-qa-beta-us-east-1/autoqa-NIPS/bedrock_output_datasets/vcape-s-20k/us.anthropic.claude-3-7-sonnet-20250219-/batch_1/
2026-04-22 15:28:40,927 - INFO -   JobArn: arn:aws:bedrock:us-east-1:398875891240:model-invocation-job/0cwby442zcj1
2026-04-22 15:28:40,927 - INFO - Submitting job: vcape-s-20k-batch-2-2026-04-22-15-28-36
2026-04-22 15:28:40,927 - INFO -   Input:  s3://nintai-auto-qa-beta-us-east-1/autoqa-NIPS/bedrock_input_datasets/vcape-s-20k/batch_2.jsonl
2026-04-22 15:28:40,927 - INFO -   Output: s3://nintai-auto-qa-beta-us-east-1/autoqa-NIPS/bedrock_output_datasets/vcape-s-20k/us.anthropic.claude-3-7-sonnet-20250219-/batch_2/
2026-04-22 15:28:41,661 - INFO -   JobArn: arn:aws:bedrock:us-east-1:398875891240:model-invocation-job/kptkkn36wrnb
2026-04-22 15:28:41,662 - INFO - Submitting job: vcape-s-20k-batch-3-2026-04-22-15-28-36
2026-04-22 15:28:41,662 - INFO -   Input:  s3://nintai-auto-qa-beta-us-east-1/autoqa-NIPS/bedrock_input_datasets/vcape-s-20k/batch_3.jsonl
2026-04-22 15:28:41,662 - INFO -   Output: s3://nintai-auto-qa-beta-us-east-1/autoqa-NIPS/bedrock_output_datasets/vcape-s-20k/us.anthropic.claude-3-7-sonnet-20250219-/batch_3/
2026-04-22 15:28:42,422 - INFO -   JobArn: arn:aws:bedrock:us-east-1:398875891240:model-invocation-job/wzc0x0s3mupo
2026-04-22 15:28:42,422 - INFO - Submitting job: vcape-s-20k-batch-4-2026-04-22-15-28-36
2026-04-22 15:28:42,422 - INFO -   Input:  s3://nintai-auto-qa-beta-us-east-1/autoqa-NIPS/bedrock_input_datasets/vcape-s-20k/batch_4.jsonl
2026-04-22 15:28:42,422 - INFO -   Output: s3://nintai-auto-qa-beta-us-east-1/autoqa-NIPS/bedrock_output_datasets/vcape-s-20k/us.anthropic.claude-3-7-sonnet-20250219-/batch_4/
2026-04-22 15:28:43,185 - INFO -   JobArn: arn:aws:bedrock:us-east-1:398875891240:model-invocation-job/m9bez4hhjnr1
2026-04-22 15:28:43,185 - INFO - Submitting job: vcape-s-20k-batch-5-2026-04-22-15-28-36
2026-04-22 15:28:43,185 - INFO -   Input:  s3://nintai-auto-qa-beta-us-east-1/autoqa-NIPS/bedrock_input_datasets/vcape-s-20k/batch_5.jsonl
2026-04-22 15:28:43,185 - INFO -   Output: s3://nintai-auto-qa-beta-us-east-1/autoqa-NIPS/bedrock_output_datasets/vcape-s-20k/us.anthropic.claude-3-7-sonnet-20250219-/batch_5/
2026-04-22 15:28:43,949 - INFO -   JobArn: arn:aws:bedrock:us-east-1:398875891240:model-invocation-job/8459a19w8yn7
2026-04-22 15:28:43,949 - INFO - Submitting job: vcape-s-20k-batch-6-2026-04-22-15-28-36
2026-04-22 15:28:43,949 - INFO -   Input:  s3://nintai-auto-qa-beta-us-east-1/autoqa-NIPS/bedrock_input_datasets/vcape-s-20k/batch_6.jsonl
2026-04-22 15:28:43,949 - INFO -   Output: s3://nintai-auto-qa-beta-us-east-1/autoqa-NIPS/bedrock_output_datasets/vcape-s-20k/us.anthropic.claude-3-7-sonnet-20250219-/batch_6/
2026-04-22 15:28:44,688 - INFO -   JobArn: arn:aws:bedrock:us-east-1:398875891240:model-invocation-job/4bqh5xfbrobi
2026-04-22 15:28:44,689 - INFO - Submitting job: vcape-s-20k-batch-7-2026-04-22-15-28-36
2026-04-22 15:28:44,689 - INFO -   Input:  s3://nintai-auto-qa-beta-us-east-1/autoqa-NIPS/bedrock_input_datasets/vcape-s-20k/batch_7.jsonl
2026-04-22 15:28:44,689 - INFO -   Output: s3://nintai-auto-qa-beta-us-east-1/autoqa-NIPS/bedrock_output_datasets/vcape-s-20k/us.anthropic.claude-3-7-sonnet-20250219-/batch_7/
2026-04-22 15:28:46,377 - INFO -   JobArn: arn:aws:bedrock:us-east-1:398875891240:model-invocation-job/z0yl46q33xkc
2026-04-22 15:28:46,377 - INFO - Submitting job: vcape-s-20k-batch-8-2026-04-22-15-28-36
2026-04-22 15:28:46,377 - INFO -   Input:  s3://nintai-auto-qa-beta-us-east-1/autoqa-NIPS/bedrock_input_datasets/vcape-s-20k/batch_8.jsonl
2026-04-22 15:28:46,377 - INFO -   Output: s3://nintai-auto-qa-beta-us-east-1/autoqa-NIPS/bedrock_output_datasets/vcape-s-20k/us.anthropic.claude-3-7-sonnet-20250219-/batch_8/
2026-04-22 15:28:47,206 - INFO -   JobArn: arn:aws:bedrock:us-east-1:398875891240:model-invocation-job/8f13emkmcl54
2026-04-22 15:28:47,207 - INFO - Submitting job: vcape-s-20k-batch-9-2026-04-22-15-28-36
2026-04-22 15:28:47,327 - INFO -   Input:  s3://nintai-auto-qa-beta-us-east-1/autoqa-NIPS/bedrock_input_datasets/vcape-s-20k/batch_9.jsonl
2026-04-22 15:28:47,327 - INFO -   Output: s3://nintai-auto-qa-beta-us-east-1/autoqa-NIPS/bedrock_output_datasets/vcape-s-20k/us.anthropic.claude-3-7-sonnet-20250219-/batch_9/
2026-04-22 15:28:48,023 - INFO -   JobArn: arn:aws:bedrock:us-east-1:398875891240:model-invocation-job/xk3ibvdsny14
2026-04-22 15:28:48,023 - INFO - Submitting job: vcape-s-20k-batch-10-2026-04-22-15-28-36
2026-04-22 15:28:48,023 - INFO -   Input:  s3://nintai-auto-qa-beta-us-east-1/autoqa-NIPS/bedrock_input_datasets/vcape-s-20k/batch_10.jsonl
2026-04-22 15:28:48,023 - INFO -   Output: s3://nintai-auto-qa-beta-us-east-1/autoqa-NIPS/bedrock_output_datasets/vcape-s-20k/us.anthropic.claude-3-7-sonnet-20250219-/batch_10/
2026-04-22 15:28:48,739 - INFO -   JobArn: arn:aws:bedrock:us-east-1:398875891240:model-invocation-job/e6njnop59ckx
2026-04-22 15:28:48,739 - INFO - Submitting job: vcape-s-20k-batch-11-2026-04-22-15-28-36
2026-04-22 15:28:48,739 - INFO -   Input:  s3://nintai-auto-qa-beta-us-east-1/autoqa-NIPS/bedrock_input_datasets/vcape-s-20k/batch_11.jsonl
2026-04-22 15:28:48,739 - INFO -   Output: s3://nintai-auto-qa-beta-us-east-1/autoqa-NIPS/bedrock_output_datasets/vcape-s-20k/us.anthropic.claude-3-7-sonnet-20250219-/batch_11/
2026-04-22 15:28:49,449 - INFO -   JobArn: arn:aws:bedrock:us-east-1:398875891240:model-invocation-job/84c9kkpafvd9
2026-04-22 15:28:49,449 - INFO - Submitting job: vcape-s-20k-batch-12-2026-04-22-15-28-36
2026-04-22 15:28:49,449 - INFO -   Input:  s3://nintai-auto-qa-beta-us-east-1/autoqa-NIPS/bedrock_input_datasets/vcape-s-20k/batch_12.jsonl
2026-04-22 15:28:49,449 - INFO -   Output: s3://nintai-auto-qa-beta-us-east-1/autoqa-NIPS/bedrock_output_datasets/vcape-s-20k/us.anthropic.claude-3-7-sonnet-20250219-/batch_12/
2026-04-22 15:28:50,243 - INFO -   JobArn: arn:aws:bedrock:us-east-1:398875891240:model-invocation-job/1tlenfmts99r
2026-04-22 15:28:50,243 - INFO - Submitting job: vcape-s-20k-batch-13-2026-04-22-15-28-36
2026-04-22 15:28:50,243 - INFO -   Input:  s3://nintai-auto-qa-beta-us-east-1/autoqa-NIPS/bedrock_input_datasets/vcape-s-20k/batch_13.jsonl
2026-04-22 15:28:50,243 - INFO -   Output: s3://nintai-auto-qa-beta-us-east-1/autoqa-NIPS/bedrock_output_datasets/vcape-s-20k/us.anthropic.claude-3-7-sonnet-20250219-/batch_13/
2026-04-22 15:28:50,936 - INFO -   JobArn: arn:aws:bedrock:us-east-1:398875891240:model-invocation-job/xebejvdx3bg5
2026-04-22 15:28:50,936 - INFO - Submitting job: vcape-s-20k-batch-14-2026-04-22-15-28-36
2026-04-22 15:28:50,936 - INFO -   Input:  s3://nintai-auto-qa-beta-us-east-1/autoqa-NIPS/bedrock_input_datasets/vcape-s-20k/batch_14.jsonl
2026-04-22 15:28:50,937 - INFO -   Output: s3://nintai-auto-qa-beta-us-east-1/autoqa-NIPS/bedrock_output_datasets/vcape-s-20k/us.anthropic.claude-3-7-sonnet-20250219-/batch_14/
2026-04-22 15:28:51,749 - INFO -   JobArn: arn:aws:bedrock:us-east-1:398875891240:model-invocation-job/twb94qpx0tft
2026-04-22 15:28:51,749 - INFO - Submitting job: vcape-s-20k-batch-15-2026-04-22-15-28-36
2026-04-22 15:28:51,749 - INFO -   Input:  s3://nintai-auto-qa-beta-us-east-1/autoqa-NIPS/bedrock_input_datasets/vcape-s-20k/batch_15.jsonl
2026-04-22 15:28:51,749 - INFO -   Output: s3://nintai-auto-qa-beta-us-east-1/autoqa-NIPS/bedrock_output_datasets/vcape-s-20k/us.anthropic.claude-3-7-sonnet-20250219-/batch_15/
2026-04-22 15:28:52,479 - INFO -   JobArn: arn:aws:bedrock:us-east-1:398875891240:model-invocation-job/8b78f43l1ssi
2026-04-22 15:28:52,479 - INFO - Submitting job: vcape-s-20k-batch-16-2026-04-22-15-28-36
2026-04-22 15:28:52,479 - INFO -   Input:  s3://nintai-auto-qa-beta-us-east-1/autoqa-NIPS/bedrock_input_datasets/vcape-s-20k/batch_16.jsonl
2026-04-22 15:28:52,479 - INFO -   Output: s3://nintai-auto-qa-beta-us-east-1/autoqa-NIPS/bedrock_output_datasets/vcape-s-20k/us.anthropic.claude-3-7-sonnet-20250219-/batch_16/
2026-04-22 15:28:54,325 - INFO -   JobArn: arn:aws:bedrock:us-east-1:398875891240:model-invocation-job/i6y0foazua2y
2026-04-22 15:28:54,325 - INFO - Submitting job: vcape-s-20k-batch-17-2026-04-22-15-28-36
2026-04-22 15:28:54,325 - INFO -   Input:  s3://nintai-auto-qa-beta-us-east-1/autoqa-NIPS/bedrock_input_datasets/vcape-s-20k/batch_17.jsonl
2026-04-22 15:28:54,325 - INFO -   Output: s3://nintai-auto-qa-beta-us-east-1/autoqa-NIPS/bedrock_output_datasets/vcape-s-20k/us.anthropic.claude-3-7-sonnet-20250219-/batch_17/
2026-04-22 15:28:55,048 - INFO -   JobArn: arn:aws:bedrock:us-east-1:398875891240:model-invocation-job/20tyst2kp32e
2026-04-22 15:28:55,048 - INFO - Submitting job: vcape-s-20k-batch-18-2026-04-22-15-28-36
2026-04-22 15:28:55,048 - INFO -   Input:  s3://nintai-auto-qa-beta-us-east-1/autoqa-NIPS/bedrock_input_datasets/vcape-s-20k/batch_18.jsonl
2026-04-22 15:28:55,048 - INFO -   Output: s3://nintai-auto-qa-beta-us-east-1/autoqa-NIPS/bedrock_output_datasets/vcape-s-20k/us.anthropic.claude-3-7-sonnet-20250219-/batch_18/
2026-04-22 15:28:56,842 - INFO -   JobArn: arn:aws:bedrock:us-east-1:398875891240:model-invocation-job/bdlfd7bsd5wj
2026-04-22 15:28:56,842 - INFO - Submitting job: vcape-s-20k-batch-19-2026-04-22-15-28-36
2026-04-22 15:28:56,843 - INFO -   Input:  s3://nintai-auto-qa-beta-us-east-1/autoqa-NIPS/bedrock_input_datasets/vcape-s-20k/batch_19.jsonl
2026-04-22 15:28:56,843 - INFO -   Output: s3://nintai-auto-qa-beta-us-east-1/autoqa-NIPS/bedrock_output_datasets/vcape-s-20k/us.anthropic.claude-3-7-sonnet-20250219-/batch_19/
2026-04-22 15:28:57,613 - INFO -   JobArn: arn:aws:bedrock:us-east-1:398875891240:model-invocation-job/rozan60iqikn
2026-04-22 15:28:57,616 - INFO - All jobs submitted.
2026-04-22 15:59:15,354 - INFO - Loading dataset from: /tmp/vcape-dataset-cache/vcape-r-20k
2026-04-22 15:59:23,752 - INFO - Dataset loaded: 20000 samples, columns: ['xsource_image', 'xtarget_image', 'object_description', 'product_type', 'pose', 'input_prompt', 'label', 'rejection_reason']
2026-04-22 15:59:23,770 - INFO - Dataset shuffled with seed=42
2026-04-22 15:59:23,771 - INFO - Submitting batch jobs 0–19 ...
2026-04-22 15:59:23,803 - INFO - Found credentials in shared credentials file: ~/.aws/credentials
2026-04-22 15:59:24,007 - INFO - Submitting job: vcape-r-20k-batch-0-2026-04-22-15-59-24
2026-04-22 15:59:24,007 - INFO -   Input:  s3://nintai-auto-qa-beta-us-east-1/autoqa-NIPS/bedrock_input_datasets/vcape-r-20k/batch_0.jsonl
2026-04-22 15:59:24,007 - INFO -   Output: s3://nintai-auto-qa-beta-us-east-1/autoqa-NIPS/bedrock_output_datasets/vcape-r-20k/us.google.gemma-3-4b-/batch_0/
2026-04-22 15:59:26,406 - INFO - Loading dataset from: /tmp/vcape-dataset-cache/vcape-s-20k
2026-04-22 15:59:35,299 - INFO - Dataset loaded: 20000 samples, columns: ['xsource_image', 'xtarget_image', 'product_type', 'object_description', 'label', 'rejection_reason', 'pose', 'input_prompt']
2026-04-22 15:59:35,309 - INFO - Dataset shuffled with seed=42
2026-04-22 15:59:35,309 - INFO - Submitting batch jobs 0–19 ...
2026-04-22 15:59:35,326 - INFO - Found credentials in shared credentials file: ~/.aws/credentials
2026-04-22 15:59:35,402 - INFO - Submitting job: vcape-s-20k-batch-0-2026-04-22-15-59-35
2026-04-22 15:59:35,402 - INFO -   Input:  s3://nintai-auto-qa-beta-us-east-1/autoqa-NIPS/bedrock_input_datasets/vcape-s-20k/batch_0.jsonl
2026-04-22 15:59:35,402 - INFO -   Output: s3://nintai-auto-qa-beta-us-east-1/autoqa-NIPS/bedrock_output_datasets/vcape-s-20k/us.google.gemma-3-4b-/batch_0/
2026-04-22 16:00:03,583 - INFO - Loading dataset from: /tmp/vcape-dataset-cache/vcape-r-20k
2026-04-22 16:00:10,377 - INFO - Dataset loaded: 20000 samples, columns: ['xsource_image', 'xtarget_image', 'object_description', 'product_type', 'pose', 'input_prompt', 'label', 'rejection_reason']
2026-04-22 16:00:10,386 - INFO - Dataset shuffled with seed=42
2026-04-22 16:00:10,386 - INFO - Submitting batch jobs 0–19 ...
2026-04-22 16:00:10,405 - INFO - Found credentials in shared credentials file: ~/.aws/credentials
2026-04-22 16:00:10,518 - INFO - Submitting job: vcape-r-20k-batch-0-2026-04-22-16-00-10
2026-04-22 16:00:10,518 - INFO -   Input:  s3://nintai-auto-qa-beta-us-east-1/autoqa-NIPS/bedrock_input_datasets/vcape-r-20k/batch_0.jsonl
2026-04-22 16:00:10,518 - INFO -   Output: s3://nintai-auto-qa-beta-us-east-1/autoqa-NIPS/bedrock_output_datasets/vcape-r-20k/google.gemma-3-4b-/batch_0/
2026-04-22 16:00:12,890 - INFO - Loading dataset from: /tmp/vcape-dataset-cache/vcape-s-20k
2026-04-22 16:00:20,259 - INFO - Dataset loaded: 20000 samples, columns: ['xsource_image', 'xtarget_image', 'product_type', 'object_description', 'label', 'rejection_reason', 'pose', 'input_prompt']
2026-04-22 16:00:20,266 - INFO - Dataset shuffled with seed=42
2026-04-22 16:00:20,266 - INFO - Submitting batch jobs 0–19 ...
2026-04-22 16:00:20,275 - INFO - Found credentials in shared credentials file: ~/.aws/credentials
2026-04-22 16:00:20,364 - INFO - Submitting job: vcape-s-20k-batch-0-2026-04-22-16-00-20
2026-04-22 16:00:20,364 - INFO -   Input:  s3://nintai-auto-qa-beta-us-east-1/autoqa-NIPS/bedrock_input_datasets/vcape-s-20k/batch_0.jsonl
2026-04-22 16:00:20,364 - INFO -   Output: s3://nintai-auto-qa-beta-us-east-1/autoqa-NIPS/bedrock_output_datasets/vcape-s-20k/google.gemma-3-4b-/batch_0/
2026-04-22 16:01:39,167 - INFO - Loading dataset from: /tmp/vcape-dataset-cache/vcape-r-20k
2026-04-22 16:01:49,140 - INFO - Dataset loaded: 20000 samples, columns: ['xsource_image', 'xtarget_image', 'object_description', 'product_type', 'pose', 'input_prompt', 'label', 'rejection_reason']
2026-04-22 16:01:49,146 - INFO - Dataset shuffled with seed=42
2026-04-22 16:01:49,146 - INFO - Submitting batch jobs 0–19 ...
2026-04-22 16:01:49,158 - INFO - Found credentials in shared credentials file: ~/.aws/credentials
2026-04-22 16:01:49,295 - INFO - Submitting job: vcape-r-20k-batch-0-2026-04-22-16-01-49
2026-04-22 16:01:49,295 - INFO -   Input:  s3://nintai-auto-qa-beta-us-east-1/autoqa-NIPS/bedrock_input_datasets/vcape-r-20k/batch_0.jsonl
2026-04-22 16:01:49,295 - INFO -   Output: s3://nintai-auto-qa-beta-us-east-1/autoqa-NIPS/bedrock_output_datasets/vcape-r-20k/us.google.gemma-3-4b/batch_0/
2026-04-22 16:01:52,094 - INFO - Loading dataset from: /tmp/vcape-dataset-cache/vcape-s-20k
2026-04-22 16:02:00,533 - INFO - Dataset loaded: 20000 samples, columns: ['xsource_image', 'xtarget_image', 'product_type', 'object_description', 'label', 'rejection_reason', 'pose', 'input_prompt']
2026-04-22 16:02:00,540 - INFO - Dataset shuffled with seed=42
2026-04-22 16:02:00,540 - INFO - Submitting batch jobs 0–19 ...
2026-04-22 16:02:00,555 - INFO - Found credentials in shared credentials file: ~/.aws/credentials
2026-04-22 16:02:00,687 - INFO - Submitting job: vcape-s-20k-batch-0-2026-04-22-16-02-00
2026-04-22 16:02:00,687 - INFO -   Input:  s3://nintai-auto-qa-beta-us-east-1/autoqa-NIPS/bedrock_input_datasets/vcape-s-20k/batch_0.jsonl
2026-04-22 16:02:00,688 - INFO -   Output: s3://nintai-auto-qa-beta-us-east-1/autoqa-NIPS/bedrock_output_datasets/vcape-s-20k/us.google.gemma-3-4b/batch_0/
2026-04-22 16:03:39,930 - INFO - Loading dataset from: /tmp/vcape-dataset-cache/vcape-r-20k
2026-04-22 16:03:49,952 - INFO - Dataset loaded: 20000 samples, columns: ['xsource_image', 'xtarget_image', 'object_description', 'product_type', 'pose', 'input_prompt', 'label', 'rejection_reason']
2026-04-22 16:03:49,966 - INFO - Dataset shuffled with seed=42
2026-04-22 16:03:49,968 - INFO - Submitting batch jobs 0–19 ...
2026-04-22 16:03:49,999 - INFO - Found credentials in shared credentials file: ~/.aws/credentials
2026-04-22 16:03:50,380 - INFO - Submitting job: vcape-r-20k-batch-0-2026-04-22-16-03-50
2026-04-22 16:03:50,381 - INFO -   Input:  s3://nintai-auto-qa-beta-us-east-1/autoqa-NIPS/bedrock_input_datasets/vcape-r-20k/batch_0.jsonl
2026-04-22 16:03:50,381 - INFO -   Output: s3://nintai-auto-qa-beta-us-east-1/autoqa-NIPS/bedrock_output_datasets/vcape-r-20k/us.amazon.nova-2-lite-/batch_0/
2026-04-22 16:03:52,771 - INFO -   JobArn: arn:aws:bedrock:us-east-1:398875891240:model-invocation-job/mrwqv9clqvjn
2026-04-22 16:03:52,772 - INFO - Submitting job: vcape-r-20k-batch-1-2026-04-22-16-03-50
2026-04-22 16:03:52,774 - INFO -   Input:  s3://nintai-auto-qa-beta-us-east-1/autoqa-NIPS/bedrock_input_datasets/vcape-r-20k/batch_1.jsonl
2026-04-22 16:03:52,774 - INFO -   Output: s3://nintai-auto-qa-beta-us-east-1/autoqa-NIPS/bedrock_output_datasets/vcape-r-20k/us.amazon.nova-2-lite-/batch_1/
2026-04-22 16:03:53,496 - INFO -   JobArn: arn:aws:bedrock:us-east-1:398875891240:model-invocation-job/ma6k4m1oyblf
2026-04-22 16:03:53,497 - INFO - Submitting job: vcape-r-20k-batch-2-2026-04-22-16-03-50
2026-04-22 16:03:53,497 - INFO -   Input:  s3://nintai-auto-qa-beta-us-east-1/autoqa-NIPS/bedrock_input_datasets/vcape-r-20k/batch_2.jsonl
2026-04-22 16:03:53,497 - INFO -   Output: s3://nintai-auto-qa-beta-us-east-1/autoqa-NIPS/bedrock_output_datasets/vcape-r-20k/us.amazon.nova-2-lite-/batch_2/
2026-04-22 16:03:54,175 - INFO -   JobArn: arn:aws:bedrock:us-east-1:398875891240:model-invocation-job/26zcheq5mkcz
2026-04-22 16:03:54,175 - INFO - Submitting job: vcape-r-20k-batch-3-2026-04-22-16-03-50
2026-04-22 16:03:54,175 - INFO -   Input:  s3://nintai-auto-qa-beta-us-east-1/autoqa-NIPS/bedrock_input_datasets/vcape-r-20k/batch_3.jsonl
2026-04-22 16:03:54,175 - INFO -   Output: s3://nintai-auto-qa-beta-us-east-1/autoqa-NIPS/bedrock_output_datasets/vcape-r-20k/us.amazon.nova-2-lite-/batch_3/
2026-04-22 16:03:54,890 - INFO -   JobArn: arn:aws:bedrock:us-east-1:398875891240:model-invocation-job/eit81v03stqu
2026-04-22 16:03:54,890 - INFO - Submitting job: vcape-r-20k-batch-4-2026-04-22-16-03-50
2026-04-22 16:03:54,890 - INFO -   Input:  s3://nintai-auto-qa-beta-us-east-1/autoqa-NIPS/bedrock_input_datasets/vcape-r-20k/batch_4.jsonl
2026-04-22 16:03:54,890 - INFO -   Output: s3://nintai-auto-qa-beta-us-east-1/autoqa-NIPS/bedrock_output_datasets/vcape-r-20k/us.amazon.nova-2-lite-/batch_4/
2026-04-22 16:03:55,613 - INFO -   JobArn: arn:aws:bedrock:us-east-1:398875891240:model-invocation-job/f1fi10hvhph8
2026-04-22 16:03:55,613 - INFO - Submitting job: vcape-r-20k-batch-5-2026-04-22-16-03-50
2026-04-22 16:03:55,613 - INFO -   Input:  s3://nintai-auto-qa-beta-us-east-1/autoqa-NIPS/bedrock_input_datasets/vcape-r-20k/batch_5.jsonl
2026-04-22 16:03:55,614 - INFO -   Output: s3://nintai-auto-qa-beta-us-east-1/autoqa-NIPS/bedrock_output_datasets/vcape-r-20k/us.amazon.nova-2-lite-/batch_5/
2026-04-22 16:03:56,269 - INFO -   JobArn: arn:aws:bedrock:us-east-1:398875891240:model-invocation-job/k2qq1nak0dcx
2026-04-22 16:03:56,270 - INFO - Submitting job: vcape-r-20k-batch-6-2026-04-22-16-03-50
2026-04-22 16:03:56,270 - INFO -   Input:  s3://nintai-auto-qa-beta-us-east-1/autoqa-NIPS/bedrock_input_datasets/vcape-r-20k/batch_6.jsonl
2026-04-22 16:03:56,270 - INFO -   Output: s3://nintai-auto-qa-beta-us-east-1/autoqa-NIPS/bedrock_output_datasets/vcape-r-20k/us.amazon.nova-2-lite-/batch_6/
2026-04-22 16:03:59,228 - INFO -   JobArn: arn:aws:bedrock:us-east-1:398875891240:model-invocation-job/hqxfq4xpyze9
2026-04-22 16:03:59,229 - INFO - Submitting job: vcape-r-20k-batch-7-2026-04-22-16-03-50
2026-04-22 16:03:59,229 - INFO -   Input:  s3://nintai-auto-qa-beta-us-east-1/autoqa-NIPS/bedrock_input_datasets/vcape-r-20k/batch_7.jsonl
2026-04-22 16:03:59,229 - INFO -   Output: s3://nintai-auto-qa-beta-us-east-1/autoqa-NIPS/bedrock_output_datasets/vcape-r-20k/us.amazon.nova-2-lite-/batch_7/
2026-04-22 16:03:59,876 - INFO -   JobArn: arn:aws:bedrock:us-east-1:398875891240:model-invocation-job/n3bhj8pgvvqo
2026-04-22 16:03:59,876 - INFO - Submitting job: vcape-r-20k-batch-8-2026-04-22-16-03-50
2026-04-22 16:03:59,876 - INFO -   Input:  s3://nintai-auto-qa-beta-us-east-1/autoqa-NIPS/bedrock_input_datasets/vcape-r-20k/batch_8.jsonl
2026-04-22 16:03:59,876 - INFO -   Output: s3://nintai-auto-qa-beta-us-east-1/autoqa-NIPS/bedrock_output_datasets/vcape-r-20k/us.amazon.nova-2-lite-/batch_8/
2026-04-22 16:04:00,603 - INFO -   JobArn: arn:aws:bedrock:us-east-1:398875891240:model-invocation-job/nk260bfg3zky
2026-04-22 16:04:00,603 - INFO - Submitting job: vcape-r-20k-batch-9-2026-04-22-16-03-50
2026-04-22 16:04:00,603 - INFO -   Input:  s3://nintai-auto-qa-beta-us-east-1/autoqa-NIPS/bedrock_input_datasets/vcape-r-20k/batch_9.jsonl
2026-04-22 16:04:00,603 - INFO -   Output: s3://nintai-auto-qa-beta-us-east-1/autoqa-NIPS/bedrock_output_datasets/vcape-r-20k/us.amazon.nova-2-lite-/batch_9/
2026-04-22 16:04:01,253 - INFO -   JobArn: arn:aws:bedrock:us-east-1:398875891240:model-invocation-job/figx17imv66c
2026-04-22 16:04:01,254 - INFO - Submitting job: vcape-r-20k-batch-10-2026-04-22-16-03-50
2026-04-22 16:04:01,254 - INFO -   Input:  s3://nintai-auto-qa-beta-us-east-1/autoqa-NIPS/bedrock_input_datasets/vcape-r-20k/batch_10.jsonl
2026-04-22 16:04:01,254 - INFO -   Output: s3://nintai-auto-qa-beta-us-east-1/autoqa-NIPS/bedrock_output_datasets/vcape-r-20k/us.amazon.nova-2-lite-/batch_10/
2026-04-22 16:04:02,000 - INFO -   JobArn: arn:aws:bedrock:us-east-1:398875891240:model-invocation-job/br11pk4r6emd
2026-04-22 16:04:02,001 - INFO - Submitting job: vcape-r-20k-batch-11-2026-04-22-16-03-50
2026-04-22 16:04:02,001 - INFO -   Input:  s3://nintai-auto-qa-beta-us-east-1/autoqa-NIPS/bedrock_input_datasets/vcape-r-20k/batch_11.jsonl
2026-04-22 16:04:02,001 - INFO -   Output: s3://nintai-auto-qa-beta-us-east-1/autoqa-NIPS/bedrock_output_datasets/vcape-r-20k/us.amazon.nova-2-lite-/batch_11/
2026-04-22 16:04:02,964 - INFO -   JobArn: arn:aws:bedrock:us-east-1:398875891240:model-invocation-job/v9uonr9ks93e
2026-04-22 16:04:02,965 - INFO - Submitting job: vcape-r-20k-batch-12-2026-04-22-16-03-50
2026-04-22 16:04:02,965 - INFO -   Input:  s3://nintai-auto-qa-beta-us-east-1/autoqa-NIPS/bedrock_input_datasets/vcape-r-20k/batch_12.jsonl
2026-04-22 16:04:02,965 - INFO -   Output: s3://nintai-auto-qa-beta-us-east-1/autoqa-NIPS/bedrock_output_datasets/vcape-r-20k/us.amazon.nova-2-lite-/batch_12/
2026-04-22 16:04:04,500 - INFO -   JobArn: arn:aws:bedrock:us-east-1:398875891240:model-invocation-job/mplx1xuwt3zh
2026-04-22 16:04:04,501 - INFO - Submitting job: vcape-r-20k-batch-13-2026-04-22-16-03-50
2026-04-22 16:04:04,501 - INFO -   Input:  s3://nintai-auto-qa-beta-us-east-1/autoqa-NIPS/bedrock_input_datasets/vcape-r-20k/batch_13.jsonl
2026-04-22 16:04:04,501 - INFO -   Output: s3://nintai-auto-qa-beta-us-east-1/autoqa-NIPS/bedrock_output_datasets/vcape-r-20k/us.amazon.nova-2-lite-/batch_13/
2026-04-22 16:04:05,071 - INFO -   JobArn: arn:aws:bedrock:us-east-1:398875891240:model-invocation-job/17fvzbfg64nt
2026-04-22 16:04:05,071 - INFO - Submitting job: vcape-r-20k-batch-14-2026-04-22-16-03-50
2026-04-22 16:04:05,071 - INFO -   Input:  s3://nintai-auto-qa-beta-us-east-1/autoqa-NIPS/bedrock_input_datasets/vcape-r-20k/batch_14.jsonl
2026-04-22 16:04:05,071 - INFO -   Output: s3://nintai-auto-qa-beta-us-east-1/autoqa-NIPS/bedrock_output_datasets/vcape-r-20k/us.amazon.nova-2-lite-/batch_14/
2026-04-22 16:04:06,275 - INFO -   JobArn: arn:aws:bedrock:us-east-1:398875891240:model-invocation-job/h36upfk7akvt
2026-04-22 16:04:06,276 - INFO - Submitting job: vcape-r-20k-batch-15-2026-04-22-16-03-50
2026-04-22 16:04:06,276 - INFO -   Input:  s3://nintai-auto-qa-beta-us-east-1/autoqa-NIPS/bedrock_input_datasets/vcape-r-20k/batch_15.jsonl
2026-04-22 16:04:06,276 - INFO -   Output: s3://nintai-auto-qa-beta-us-east-1/autoqa-NIPS/bedrock_output_datasets/vcape-r-20k/us.amazon.nova-2-lite-/batch_15/
2026-04-22 16:04:06,928 - INFO -   JobArn: arn:aws:bedrock:us-east-1:398875891240:model-invocation-job/xlxkr60ehzdn
2026-04-22 16:04:06,928 - INFO - Submitting job: vcape-r-20k-batch-16-2026-04-22-16-03-50
2026-04-22 16:04:06,928 - INFO -   Input:  s3://nintai-auto-qa-beta-us-east-1/autoqa-NIPS/bedrock_input_datasets/vcape-r-20k/batch_16.jsonl
2026-04-22 16:04:06,929 - INFO -   Output: s3://nintai-auto-qa-beta-us-east-1/autoqa-NIPS/bedrock_output_datasets/vcape-r-20k/us.amazon.nova-2-lite-/batch_16/
2026-04-22 16:04:08,682 - INFO -   JobArn: arn:aws:bedrock:us-east-1:398875891240:model-invocation-job/5g02e7xpjtyl
2026-04-22 16:04:08,682 - INFO - Submitting job: vcape-r-20k-batch-17-2026-04-22-16-03-50
2026-04-22 16:04:08,682 - INFO -   Input:  s3://nintai-auto-qa-beta-us-east-1/autoqa-NIPS/bedrock_input_datasets/vcape-r-20k/batch_17.jsonl
2026-04-22 16:04:08,682 - INFO -   Output: s3://nintai-auto-qa-beta-us-east-1/autoqa-NIPS/bedrock_output_datasets/vcape-r-20k/us.amazon.nova-2-lite-/batch_17/
2026-04-22 16:04:09,435 - INFO -   JobArn: arn:aws:bedrock:us-east-1:398875891240:model-invocation-job/s841456netx7
2026-04-22 16:04:09,436 - INFO - Submitting job: vcape-r-20k-batch-18-2026-04-22-16-03-50
2026-04-22 16:04:09,436 - INFO -   Input:  s3://nintai-auto-qa-beta-us-east-1/autoqa-NIPS/bedrock_input_datasets/vcape-r-20k/batch_18.jsonl
2026-04-22 16:04:09,436 - INFO -   Output: s3://nintai-auto-qa-beta-us-east-1/autoqa-NIPS/bedrock_output_datasets/vcape-r-20k/us.amazon.nova-2-lite-/batch_18/
2026-04-22 16:04:10,141 - INFO -   JobArn: arn:aws:bedrock:us-east-1:398875891240:model-invocation-job/mlc2lpkna872
2026-04-22 16:04:10,141 - INFO - Submitting job: vcape-r-20k-batch-19-2026-04-22-16-03-50
2026-04-22 16:04:10,141 - INFO -   Input:  s3://nintai-auto-qa-beta-us-east-1/autoqa-NIPS/bedrock_input_datasets/vcape-r-20k/batch_19.jsonl
2026-04-22 16:04:10,141 - INFO -   Output: s3://nintai-auto-qa-beta-us-east-1/autoqa-NIPS/bedrock_output_datasets/vcape-r-20k/us.amazon.nova-2-lite-/batch_19/
2026-04-22 16:04:11,691 - INFO -   JobArn: arn:aws:bedrock:us-east-1:398875891240:model-invocation-job/af9zti9h3rys
2026-04-22 16:04:11,694 - INFO - All jobs submitted.
2026-04-22 16:04:14,386 - INFO - Loading dataset from: /tmp/vcape-dataset-cache/vcape-s-20k
2026-04-22 16:04:24,441 - INFO - Dataset loaded: 20000 samples, columns: ['xsource_image', 'xtarget_image', 'product_type', 'object_description', 'label', 'rejection_reason', 'pose', 'input_prompt']
2026-04-22 16:04:24,455 - INFO - Dataset shuffled with seed=42
2026-04-22 16:04:24,455 - INFO - Submitting batch jobs 0–19 ...
2026-04-22 16:04:24,492 - INFO - Found credentials in shared credentials file: ~/.aws/credentials
2026-04-22 16:04:24,634 - INFO - Submitting job: vcape-s-20k-batch-0-2026-04-22-16-04-24
2026-04-22 16:04:24,635 - INFO -   Input:  s3://nintai-auto-qa-beta-us-east-1/autoqa-NIPS/bedrock_input_datasets/vcape-s-20k/batch_0.jsonl
2026-04-22 16:04:24,635 - INFO -   Output: s3://nintai-auto-qa-beta-us-east-1/autoqa-NIPS/bedrock_output_datasets/vcape-s-20k/us.amazon.nova-2-lite-/batch_0/
2026-04-22 16:04:25,581 - INFO -   JobArn: arn:aws:bedrock:us-east-1:398875891240:model-invocation-job/3q0dzbiixlnv
2026-04-22 16:04:25,582 - INFO - Submitting job: vcape-s-20k-batch-1-2026-04-22-16-04-24
2026-04-22 16:04:25,582 - INFO -   Input:  s3://nintai-auto-qa-beta-us-east-1/autoqa-NIPS/bedrock_input_datasets/vcape-s-20k/batch_1.jsonl
2026-04-22 16:04:25,582 - INFO -   Output: s3://nintai-auto-qa-beta-us-east-1/autoqa-NIPS/bedrock_output_datasets/vcape-s-20k/us.amazon.nova-2-lite-/batch_1/
2026-04-22 16:04:26,219 - INFO -   JobArn: arn:aws:bedrock:us-east-1:398875891240:model-invocation-job/h1cv7s3ef9m0
2026-04-22 16:04:26,220 - INFO - Submitting job: vcape-s-20k-batch-2-2026-04-22-16-04-24
2026-04-22 16:04:26,220 - INFO -   Input:  s3://nintai-auto-qa-beta-us-east-1/autoqa-NIPS/bedrock_input_datasets/vcape-s-20k/batch_2.jsonl
2026-04-22 16:04:26,220 - INFO -   Output: s3://nintai-auto-qa-beta-us-east-1/autoqa-NIPS/bedrock_output_datasets/vcape-s-20k/us.amazon.nova-2-lite-/batch_2/
2026-04-22 16:04:26,839 - INFO -   JobArn: arn:aws:bedrock:us-east-1:398875891240:model-invocation-job/aj2i43i5j898
2026-04-22 16:04:26,840 - INFO - Submitting job: vcape-s-20k-batch-3-2026-04-22-16-04-24
2026-04-22 16:04:26,840 - INFO -   Input:  s3://nintai-auto-qa-beta-us-east-1/autoqa-NIPS/bedrock_input_datasets/vcape-s-20k/batch_3.jsonl
2026-04-22 16:04:26,840 - INFO -   Output: s3://nintai-auto-qa-beta-us-east-1/autoqa-NIPS/bedrock_output_datasets/vcape-s-20k/us.amazon.nova-2-lite-/batch_3/
2026-04-22 16:04:27,437 - INFO -   JobArn: arn:aws:bedrock:us-east-1:398875891240:model-invocation-job/fkmmcvf771vl
2026-04-22 16:04:27,438 - INFO - Submitting job: vcape-s-20k-batch-4-2026-04-22-16-04-24
2026-04-22 16:04:27,438 - INFO -   Input:  s3://nintai-auto-qa-beta-us-east-1/autoqa-NIPS/bedrock_input_datasets/vcape-s-20k/batch_4.jsonl
2026-04-22 16:04:27,438 - INFO -   Output: s3://nintai-auto-qa-beta-us-east-1/autoqa-NIPS/bedrock_output_datasets/vcape-s-20k/us.amazon.nova-2-lite-/batch_4/
2026-04-22 16:04:28,071 - INFO -   JobArn: arn:aws:bedrock:us-east-1:398875891240:model-invocation-job/bk8t4c90z56v
2026-04-22 16:04:28,071 - INFO - Submitting job: vcape-s-20k-batch-5-2026-04-22-16-04-24
2026-04-22 16:04:28,071 - INFO -   Input:  s3://nintai-auto-qa-beta-us-east-1/autoqa-NIPS/bedrock_input_datasets/vcape-s-20k/batch_5.jsonl
2026-04-22 16:04:28,071 - INFO -   Output: s3://nintai-auto-qa-beta-us-east-1/autoqa-NIPS/bedrock_output_datasets/vcape-s-20k/us.amazon.nova-2-lite-/batch_5/
2026-04-22 16:04:29,262 - INFO -   JobArn: arn:aws:bedrock:us-east-1:398875891240:model-invocation-job/1bg0zh8d3csm
2026-04-22 16:04:29,262 - INFO - Submitting job: vcape-s-20k-batch-6-2026-04-22-16-04-24
2026-04-22 16:04:29,263 - INFO -   Input:  s3://nintai-auto-qa-beta-us-east-1/autoqa-NIPS/bedrock_input_datasets/vcape-s-20k/batch_6.jsonl
2026-04-22 16:04:29,263 - INFO -   Output: s3://nintai-auto-qa-beta-us-east-1/autoqa-NIPS/bedrock_output_datasets/vcape-s-20k/us.amazon.nova-2-lite-/batch_6/
2026-04-22 16:04:30,589 - INFO -   JobArn: arn:aws:bedrock:us-east-1:398875891240:model-invocation-job/le96ngges9bd
2026-04-22 16:04:30,589 - INFO - Submitting job: vcape-s-20k-batch-7-2026-04-22-16-04-24
2026-04-22 16:04:30,589 - INFO -   Input:  s3://nintai-auto-qa-beta-us-east-1/autoqa-NIPS/bedrock_input_datasets/vcape-s-20k/batch_7.jsonl
2026-04-22 16:04:30,589 - INFO -   Output: s3://nintai-auto-qa-beta-us-east-1/autoqa-NIPS/bedrock_output_datasets/vcape-s-20k/us.amazon.nova-2-lite-/batch_7/
2026-04-22 16:04:31,204 - INFO -   JobArn: arn:aws:bedrock:us-east-1:398875891240:model-invocation-job/tuoo70bcowpq
2026-04-22 16:04:31,204 - INFO - Submitting job: vcape-s-20k-batch-8-2026-04-22-16-04-24
2026-04-22 16:04:31,204 - INFO -   Input:  s3://nintai-auto-qa-beta-us-east-1/autoqa-NIPS/bedrock_input_datasets/vcape-s-20k/batch_8.jsonl
2026-04-22 16:04:31,204 - INFO -   Output: s3://nintai-auto-qa-beta-us-east-1/autoqa-NIPS/bedrock_output_datasets/vcape-s-20k/us.amazon.nova-2-lite-/batch_8/
2026-04-22 16:04:31,838 - INFO -   JobArn: arn:aws:bedrock:us-east-1:398875891240:model-invocation-job/biaoinzheihb
2026-04-22 16:04:31,838 - INFO - Submitting job: vcape-s-20k-batch-9-2026-04-22-16-04-24
2026-04-22 16:04:31,838 - INFO -   Input:  s3://nintai-auto-qa-beta-us-east-1/autoqa-NIPS/bedrock_input_datasets/vcape-s-20k/batch_9.jsonl
2026-04-22 16:04:31,838 - INFO -   Output: s3://nintai-auto-qa-beta-us-east-1/autoqa-NIPS/bedrock_output_datasets/vcape-s-20k/us.amazon.nova-2-lite-/batch_9/
2026-04-22 16:04:32,968 - INFO -   JobArn: arn:aws:bedrock:us-east-1:398875891240:model-invocation-job/udw4k2h9gtbc
2026-04-22 16:04:32,968 - INFO - Submitting job: vcape-s-20k-batch-10-2026-04-22-16-04-24
2026-04-22 16:04:32,968 - INFO -   Input:  s3://nintai-auto-qa-beta-us-east-1/autoqa-NIPS/bedrock_input_datasets/vcape-s-20k/batch_10.jsonl
2026-04-22 16:04:32,968 - INFO -   Output: s3://nintai-auto-qa-beta-us-east-1/autoqa-NIPS/bedrock_output_datasets/vcape-s-20k/us.amazon.nova-2-lite-/batch_10/
2026-04-22 16:04:33,567 - INFO -   JobArn: arn:aws:bedrock:us-east-1:398875891240:model-invocation-job/jxdopcrmfhch
2026-04-22 16:04:33,568 - INFO - Submitting job: vcape-s-20k-batch-11-2026-04-22-16-04-24
2026-04-22 16:04:33,568 - INFO -   Input:  s3://nintai-auto-qa-beta-us-east-1/autoqa-NIPS/bedrock_input_datasets/vcape-s-20k/batch_11.jsonl
2026-04-22 16:04:33,569 - INFO -   Output: s3://nintai-auto-qa-beta-us-east-1/autoqa-NIPS/bedrock_output_datasets/vcape-s-20k/us.amazon.nova-2-lite-/batch_11/
2026-04-22 16:04:34,190 - INFO -   JobArn: arn:aws:bedrock:us-east-1:398875891240:model-invocation-job/fhuz8ge3ll5f
2026-04-22 16:04:34,190 - INFO - Submitting job: vcape-s-20k-batch-12-2026-04-22-16-04-24
2026-04-22 16:04:34,190 - INFO -   Input:  s3://nintai-auto-qa-beta-us-east-1/autoqa-NIPS/bedrock_input_datasets/vcape-s-20k/batch_12.jsonl
2026-04-22 16:04:34,191 - INFO -   Output: s3://nintai-auto-qa-beta-us-east-1/autoqa-NIPS/bedrock_output_datasets/vcape-s-20k/us.amazon.nova-2-lite-/batch_12/
2026-04-22 16:04:35,856 - INFO -   JobArn: arn:aws:bedrock:us-east-1:398875891240:model-invocation-job/w92m4ewkhrn7
2026-04-22 16:04:35,856 - INFO - Submitting job: vcape-s-20k-batch-13-2026-04-22-16-04-24
2026-04-22 16:04:35,856 - INFO -   Input:  s3://nintai-auto-qa-beta-us-east-1/autoqa-NIPS/bedrock_input_datasets/vcape-s-20k/batch_13.jsonl
2026-04-22 16:04:35,856 - INFO -   Output: s3://nintai-auto-qa-beta-us-east-1/autoqa-NIPS/bedrock_output_datasets/vcape-s-20k/us.amazon.nova-2-lite-/batch_13/
2026-04-22 16:04:36,712 - INFO -   JobArn: arn:aws:bedrock:us-east-1:398875891240:model-invocation-job/ehuqyasuejvc
2026-04-22 16:04:36,713 - INFO - Submitting job: vcape-s-20k-batch-14-2026-04-22-16-04-24
2026-04-22 16:04:36,713 - INFO -   Input:  s3://nintai-auto-qa-beta-us-east-1/autoqa-NIPS/bedrock_input_datasets/vcape-s-20k/batch_14.jsonl
2026-04-22 16:04:36,713 - INFO -   Output: s3://nintai-auto-qa-beta-us-east-1/autoqa-NIPS/bedrock_output_datasets/vcape-s-20k/us.amazon.nova-2-lite-/batch_14/
2026-04-22 16:04:38,502 - INFO -   JobArn: arn:aws:bedrock:us-east-1:398875891240:model-invocation-job/jwp8swryuapc
2026-04-22 16:04:38,502 - INFO - Submitting job: vcape-s-20k-batch-15-2026-04-22-16-04-24
2026-04-22 16:04:38,502 - INFO -   Input:  s3://nintai-auto-qa-beta-us-east-1/autoqa-NIPS/bedrock_input_datasets/vcape-s-20k/batch_15.jsonl
2026-04-22 16:04:38,502 - INFO -   Output: s3://nintai-auto-qa-beta-us-east-1/autoqa-NIPS/bedrock_output_datasets/vcape-s-20k/us.amazon.nova-2-lite-/batch_15/
2026-04-22 16:04:39,964 - INFO -   JobArn: arn:aws:bedrock:us-east-1:398875891240:model-invocation-job/tkdjph0cqqa0
2026-04-22 16:04:39,964 - INFO - Submitting job: vcape-s-20k-batch-16-2026-04-22-16-04-24
2026-04-22 16:04:39,964 - INFO -   Input:  s3://nintai-auto-qa-beta-us-east-1/autoqa-NIPS/bedrock_input_datasets/vcape-s-20k/batch_16.jsonl
2026-04-22 16:04:39,964 - INFO -   Output: s3://nintai-auto-qa-beta-us-east-1/autoqa-NIPS/bedrock_output_datasets/vcape-s-20k/us.amazon.nova-2-lite-/batch_16/
2026-04-22 16:04:40,670 - INFO -   JobArn: arn:aws:bedrock:us-east-1:398875891240:model-invocation-job/9qg9nbvj6490
2026-04-22 16:04:40,670 - INFO - Submitting job: vcape-s-20k-batch-17-2026-04-22-16-04-24
2026-04-22 16:04:40,670 - INFO -   Input:  s3://nintai-auto-qa-beta-us-east-1/autoqa-NIPS/bedrock_input_datasets/vcape-s-20k/batch_17.jsonl
2026-04-22 16:04:40,671 - INFO -   Output: s3://nintai-auto-qa-beta-us-east-1/autoqa-NIPS/bedrock_output_datasets/vcape-s-20k/us.amazon.nova-2-lite-/batch_17/
2026-04-22 16:04:41,373 - INFO -   JobArn: arn:aws:bedrock:us-east-1:398875891240:model-invocation-job/7k29j4qjyr5f
2026-04-22 16:04:41,373 - INFO - Submitting job: vcape-s-20k-batch-18-2026-04-22-16-04-24
2026-04-22 16:04:41,373 - INFO -   Input:  s3://nintai-auto-qa-beta-us-east-1/autoqa-NIPS/bedrock_input_datasets/vcape-s-20k/batch_18.jsonl
2026-04-22 16:04:41,373 - INFO -   Output: s3://nintai-auto-qa-beta-us-east-1/autoqa-NIPS/bedrock_output_datasets/vcape-s-20k/us.amazon.nova-2-lite-/batch_18/
2026-04-22 16:04:41,988 - INFO -   JobArn: arn:aws:bedrock:us-east-1:398875891240:model-invocation-job/s015hc90tfif
2026-04-22 16:04:41,988 - INFO - Submitting job: vcape-s-20k-batch-19-2026-04-22-16-04-24
2026-04-22 16:04:41,988 - INFO -   Input:  s3://nintai-auto-qa-beta-us-east-1/autoqa-NIPS/bedrock_input_datasets/vcape-s-20k/batch_19.jsonl
2026-04-22 16:04:41,988 - INFO -   Output: s3://nintai-auto-qa-beta-us-east-1/autoqa-NIPS/bedrock_output_datasets/vcape-s-20k/us.amazon.nova-2-lite-/batch_19/
2026-04-22 16:04:42,590 - INFO -   JobArn: arn:aws:bedrock:us-east-1:398875891240:model-invocation-job/j8ugpo6z92sa
2026-04-22 16:04:42,593 - INFO - All jobs submitted.
2026-04-22 16:53:33,391 - INFO - Loading dataset from: /tmp/vcape-dataset-cache/vcape-r-20k
2026-04-22 16:53:42,472 - INFO - Dataset loaded: 20000 samples, columns: ['xsource_image', 'xtarget_image', 'object_description', 'product_type', 'pose', 'input_prompt', 'label', 'rejection_reason']
2026-04-22 16:53:42,610 - INFO - Dataset shuffled with seed=42
2026-04-22 16:53:42,610 - INFO - Submitting batch jobs 0–19 ...
2026-04-22 16:53:42,623 - INFO - Found credentials in shared credentials file: ~/.aws/credentials
2026-04-22 16:53:42,750 - INFO - Submitting job: vcape-r-20k-batch-0-2026-04-22-16-53-42
2026-04-22 16:53:42,750 - INFO -   Input:  s3://nintai-auto-qa-beta-us-east-1/autoqa-NIPS/bedrock_input_datasets/vcape-r-20k/batch_0.jsonl
2026-04-22 16:53:42,750 - INFO -   Output: s3://nintai-auto-qa-beta-us-east-1/autoqa-NIPS/bedrock_output_datasets_prompt_optimized/vcape-r-20k/us.amazon.nova-2-lite-/batch_0/
2026-04-22 16:53:43,769 - INFO -   JobArn: arn:aws:bedrock:us-east-1:398875891240:model-invocation-job/rspv44vdbu59
2026-04-22 16:53:43,769 - INFO - Submitting job: vcape-r-20k-batch-1-2026-04-22-16-53-42
2026-04-22 16:53:43,769 - INFO -   Input:  s3://nintai-auto-qa-beta-us-east-1/autoqa-NIPS/bedrock_input_datasets/vcape-r-20k/batch_1.jsonl
2026-04-22 16:53:43,769 - INFO -   Output: s3://nintai-auto-qa-beta-us-east-1/autoqa-NIPS/bedrock_output_datasets_prompt_optimized/vcape-r-20k/us.amazon.nova-2-lite-/batch_1/
2026-04-22 16:53:44,509 - INFO -   JobArn: arn:aws:bedrock:us-east-1:398875891240:model-invocation-job/3yc5oropdxyt
2026-04-22 16:53:44,509 - INFO - Submitting job: vcape-r-20k-batch-2-2026-04-22-16-53-42
2026-04-22 16:53:44,509 - INFO -   Input:  s3://nintai-auto-qa-beta-us-east-1/autoqa-NIPS/bedrock_input_datasets/vcape-r-20k/batch_2.jsonl
2026-04-22 16:53:44,509 - INFO -   Output: s3://nintai-auto-qa-beta-us-east-1/autoqa-NIPS/bedrock_output_datasets_prompt_optimized/vcape-r-20k/us.amazon.nova-2-lite-/batch_2/
2026-04-22 16:53:45,234 - INFO -   JobArn: arn:aws:bedrock:us-east-1:398875891240:model-invocation-job/wkfipre0mgrk
2026-04-22 16:53:45,234 - INFO - Submitting job: vcape-r-20k-batch-3-2026-04-22-16-53-42
2026-04-22 16:53:45,234 - INFO -   Input:  s3://nintai-auto-qa-beta-us-east-1/autoqa-NIPS/bedrock_input_datasets/vcape-r-20k/batch_3.jsonl
2026-04-22 16:53:45,234 - INFO -   Output: s3://nintai-auto-qa-beta-us-east-1/autoqa-NIPS/bedrock_output_datasets_prompt_optimized/vcape-r-20k/us.amazon.nova-2-lite-/batch_3/
2026-04-22 16:53:45,989 - INFO -   JobArn: arn:aws:bedrock:us-east-1:398875891240:model-invocation-job/ir4zcjtmvb7r
2026-04-22 16:53:45,990 - INFO - Submitting job: vcape-r-20k-batch-4-2026-04-22-16-53-42
2026-04-22 16:53:45,990 - INFO -   Input:  s3://nintai-auto-qa-beta-us-east-1/autoqa-NIPS/bedrock_input_datasets/vcape-r-20k/batch_4.jsonl
2026-04-22 16:53:45,990 - INFO -   Output: s3://nintai-auto-qa-beta-us-east-1/autoqa-NIPS/bedrock_output_datasets_prompt_optimized/vcape-r-20k/us.amazon.nova-2-lite-/batch_4/
2026-04-22 16:53:46,665 - INFO -   JobArn: arn:aws:bedrock:us-east-1:398875891240:model-invocation-job/jzkwfgo9vxfv
2026-04-22 16:53:46,666 - INFO - Submitting job: vcape-r-20k-batch-5-2026-04-22-16-53-42
2026-04-22 16:53:46,666 - INFO -   Input:  s3://nintai-auto-qa-beta-us-east-1/autoqa-NIPS/bedrock_input_datasets/vcape-r-20k/batch_5.jsonl
2026-04-22 16:53:46,666 - INFO -   Output: s3://nintai-auto-qa-beta-us-east-1/autoqa-NIPS/bedrock_output_datasets_prompt_optimized/vcape-r-20k/us.amazon.nova-2-lite-/batch_5/
2026-04-22 16:53:48,148 - INFO -   JobArn: arn:aws:bedrock:us-east-1:398875891240:model-invocation-job/hyx4wj98lqdp
2026-04-22 16:53:48,149 - INFO - Submitting job: vcape-r-20k-batch-6-2026-04-22-16-53-42
2026-04-22 16:53:48,149 - INFO -   Input:  s3://nintai-auto-qa-beta-us-east-1/autoqa-NIPS/bedrock_input_datasets/vcape-r-20k/batch_6.jsonl
2026-04-22 16:53:48,149 - INFO -   Output: s3://nintai-auto-qa-beta-us-east-1/autoqa-NIPS/bedrock_output_datasets_prompt_optimized/vcape-r-20k/us.amazon.nova-2-lite-/batch_6/
2026-04-22 16:53:48,907 - INFO -   JobArn: arn:aws:bedrock:us-east-1:398875891240:model-invocation-job/zoovfn3au7y4
2026-04-22 16:53:48,907 - INFO - Submitting job: vcape-r-20k-batch-7-2026-04-22-16-53-42
2026-04-22 16:53:48,907 - INFO -   Input:  s3://nintai-auto-qa-beta-us-east-1/autoqa-NIPS/bedrock_input_datasets/vcape-r-20k/batch_7.jsonl
2026-04-22 16:53:48,907 - INFO -   Output: s3://nintai-auto-qa-beta-us-east-1/autoqa-NIPS/bedrock_output_datasets_prompt_optimized/vcape-r-20k/us.amazon.nova-2-lite-/batch_7/
2026-04-22 16:53:49,773 - INFO -   JobArn: arn:aws:bedrock:us-east-1:398875891240:model-invocation-job/28spny4ieimf
2026-04-22 16:53:49,773 - INFO - Submitting job: vcape-r-20k-batch-8-2026-04-22-16-53-42
2026-04-22 16:53:49,773 - INFO -   Input:  s3://nintai-auto-qa-beta-us-east-1/autoqa-NIPS/bedrock_input_datasets/vcape-r-20k/batch_8.jsonl
2026-04-22 16:53:49,773 - INFO -   Output: s3://nintai-auto-qa-beta-us-east-1/autoqa-NIPS/bedrock_output_datasets_prompt_optimized/vcape-r-20k/us.amazon.nova-2-lite-/batch_8/
2026-04-22 16:53:50,553 - INFO -   JobArn: arn:aws:bedrock:us-east-1:398875891240:model-invocation-job/v31c34z2s7e4
2026-04-22 16:53:50,553 - INFO - Submitting job: vcape-r-20k-batch-9-2026-04-22-16-53-42
2026-04-22 16:53:50,553 - INFO -   Input:  s3://nintai-auto-qa-beta-us-east-1/autoqa-NIPS/bedrock_input_datasets/vcape-r-20k/batch_9.jsonl
2026-04-22 16:53:50,553 - INFO -   Output: s3://nintai-auto-qa-beta-us-east-1/autoqa-NIPS/bedrock_output_datasets_prompt_optimized/vcape-r-20k/us.amazon.nova-2-lite-/batch_9/
2026-04-22 16:53:51,203 - INFO -   JobArn: arn:aws:bedrock:us-east-1:398875891240:model-invocation-job/x5q29eyyg0r3
2026-04-22 16:53:51,203 - INFO - Submitting job: vcape-r-20k-batch-10-2026-04-22-16-53-42
2026-04-22 16:53:51,203 - INFO -   Input:  s3://nintai-auto-qa-beta-us-east-1/autoqa-NIPS/bedrock_input_datasets/vcape-r-20k/batch_10.jsonl
2026-04-22 16:53:51,203 - INFO -   Output: s3://nintai-auto-qa-beta-us-east-1/autoqa-NIPS/bedrock_output_datasets_prompt_optimized/vcape-r-20k/us.amazon.nova-2-lite-/batch_10/
2026-04-22 16:53:51,872 - INFO -   JobArn: arn:aws:bedrock:us-east-1:398875891240:model-invocation-job/3ngn1wieyjiu
2026-04-22 16:53:51,873 - INFO - Submitting job: vcape-r-20k-batch-11-2026-04-22-16-53-42
2026-04-22 16:53:51,873 - INFO -   Input:  s3://nintai-auto-qa-beta-us-east-1/autoqa-NIPS/bedrock_input_datasets/vcape-r-20k/batch_11.jsonl
2026-04-22 16:53:51,873 - INFO -   Output: s3://nintai-auto-qa-beta-us-east-1/autoqa-NIPS/bedrock_output_datasets_prompt_optimized/vcape-r-20k/us.amazon.nova-2-lite-/batch_11/
2026-04-22 16:53:54,450 - INFO -   JobArn: arn:aws:bedrock:us-east-1:398875891240:model-invocation-job/rpglqeqpz8k0
2026-04-22 16:53:54,451 - INFO - Submitting job: vcape-r-20k-batch-12-2026-04-22-16-53-42
2026-04-22 16:53:54,451 - INFO -   Input:  s3://nintai-auto-qa-beta-us-east-1/autoqa-NIPS/bedrock_input_datasets/vcape-r-20k/batch_12.jsonl
2026-04-22 16:53:54,451 - INFO -   Output: s3://nintai-auto-qa-beta-us-east-1/autoqa-NIPS/bedrock_output_datasets_prompt_optimized/vcape-r-20k/us.amazon.nova-2-lite-/batch_12/
2026-04-22 16:53:55,132 - INFO -   JobArn: arn:aws:bedrock:us-east-1:398875891240:model-invocation-job/b0l7pxt5ooqu
2026-04-22 16:53:55,132 - INFO - Submitting job: vcape-r-20k-batch-13-2026-04-22-16-53-42
2026-04-22 16:53:55,132 - INFO -   Input:  s3://nintai-auto-qa-beta-us-east-1/autoqa-NIPS/bedrock_input_datasets/vcape-r-20k/batch_13.jsonl
2026-04-22 16:53:55,132 - INFO -   Output: s3://nintai-auto-qa-beta-us-east-1/autoqa-NIPS/bedrock_output_datasets_prompt_optimized/vcape-r-20k/us.amazon.nova-2-lite-/batch_13/
2026-04-22 16:54:39,940 - INFO - Loading dataset from: /tmp/vcape-dataset-cache/vcape-r-20k
2026-04-22 16:54:49,212 - INFO - Dataset loaded: 20000 samples, columns: ['xsource_image', 'xtarget_image', 'object_description', 'product_type', 'pose', 'input_prompt', 'label', 'rejection_reason']
2026-04-22 16:54:49,218 - INFO - Dataset shuffled with seed=42
2026-04-22 16:54:49,237 - INFO - Found credentials in shared credentials file: ~/.aws/credentials
2026-04-22 16:54:49,411 - INFO - Creating batches: samples 0–19999 (20000 total), batch_size=1000
2026-04-22 16:56:44,981 - INFO - Uploaded s3://nintai-auto-qa-beta-us-east-1/autoqa-NIPS/bedrock_input_datasets_optimized/vcape-r-20k/batch_0.jsonl (1000 records)
2026-04-22 16:58:38,557 - INFO - Uploaded s3://nintai-auto-qa-beta-us-east-1/autoqa-NIPS/bedrock_input_datasets_optimized/vcape-r-20k/batch_1.jsonl (1000 records)
2026-04-22 17:00:36,769 - INFO - Uploaded s3://nintai-auto-qa-beta-us-east-1/autoqa-NIPS/bedrock_input_datasets_optimized/vcape-r-20k/batch_2.jsonl (1000 records)
2026-04-22 17:02:31,151 - INFO - Uploaded s3://nintai-auto-qa-beta-us-east-1/autoqa-NIPS/bedrock_input_datasets_optimized/vcape-r-20k/batch_3.jsonl (1000 records)
2026-04-22 17:04:24,892 - INFO - Uploaded s3://nintai-auto-qa-beta-us-east-1/autoqa-NIPS/bedrock_input_datasets_optimized/vcape-r-20k/batch_4.jsonl (1000 records)
2026-04-22 17:06:21,689 - INFO - Uploaded s3://nintai-auto-qa-beta-us-east-1/autoqa-NIPS/bedrock_input_datasets_optimized/vcape-r-20k/batch_5.jsonl (1000 records)
2026-04-22 17:08:18,384 - INFO - Uploaded s3://nintai-auto-qa-beta-us-east-1/autoqa-NIPS/bedrock_input_datasets_optimized/vcape-r-20k/batch_6.jsonl (1000 records)
2026-04-22 17:10:13,371 - INFO - Uploaded s3://nintai-auto-qa-beta-us-east-1/autoqa-NIPS/bedrock_input_datasets_optimized/vcape-r-20k/batch_7.jsonl (1000 records)
2026-04-22 17:12:26,181 - INFO - Uploaded s3://nintai-auto-qa-beta-us-east-1/autoqa-NIPS/bedrock_input_datasets_optimized/vcape-r-20k/batch_8.jsonl (1000 records)
2026-04-22 17:14:29,609 - INFO - Uploaded s3://nintai-auto-qa-beta-us-east-1/autoqa-NIPS/bedrock_input_datasets_optimized/vcape-r-20k/batch_9.jsonl (1000 records)
2026-04-22 17:16:27,939 - INFO - Uploaded s3://nintai-auto-qa-beta-us-east-1/autoqa-NIPS/bedrock_input_datasets_optimized/vcape-r-20k/batch_10.jsonl (1000 records)
2026-04-22 17:18:21,258 - INFO - Uploaded s3://nintai-auto-qa-beta-us-east-1/autoqa-NIPS/bedrock_input_datasets_optimized/vcape-r-20k/batch_11.jsonl (1000 records)
2026-04-22 17:20:18,545 - INFO - Uploaded s3://nintai-auto-qa-beta-us-east-1/autoqa-NIPS/bedrock_input_datasets_optimized/vcape-r-20k/batch_12.jsonl (1000 records)
2026-04-22 17:22:19,047 - INFO - Uploaded s3://nintai-auto-qa-beta-us-east-1/autoqa-NIPS/bedrock_input_datasets_optimized/vcape-r-20k/batch_13.jsonl (1000 records)
2026-04-22 17:24:26,811 - INFO - Uploaded s3://nintai-auto-qa-beta-us-east-1/autoqa-NIPS/bedrock_input_datasets_optimized/vcape-r-20k/batch_14.jsonl (1000 records)
2026-04-22 17:26:37,582 - INFO - Uploaded s3://nintai-auto-qa-beta-us-east-1/autoqa-NIPS/bedrock_input_datasets_optimized/vcape-r-20k/batch_15.jsonl (1000 records)
2026-04-22 17:28:30,937 - INFO - Uploaded s3://nintai-auto-qa-beta-us-east-1/autoqa-NIPS/bedrock_input_datasets_optimized/vcape-r-20k/batch_16.jsonl (1000 records)
2026-04-22 17:30:23,611 - INFO - Uploaded s3://nintai-auto-qa-beta-us-east-1/autoqa-NIPS/bedrock_input_datasets_optimized/vcape-r-20k/batch_17.jsonl (1000 records)
2026-04-22 17:32:20,645 - INFO - Uploaded s3://nintai-auto-qa-beta-us-east-1/autoqa-NIPS/bedrock_input_datasets_optimized/vcape-r-20k/batch_18.jsonl (1000 records)
2026-04-22 17:34:12,640 - INFO - Uploaded s3://nintai-auto-qa-beta-us-east-1/autoqa-NIPS/bedrock_input_datasets_optimized/vcape-r-20k/batch_19.jsonl (1000 records)
2026-04-22 17:34:12,641 - INFO - Total batches uploaded: 20
2026-04-22 17:34:12,662 - INFO - Submitting batch jobs 0–19 ...
2026-04-22 17:34:12,683 - INFO - Submitting job: vcape-r-20k-batch-0-2026-04-22-17-34-12
2026-04-22 17:34:12,683 - INFO -   Input:  s3://nintai-auto-qa-beta-us-east-1/autoqa-NIPS/bedrock_input_datasets_optimized/vcape-r-20k/batch_0.jsonl
2026-04-22 17:34:12,683 - INFO -   Output: s3://nintai-auto-qa-beta-us-east-1/autoqa-NIPS/bedrock_output_datasets_prompt_optimized/vcape-r-20k/us.amazon.nova-2-lite-/batch_0/
2026-04-22 17:34:13,735 - INFO -   JobArn: arn:aws:bedrock:us-east-1:398875891240:model-invocation-job/rvky07g821n4
2026-04-22 17:34:13,735 - INFO - Submitting job: vcape-r-20k-batch-1-2026-04-22-17-34-12
2026-04-22 17:34:13,735 - INFO -   Input:  s3://nintai-auto-qa-beta-us-east-1/autoqa-NIPS/bedrock_input_datasets_optimized/vcape-r-20k/batch_1.jsonl
2026-04-22 17:34:13,735 - INFO -   Output: s3://nintai-auto-qa-beta-us-east-1/autoqa-NIPS/bedrock_output_datasets_prompt_optimized/vcape-r-20k/us.amazon.nova-2-lite-/batch_1/
2026-04-22 17:34:14,552 - INFO -   JobArn: arn:aws:bedrock:us-east-1:398875891240:model-invocation-job/kxbu0bul5yyv
2026-04-22 17:34:14,553 - INFO - Submitting job: vcape-r-20k-batch-2-2026-04-22-17-34-12
2026-04-22 17:34:14,553 - INFO -   Input:  s3://nintai-auto-qa-beta-us-east-1/autoqa-NIPS/bedrock_input_datasets_optimized/vcape-r-20k/batch_2.jsonl
2026-04-22 17:34:14,553 - INFO -   Output: s3://nintai-auto-qa-beta-us-east-1/autoqa-NIPS/bedrock_output_datasets_prompt_optimized/vcape-r-20k/us.amazon.nova-2-lite-/batch_2/
2026-04-22 17:34:15,310 - INFO -   JobArn: arn:aws:bedrock:us-east-1:398875891240:model-invocation-job/wpqn015nr0pl
2026-04-22 17:34:15,310 - INFO - Submitting job: vcape-r-20k-batch-3-2026-04-22-17-34-12
2026-04-22 17:34:15,310 - INFO -   Input:  s3://nintai-auto-qa-beta-us-east-1/autoqa-NIPS/bedrock_input_datasets_optimized/vcape-r-20k/batch_3.jsonl
2026-04-22 17:34:15,310 - INFO -   Output: s3://nintai-auto-qa-beta-us-east-1/autoqa-NIPS/bedrock_output_datasets_prompt_optimized/vcape-r-20k/us.amazon.nova-2-lite-/batch_3/
2026-04-22 17:34:16,109 - INFO -   JobArn: arn:aws:bedrock:us-east-1:398875891240:model-invocation-job/qsz4646ulke3
2026-04-22 17:34:16,109 - INFO - Submitting job: vcape-r-20k-batch-4-2026-04-22-17-34-12
2026-04-22 17:34:16,109 - INFO -   Input:  s3://nintai-auto-qa-beta-us-east-1/autoqa-NIPS/bedrock_input_datasets_optimized/vcape-r-20k/batch_4.jsonl
2026-04-22 17:34:16,109 - INFO -   Output: s3://nintai-auto-qa-beta-us-east-1/autoqa-NIPS/bedrock_output_datasets_prompt_optimized/vcape-r-20k/us.amazon.nova-2-lite-/batch_4/
2026-04-22 17:34:16,886 - INFO -   JobArn: arn:aws:bedrock:us-east-1:398875891240:model-invocation-job/ih4xs4azc255
2026-04-22 17:34:16,886 - INFO - Submitting job: vcape-r-20k-batch-5-2026-04-22-17-34-12
2026-04-22 17:34:16,886 - INFO -   Input:  s3://nintai-auto-qa-beta-us-east-1/autoqa-NIPS/bedrock_input_datasets_optimized/vcape-r-20k/batch_5.jsonl
2026-04-22 17:34:16,886 - INFO -   Output: s3://nintai-auto-qa-beta-us-east-1/autoqa-NIPS/bedrock_output_datasets_prompt_optimized/vcape-r-20k/us.amazon.nova-2-lite-/batch_5/
2026-04-22 17:34:17,595 - INFO -   JobArn: arn:aws:bedrock:us-east-1:398875891240:model-invocation-job/1i4bcbhyiowt
2026-04-22 17:34:17,595 - INFO - Submitting job: vcape-r-20k-batch-6-2026-04-22-17-34-12
2026-04-22 17:34:17,595 - INFO -   Input:  s3://nintai-auto-qa-beta-us-east-1/autoqa-NIPS/bedrock_input_datasets_optimized/vcape-r-20k/batch_6.jsonl
2026-04-22 17:34:17,596 - INFO -   Output: s3://nintai-auto-qa-beta-us-east-1/autoqa-NIPS/bedrock_output_datasets_prompt_optimized/vcape-r-20k/us.amazon.nova-2-lite-/batch_6/
2026-04-22 17:34:19,021 - INFO -   JobArn: arn:aws:bedrock:us-east-1:398875891240:model-invocation-job/7fxkwsxyc4d9
2026-04-22 17:34:19,021 - INFO - Submitting job: vcape-r-20k-batch-7-2026-04-22-17-34-12
2026-04-22 17:34:19,021 - INFO -   Input:  s3://nintai-auto-qa-beta-us-east-1/autoqa-NIPS/bedrock_input_datasets_optimized/vcape-r-20k/batch_7.jsonl
2026-04-22 17:34:19,021 - INFO -   Output: s3://nintai-auto-qa-beta-us-east-1/autoqa-NIPS/bedrock_output_datasets_prompt_optimized/vcape-r-20k/us.amazon.nova-2-lite-/batch_7/
2026-04-22 17:34:19,861 - INFO -   JobArn: arn:aws:bedrock:us-east-1:398875891240:model-invocation-job/umr5s0dze3ke
2026-04-22 17:34:19,861 - INFO - Submitting job: vcape-r-20k-batch-8-2026-04-22-17-34-12
2026-04-22 17:34:19,862 - INFO -   Input:  s3://nintai-auto-qa-beta-us-east-1/autoqa-NIPS/bedrock_input_datasets_optimized/vcape-r-20k/batch_8.jsonl
2026-04-22 17:34:19,862 - INFO -   Output: s3://nintai-auto-qa-beta-us-east-1/autoqa-NIPS/bedrock_output_datasets_prompt_optimized/vcape-r-20k/us.amazon.nova-2-lite-/batch_8/
2026-04-22 17:34:20,626 - INFO -   JobArn: arn:aws:bedrock:us-east-1:398875891240:model-invocation-job/k0hq41nqbs1h
2026-04-22 17:34:20,627 - INFO - Submitting job: vcape-r-20k-batch-9-2026-04-22-17-34-12
2026-04-22 17:34:20,627 - INFO -   Input:  s3://nintai-auto-qa-beta-us-east-1/autoqa-NIPS/bedrock_input_datasets_optimized/vcape-r-20k/batch_9.jsonl
2026-04-22 17:34:20,627 - INFO -   Output: s3://nintai-auto-qa-beta-us-east-1/autoqa-NIPS/bedrock_output_datasets_prompt_optimized/vcape-r-20k/us.amazon.nova-2-lite-/batch_9/
2026-04-22 17:34:21,912 - INFO -   JobArn: arn:aws:bedrock:us-east-1:398875891240:model-invocation-job/wyhfkj9hfsgh
2026-04-22 17:34:21,912 - INFO - Submitting job: vcape-r-20k-batch-10-2026-04-22-17-34-12
2026-04-22 17:34:21,912 - INFO -   Input:  s3://nintai-auto-qa-beta-us-east-1/autoqa-NIPS/bedrock_input_datasets_optimized/vcape-r-20k/batch_10.jsonl
2026-04-22 17:34:21,912 - INFO -   Output: s3://nintai-auto-qa-beta-us-east-1/autoqa-NIPS/bedrock_output_datasets_prompt_optimized/vcape-r-20k/us.amazon.nova-2-lite-/batch_10/
2026-04-22 17:34:22,637 - INFO -   JobArn: arn:aws:bedrock:us-east-1:398875891240:model-invocation-job/ua6x8ge84a90
2026-04-22 17:34:22,637 - INFO - Submitting job: vcape-r-20k-batch-11-2026-04-22-17-34-12
2026-04-22 17:34:22,637 - INFO -   Input:  s3://nintai-auto-qa-beta-us-east-1/autoqa-NIPS/bedrock_input_datasets_optimized/vcape-r-20k/batch_11.jsonl
2026-04-22 17:34:22,637 - INFO -   Output: s3://nintai-auto-qa-beta-us-east-1/autoqa-NIPS/bedrock_output_datasets_prompt_optimized/vcape-r-20k/us.amazon.nova-2-lite-/batch_11/
2026-04-22 17:34:24,305 - INFO -   JobArn: arn:aws:bedrock:us-east-1:398875891240:model-invocation-job/e0gouc9vsyw8
2026-04-22 17:34:24,306 - INFO - Submitting job: vcape-r-20k-batch-12-2026-04-22-17-34-12
2026-04-22 17:34:24,306 - INFO -   Input:  s3://nintai-auto-qa-beta-us-east-1/autoqa-NIPS/bedrock_input_datasets_optimized/vcape-r-20k/batch_12.jsonl
2026-04-22 17:34:24,306 - INFO -   Output: s3://nintai-auto-qa-beta-us-east-1/autoqa-NIPS/bedrock_output_datasets_prompt_optimized/vcape-r-20k/us.amazon.nova-2-lite-/batch_12/
2026-04-22 17:34:25,245 - INFO -   JobArn: arn:aws:bedrock:us-east-1:398875891240:model-invocation-job/ylc9twqk9fiu
2026-04-22 17:34:25,246 - INFO - Submitting job: vcape-r-20k-batch-13-2026-04-22-17-34-12
2026-04-22 17:34:25,246 - INFO -   Input:  s3://nintai-auto-qa-beta-us-east-1/autoqa-NIPS/bedrock_input_datasets_optimized/vcape-r-20k/batch_13.jsonl
2026-04-22 17:34:25,246 - INFO -   Output: s3://nintai-auto-qa-beta-us-east-1/autoqa-NIPS/bedrock_output_datasets_prompt_optimized/vcape-r-20k/us.amazon.nova-2-lite-/batch_13/
2026-04-22 17:34:25,958 - INFO -   JobArn: arn:aws:bedrock:us-east-1:398875891240:model-invocation-job/wgektrfk5wn5
2026-04-22 17:34:25,958 - INFO - Submitting job: vcape-r-20k-batch-14-2026-04-22-17-34-12
2026-04-22 17:34:25,958 - INFO -   Input:  s3://nintai-auto-qa-beta-us-east-1/autoqa-NIPS/bedrock_input_datasets_optimized/vcape-r-20k/batch_14.jsonl
2026-04-22 17:34:25,958 - INFO -   Output: s3://nintai-auto-qa-beta-us-east-1/autoqa-NIPS/bedrock_output_datasets_prompt_optimized/vcape-r-20k/us.amazon.nova-2-lite-/batch_14/
2026-04-22 17:34:26,587 - INFO -   JobArn: arn:aws:bedrock:us-east-1:398875891240:model-invocation-job/8kwumjy55lyj
2026-04-22 17:34:26,587 - INFO - Submitting job: vcape-r-20k-batch-15-2026-04-22-17-34-12
2026-04-22 17:34:26,587 - INFO -   Input:  s3://nintai-auto-qa-beta-us-east-1/autoqa-NIPS/bedrock_input_datasets_optimized/vcape-r-20k/batch_15.jsonl
2026-04-22 17:34:26,587 - INFO -   Output: s3://nintai-auto-qa-beta-us-east-1/autoqa-NIPS/bedrock_output_datasets_prompt_optimized/vcape-r-20k/us.amazon.nova-2-lite-/batch_15/
2026-04-22 17:34:27,883 - INFO -   JobArn: arn:aws:bedrock:us-east-1:398875891240:model-invocation-job/6e4ocl5rcllg
2026-04-22 17:34:27,884 - INFO - Submitting job: vcape-r-20k-batch-16-2026-04-22-17-34-12
2026-04-22 17:34:27,884 - INFO -   Input:  s3://nintai-auto-qa-beta-us-east-1/autoqa-NIPS/bedrock_input_datasets_optimized/vcape-r-20k/batch_16.jsonl
2026-04-22 17:34:27,884 - INFO -   Output: s3://nintai-auto-qa-beta-us-east-1/autoqa-NIPS/bedrock_output_datasets_prompt_optimized/vcape-r-20k/us.amazon.nova-2-lite-/batch_16/
2026-04-22 17:34:28,587 - INFO -   JobArn: arn:aws:bedrock:us-east-1:398875891240:model-invocation-job/63uilxui0fyb
2026-04-22 17:34:28,587 - INFO - Submitting job: vcape-r-20k-batch-17-2026-04-22-17-34-12
2026-04-22 17:34:28,587 - INFO -   Input:  s3://nintai-auto-qa-beta-us-east-1/autoqa-NIPS/bedrock_input_datasets_optimized/vcape-r-20k/batch_17.jsonl
2026-04-22 17:34:28,587 - INFO -   Output: s3://nintai-auto-qa-beta-us-east-1/autoqa-NIPS/bedrock_output_datasets_prompt_optimized/vcape-r-20k/us.amazon.nova-2-lite-/batch_17/
2026-04-22 17:34:30,305 - INFO -   JobArn: arn:aws:bedrock:us-east-1:398875891240:model-invocation-job/ie5jdw3c5coy
2026-04-22 17:34:30,305 - INFO - Submitting job: vcape-r-20k-batch-18-2026-04-22-17-34-12
2026-04-22 17:34:30,305 - INFO -   Input:  s3://nintai-auto-qa-beta-us-east-1/autoqa-NIPS/bedrock_input_datasets_optimized/vcape-r-20k/batch_18.jsonl
2026-04-22 17:34:30,306 - INFO -   Output: s3://nintai-auto-qa-beta-us-east-1/autoqa-NIPS/bedrock_output_datasets_prompt_optimized/vcape-r-20k/us.amazon.nova-2-lite-/batch_18/
2026-04-22 17:34:31,044 - INFO -   JobArn: arn:aws:bedrock:us-east-1:398875891240:model-invocation-job/c25103xokx59
2026-04-22 17:34:31,044 - INFO - Submitting job: vcape-r-20k-batch-19-2026-04-22-17-34-12
2026-04-22 17:34:31,044 - INFO -   Input:  s3://nintai-auto-qa-beta-us-east-1/autoqa-NIPS/bedrock_input_datasets_optimized/vcape-r-20k/batch_19.jsonl
2026-04-22 17:34:31,044 - INFO -   Output: s3://nintai-auto-qa-beta-us-east-1/autoqa-NIPS/bedrock_output_datasets_prompt_optimized/vcape-r-20k/us.amazon.nova-2-lite-/batch_19/
2026-04-22 17:34:31,835 - INFO -   JobArn: arn:aws:bedrock:us-east-1:398875891240:model-invocation-job/vdg73l3g1r7p
2026-04-22 17:34:31,838 - INFO - All jobs submitted.
2026-04-22 17:34:34,653 - INFO - Loading dataset from: /tmp/vcape-dataset-cache/vcape-s-20k
2026-04-22 17:34:43,459 - INFO - Dataset loaded: 20000 samples, columns: ['xsource_image', 'xtarget_image', 'product_type', 'object_description', 'label', 'rejection_reason', 'pose', 'input_prompt']
2026-04-22 17:34:43,467 - INFO - Dataset shuffled with seed=42
2026-04-22 17:34:43,485 - INFO - Found credentials in shared credentials file: ~/.aws/credentials
2026-04-22 17:34:43,654 - INFO - Creating batches: samples 0–19999 (20000 total), batch_size=1000
2026-04-22 17:37:22,313 - INFO - Uploaded s3://nintai-auto-qa-beta-us-east-1/autoqa-NIPS/bedrock_input_datasets_optimized/vcape-s-20k/batch_0.jsonl (1000 records)
2026-04-22 17:40:07,547 - INFO - Uploaded s3://nintai-auto-qa-beta-us-east-1/autoqa-NIPS/bedrock_input_datasets_optimized/vcape-s-20k/batch_1.jsonl (1000 records)
2026-04-22 17:42:41,024 - INFO - Uploaded s3://nintai-auto-qa-beta-us-east-1/autoqa-NIPS/bedrock_input_datasets_optimized/vcape-s-20k/batch_2.jsonl (1000 records)
2026-04-22 17:45:16,821 - INFO - Uploaded s3://nintai-auto-qa-beta-us-east-1/autoqa-NIPS/bedrock_input_datasets_optimized/vcape-s-20k/batch_3.jsonl (1000 records)
2026-04-22 17:47:53,249 - INFO - Uploaded s3://nintai-auto-qa-beta-us-east-1/autoqa-NIPS/bedrock_input_datasets_optimized/vcape-s-20k/batch_4.jsonl (1000 records)
2026-04-22 17:50:28,407 - INFO - Uploaded s3://nintai-auto-qa-beta-us-east-1/autoqa-NIPS/bedrock_input_datasets_optimized/vcape-s-20k/batch_5.jsonl (1000 records)
2026-04-22 17:53:52,218 - INFO - Uploaded s3://nintai-auto-qa-beta-us-east-1/autoqa-NIPS/bedrock_input_datasets_optimized/vcape-s-20k/batch_6.jsonl (1000 records)
2026-04-22 17:58:18,890 - INFO - Loading dataset from: /tmp/vcape-dataset-cache/vcape-s-20k
2026-04-22 17:58:29,800 - INFO - Dataset loaded: 20000 samples, columns: ['xsource_image', 'xtarget_image', 'product_type', 'object_description', 'label', 'rejection_reason', 'pose', 'input_prompt']
2026-04-22 17:58:29,813 - INFO - Dataset shuffled with seed=42
2026-04-22 17:58:29,832 - INFO - Found credentials in shared credentials file: ~/.aws/credentials
2026-04-22 17:58:30,024 - INFO - Creating batches: samples 0–19999 (20000 total), batch_size=1000
2026-04-22 18:02:51,081 - INFO - Uploaded s3://nintai-auto-qa-beta-us-east-1/autoqa-NIPS/bedrock_input_datasets_optimized/vcape-s-20k/batch_0.jsonl (1000 records)
2026-04-22 18:08:24,093 - INFO - Uploaded s3://nintai-auto-qa-beta-us-east-1/autoqa-NIPS/bedrock_input_datasets_optimized/vcape-s-20k/batch_1.jsonl (1000 records)
2026-04-22 18:13:11,356 - INFO - Uploaded s3://nintai-auto-qa-beta-us-east-1/autoqa-NIPS/bedrock_input_datasets_optimized/vcape-s-20k/batch_2.jsonl (1000 records)
2026-04-22 18:17:53,752 - INFO - Uploaded s3://nintai-auto-qa-beta-us-east-1/autoqa-NIPS/bedrock_input_datasets_optimized/vcape-s-20k/batch_3.jsonl (1000 records)
2026-04-22 18:22:31,409 - INFO - Uploaded s3://nintai-auto-qa-beta-us-east-1/autoqa-NIPS/bedrock_input_datasets_optimized/vcape-s-20k/batch_4.jsonl (1000 records)
2026-04-22 18:27:09,037 - INFO - Uploaded s3://nintai-auto-qa-beta-us-east-1/autoqa-NIPS/bedrock_input_datasets_optimized/vcape-s-20k/batch_5.jsonl (1000 records)
2026-04-22 18:31:48,181 - INFO - Uploaded s3://nintai-auto-qa-beta-us-east-1/autoqa-NIPS/bedrock_input_datasets_optimized/vcape-s-20k/batch_6.jsonl (1000 records)
2026-04-22 18:35:52,065 - INFO - Uploaded s3://nintai-auto-qa-beta-us-east-1/autoqa-NIPS/bedrock_input_datasets_optimized/vcape-s-20k/batch_7.jsonl (1000 records)
2026-04-22 18:38:25,737 - INFO - Uploaded s3://nintai-auto-qa-beta-us-east-1/autoqa-NIPS/bedrock_input_datasets_optimized/vcape-s-20k/batch_8.jsonl (1000 records)
2026-04-22 18:42:27,204 - INFO - Uploaded s3://nintai-auto-qa-beta-us-east-1/autoqa-NIPS/bedrock_input_datasets_optimized/vcape-s-20k/batch_9.jsonl (1000 records)
2026-04-22 18:44:59,668 - INFO - Uploaded s3://nintai-auto-qa-beta-us-east-1/autoqa-NIPS/bedrock_input_datasets_optimized/vcape-s-20k/batch_10.jsonl (1000 records)
2026-04-22 18:47:31,093 - INFO - Uploaded s3://nintai-auto-qa-beta-us-east-1/autoqa-NIPS/bedrock_input_datasets_optimized/vcape-s-20k/batch_11.jsonl (1000 records)
2026-04-23 11:36:47,597 - INFO - Loading dataset from: /tmp/vcape-dataset-cache/vcape-s-20k
2026-04-23 11:36:57,390 - INFO - Dataset loaded: 20000 samples, columns: ['xsource_image', 'xtarget_image', 'product_type', 'object_description', 'label', 'rejection_reason', 'pose', 'input_prompt']
2026-04-23 11:36:57,396 - INFO - Dataset shuffled with seed=42
2026-04-23 11:36:57,408 - INFO - Found credentials in shared credentials file: ~/.aws/credentials
2026-04-23 11:36:57,572 - INFO - Creating batches: samples 0–19999 (20000 total), batch_size=1000
2026-04-23 11:39:50,795 - INFO - Loading dataset from: /tmp/vcape-dataset-cache/vcape-s-20k
2026-04-23 11:39:59,958 - INFO - Dataset loaded: 20000 samples, columns: ['xsource_image', 'xtarget_image', 'product_type', 'object_description', 'label', 'rejection_reason', 'pose', 'input_prompt']
2026-04-23 11:39:59,962 - INFO - Dataset shuffled with seed=42
2026-04-23 11:39:59,972 - INFO - Found credentials in shared credentials file: ~/.aws/credentials
2026-04-23 11:40:00,114 - INFO - Creating batches: samples 0–19999 (20000 total), batch_size=1000
2026-04-23 11:40:57,404 - INFO - Loading dataset from: /tmp/vcape-dataset-cache/vcape-s-20k
2026-04-23 11:41:04,929 - INFO - Dataset loaded: 20000 samples, columns: ['xsource_image', 'xtarget_image', 'product_type', 'object_description', 'label', 'rejection_reason', 'pose', 'input_prompt']
2026-04-23 11:41:04,936 - INFO - Dataset shuffled with seed=42
2026-04-23 11:41:04,952 - INFO - Found credentials in shared credentials file: ~/.aws/credentials
2026-04-23 11:41:05,081 - INFO - Creating batches: samples 0–19999 (20000 total), batch_size=1000
2026-04-23 11:43:08,442 - INFO - Uploaded s3://nintai-auto-qa-beta-us-east-1/autoqa-NIPS/bedrock_input_datasets_optimized/vcape-s-20k/batch_0.jsonl (1000 records)
2026-04-23 11:45:10,750 - INFO - Uploaded s3://nintai-auto-qa-beta-us-east-1/autoqa-NIPS/bedrock_input_datasets_optimized/vcape-s-20k/batch_1.jsonl (1000 records)
2026-04-23 11:47:14,358 - INFO - Uploaded s3://nintai-auto-qa-beta-us-east-1/autoqa-NIPS/bedrock_input_datasets_optimized/vcape-s-20k/batch_2.jsonl (1000 records)
2026-04-23 11:49:18,129 - INFO - Uploaded s3://nintai-auto-qa-beta-us-east-1/autoqa-NIPS/bedrock_input_datasets_optimized/vcape-s-20k/batch_3.jsonl (1000 records)
2026-04-23 11:51:21,210 - INFO - Uploaded s3://nintai-auto-qa-beta-us-east-1/autoqa-NIPS/bedrock_input_datasets_optimized/vcape-s-20k/batch_4.jsonl (1000 records)
2026-04-23 11:53:25,118 - INFO - Uploaded s3://nintai-auto-qa-beta-us-east-1/autoqa-NIPS/bedrock_input_datasets_optimized/vcape-s-20k/batch_5.jsonl (1000 records)
2026-04-23 11:55:31,979 - INFO - Uploaded s3://nintai-auto-qa-beta-us-east-1/autoqa-NIPS/bedrock_input_datasets_optimized/vcape-s-20k/batch_6.jsonl (1000 records)
2026-04-23 11:57:30,343 - INFO - Uploaded s3://nintai-auto-qa-beta-us-east-1/autoqa-NIPS/bedrock_input_datasets_optimized/vcape-s-20k/batch_7.jsonl (1000 records)
2026-04-23 11:59:32,419 - INFO - Uploaded s3://nintai-auto-qa-beta-us-east-1/autoqa-NIPS/bedrock_input_datasets_optimized/vcape-s-20k/batch_8.jsonl (1000 records)
2026-04-23 12:01:32,814 - INFO - Uploaded s3://nintai-auto-qa-beta-us-east-1/autoqa-NIPS/bedrock_input_datasets_optimized/vcape-s-20k/batch_9.jsonl (1000 records)
2026-04-23 12:03:35,547 - INFO - Uploaded s3://nintai-auto-qa-beta-us-east-1/autoqa-NIPS/bedrock_input_datasets_optimized/vcape-s-20k/batch_10.jsonl (1000 records)
2026-04-23 12:05:42,341 - INFO - Uploaded s3://nintai-auto-qa-beta-us-east-1/autoqa-NIPS/bedrock_input_datasets_optimized/vcape-s-20k/batch_11.jsonl (1000 records)
2026-04-23 12:07:50,747 - INFO - Uploaded s3://nintai-auto-qa-beta-us-east-1/autoqa-NIPS/bedrock_input_datasets_optimized/vcape-s-20k/batch_12.jsonl (1000 records)
2026-04-23 12:10:04,961 - INFO - Uploaded s3://nintai-auto-qa-beta-us-east-1/autoqa-NIPS/bedrock_input_datasets_optimized/vcape-s-20k/batch_13.jsonl (1000 records)
2026-04-23 12:12:06,441 - INFO - Uploaded s3://nintai-auto-qa-beta-us-east-1/autoqa-NIPS/bedrock_input_datasets_optimized/vcape-s-20k/batch_14.jsonl (1000 records)
2026-04-23 12:14:08,994 - INFO - Uploaded s3://nintai-auto-qa-beta-us-east-1/autoqa-NIPS/bedrock_input_datasets_optimized/vcape-s-20k/batch_15.jsonl (1000 records)
2026-04-23 12:16:08,861 - INFO - Uploaded s3://nintai-auto-qa-beta-us-east-1/autoqa-NIPS/bedrock_input_datasets_optimized/vcape-s-20k/batch_16.jsonl (1000 records)
2026-04-23 12:18:13,498 - INFO - Uploaded s3://nintai-auto-qa-beta-us-east-1/autoqa-NIPS/bedrock_input_datasets_optimized/vcape-s-20k/batch_17.jsonl (1000 records)
2026-04-23 12:20:17,347 - INFO - Uploaded s3://nintai-auto-qa-beta-us-east-1/autoqa-NIPS/bedrock_input_datasets_optimized/vcape-s-20k/batch_18.jsonl (1000 records)
2026-04-23 12:22:18,119 - INFO - Uploaded s3://nintai-auto-qa-beta-us-east-1/autoqa-NIPS/bedrock_input_datasets_optimized/vcape-s-20k/batch_19.jsonl (1000 records)
2026-04-23 12:22:18,120 - INFO - Total batches uploaded: 20
2026-04-23 12:22:18,133 - INFO - Batches uploaded. Use --submit-jobs to submit inference jobs.
2026-04-23 13:21:13,491 - INFO - Loading dataset from: /tmp/vcape-dataset-cache/vcape-r-20k
2026-04-23 13:21:21,991 - INFO - Dataset loaded: 20000 samples, columns: ['xsource_image', 'xtarget_image', 'object_description', 'product_type', 'pose', 'input_prompt', 'label', 'rejection_reason']
2026-04-23 13:21:21,996 - INFO - Dataset shuffled with seed=42
2026-04-23 13:21:21,996 - INFO - Batches uploaded. Use --submit-jobs to submit inference jobs.
2026-04-23 13:21:23,623 - INFO - Loading dataset from: /tmp/vcape-dataset-cache/vcape-s-20k
2026-04-23 13:21:32,054 - INFO - Dataset loaded: 20000 samples, columns: ['xsource_image', 'xtarget_image', 'product_type', 'object_description', 'label', 'rejection_reason', 'pose', 'input_prompt']
2026-04-23 13:21:32,058 - INFO - Dataset shuffled with seed=42
2026-04-23 13:21:32,058 - INFO - Batches uploaded. Use --submit-jobs to submit inference jobs.
2026-04-23 13:23:44,706 - INFO - Loading dataset from: /tmp/vcape-dataset-cache/vcape-r-20k
2026-04-23 13:23:51,825 - INFO - Dataset loaded: 20000 samples, columns: ['xsource_image', 'xtarget_image', 'object_description', 'product_type', 'pose', 'input_prompt', 'label', 'rejection_reason']
2026-04-23 13:23:51,830 - INFO - Dataset shuffled with seed=42
2026-04-23 13:23:51,830 - INFO - Batches uploaded. Use --submit-jobs to submit inference jobs.
2026-04-23 13:23:53,400 - INFO - Loading dataset from: /tmp/vcape-dataset-cache/vcape-s-20k
2026-04-23 13:24:02,705 - INFO - Dataset loaded: 20000 samples, columns: ['xsource_image', 'xtarget_image', 'product_type', 'object_description', 'label', 'rejection_reason', 'pose', 'input_prompt']
2026-04-23 13:24:02,730 - INFO - Dataset shuffled with seed=42
2026-04-23 13:24:02,731 - INFO - Batches uploaded. Use --submit-jobs to submit inference jobs.
2026-04-23 13:24:51,095 - INFO - Loading dataset from: /tmp/vcape-dataset-cache/vcape-r-20k
2026-04-23 13:24:58,846 - INFO - Dataset loaded: 20000 samples, columns: ['xsource_image', 'xtarget_image', 'object_description', 'product_type', 'pose', 'input_prompt', 'label', 'rejection_reason']
2026-04-23 13:24:58,851 - INFO - Dataset shuffled with seed=42
2026-04-23 13:24:58,851 - INFO - Batches uploaded. Use --submit-jobs to submit inference jobs.
2026-04-23 13:25:00,636 - INFO - Loading dataset from: /tmp/vcape-dataset-cache/vcape-s-20k
2026-04-23 13:25:08,775 - INFO - Dataset loaded: 20000 samples, columns: ['xsource_image', 'xtarget_image', 'product_type', 'object_description', 'label', 'rejection_reason', 'pose', 'input_prompt']
2026-04-23 13:25:08,782 - INFO - Dataset shuffled with seed=42
2026-04-23 13:25:08,783 - INFO - Batches uploaded. Use --submit-jobs to submit inference jobs.
2026-04-23 13:50:21,974 - INFO - Loading dataset from: /tmp/vcape-dataset-cache/vcape-r-20k
2026-04-23 13:50:30,200 - INFO - Dataset loaded: 20000 samples, columns: ['xsource_image', 'xtarget_image', 'object_description', 'product_type', 'pose', 'input_prompt', 'label', 'rejection_reason']
2026-04-23 13:50:30,204 - INFO - Dataset shuffled with seed=42
2026-04-23 13:50:30,205 - INFO - Batches uploaded. Use --submit-jobs to submit inference jobs.
2026-04-23 13:50:32,083 - INFO - Loading dataset from: /tmp/vcape-dataset-cache/vcape-s-20k
2026-04-23 13:50:40,213 - INFO - Dataset loaded: 20000 samples, columns: ['xsource_image', 'xtarget_image', 'product_type', 'object_description', 'label', 'rejection_reason', 'pose', 'input_prompt']
2026-04-23 13:50:40,218 - INFO - Dataset shuffled with seed=42
2026-04-23 13:50:40,218 - INFO - Batches uploaded. Use --submit-jobs to submit inference jobs.
2026-04-23 13:51:11,811 - INFO - Loading dataset from: /tmp/vcape-dataset-cache/vcape-r-20k
2026-04-23 13:51:28,000 - INFO - Loading dataset from: /tmp/vcape-dataset-cache/vcape-r-20k
2026-04-23 13:51:35,197 - INFO - Loading dataset from: /tmp/vcape-dataset-cache/vcape-r-20k
2026-04-23 13:51:40,262 - INFO - Dataset loaded: 20000 samples, columns: ['xsource_image', 'xtarget_image', 'object_description', 'product_type', 'pose', 'input_prompt', 'label', 'rejection_reason']
2026-04-23 13:51:40,267 - INFO - Dataset shuffled with seed=42
2026-04-23 13:51:40,267 - INFO - Submitting batch jobs 0–19 ...
2026-04-23 13:51:40,275 - INFO - Found credentials in shared credentials file: ~/.aws/credentials
2026-04-23 13:51:40,405 - INFO - Submitting job: vcape-r-20k-batch-0-2026-04-23-13-51-40
2026-04-23 13:51:40,405 - INFO -   Input:  s3://nintai-auto-qa-beta-us-east-1/autoqa-NIPS/bedrock_input_datasets/vcape-r-20k/batch_0.jsonl
2026-04-23 13:51:40,405 - INFO -   Output: s3://nintai-auto-qa-beta-us-east-1/autoqa-NIPS/bedrock_output_datasets/vcape-r-20k/us.anthropic.claude-haiku-4-5-20251001-/batch_0/
2026-04-23 13:51:41,480 - INFO -   JobArn: arn:aws:bedrock:us-east-1:398875891240:model-invocation-job/9zclhy2t36y1
2026-04-23 13:51:41,480 - INFO - Submitting job: vcape-r-20k-batch-1-2026-04-23-13-51-40
2026-04-23 13:51:41,480 - INFO -   Input:  s3://nintai-auto-qa-beta-us-east-1/autoqa-NIPS/bedrock_input_datasets/vcape-r-20k/batch_1.jsonl
2026-04-23 13:51:41,480 - INFO -   Output: s3://nintai-auto-qa-beta-us-east-1/autoqa-NIPS/bedrock_output_datasets/vcape-r-20k/us.anthropic.claude-haiku-4-5-20251001-/batch_1/
2026-04-23 13:51:42,369 - INFO -   JobArn: arn:aws:bedrock:us-east-1:398875891240:model-invocation-job/5j2sfaom5wfl
2026-04-23 13:51:42,369 - INFO - Submitting job: vcape-r-20k-batch-2-2026-04-23-13-51-40
2026-04-23 13:51:42,369 - INFO -   Input:  s3://nintai-auto-qa-beta-us-east-1/autoqa-NIPS/bedrock_input_datasets/vcape-r-20k/batch_2.jsonl
2026-04-23 13:51:42,369 - INFO -   Output: s3://nintai-auto-qa-beta-us-east-1/autoqa-NIPS/bedrock_output_datasets/vcape-r-20k/us.anthropic.claude-haiku-4-5-20251001-/batch_2/
2026-04-23 13:51:43,132 - INFO -   JobArn: arn:aws:bedrock:us-east-1:398875891240:model-invocation-job/94lwbhwtu095
2026-04-23 13:51:43,133 - INFO - Submitting job: vcape-r-20k-batch-3-2026-04-23-13-51-40
2026-04-23 13:51:43,133 - INFO -   Input:  s3://nintai-auto-qa-beta-us-east-1/autoqa-NIPS/bedrock_input_datasets/vcape-r-20k/batch_3.jsonl
2026-04-23 13:51:43,133 - INFO -   Output: s3://nintai-auto-qa-beta-us-east-1/autoqa-NIPS/bedrock_output_datasets/vcape-r-20k/us.anthropic.claude-haiku-4-5-20251001-/batch_3/
2026-04-23 13:51:43,963 - INFO -   JobArn: arn:aws:bedrock:us-east-1:398875891240:model-invocation-job/9m9bidueu6wo
2026-04-23 13:51:43,963 - INFO - Submitting job: vcape-r-20k-batch-4-2026-04-23-13-51-40
2026-04-23 13:51:43,963 - INFO -   Input:  s3://nintai-auto-qa-beta-us-east-1/autoqa-NIPS/bedrock_input_datasets/vcape-r-20k/batch_4.jsonl
2026-04-23 13:51:43,964 - INFO -   Output: s3://nintai-auto-qa-beta-us-east-1/autoqa-NIPS/bedrock_output_datasets/vcape-r-20k/us.anthropic.claude-haiku-4-5-20251001-/batch_4/
2026-04-23 13:51:44,668 - INFO -   JobArn: arn:aws:bedrock:us-east-1:398875891240:model-invocation-job/kn3upu86bkdz
2026-04-23 13:51:44,669 - INFO - Submitting job: vcape-r-20k-batch-5-2026-04-23-13-51-40
2026-04-23 13:51:44,670 - INFO -   Input:  s3://nintai-auto-qa-beta-us-east-1/autoqa-NIPS/bedrock_input_datasets/vcape-r-20k/batch_5.jsonl
2026-04-23 13:51:44,670 - INFO -   Output: s3://nintai-auto-qa-beta-us-east-1/autoqa-NIPS/bedrock_output_datasets/vcape-r-20k/us.anthropic.claude-haiku-4-5-20251001-/batch_5/
2026-04-23 13:51:45,964 - INFO -   JobArn: arn:aws:bedrock:us-east-1:398875891240:model-invocation-job/1ulimnn4on7l
2026-04-23 13:51:45,964 - INFO - Submitting job: vcape-r-20k-batch-6-2026-04-23-13-51-40
2026-04-23 13:51:45,964 - INFO -   Input:  s3://nintai-auto-qa-beta-us-east-1/autoqa-NIPS/bedrock_input_datasets/vcape-r-20k/batch_6.jsonl
2026-04-23 13:51:45,965 - INFO -   Output: s3://nintai-auto-qa-beta-us-east-1/autoqa-NIPS/bedrock_output_datasets/vcape-r-20k/us.anthropic.claude-haiku-4-5-20251001-/batch_6/
2026-04-23 13:51:46,959 - INFO -   JobArn: arn:aws:bedrock:us-east-1:398875891240:model-invocation-job/zwk5apnnu9be
2026-04-23 13:51:46,959 - INFO - Submitting job: vcape-r-20k-batch-7-2026-04-23-13-51-40
2026-04-23 13:51:46,959 - INFO -   Input:  s3://nintai-auto-qa-beta-us-east-1/autoqa-NIPS/bedrock_input_datasets/vcape-r-20k/batch_7.jsonl
2026-04-23 13:51:46,959 - INFO -   Output: s3://nintai-auto-qa-beta-us-east-1/autoqa-NIPS/bedrock_output_datasets/vcape-r-20k/us.anthropic.claude-haiku-4-5-20251001-/batch_7/
2026-04-23 13:51:47,722 - INFO -   JobArn: arn:aws:bedrock:us-east-1:398875891240:model-invocation-job/ydblr2ijw1iv
2026-04-23 13:51:47,722 - INFO - Submitting job: vcape-r-20k-batch-8-2026-04-23-13-51-40
2026-04-23 13:51:47,722 - INFO -   Input:  s3://nintai-auto-qa-beta-us-east-1/autoqa-NIPS/bedrock_input_datasets/vcape-r-20k/batch_8.jsonl
2026-04-23 13:51:47,722 - INFO -   Output: s3://nintai-auto-qa-beta-us-east-1/autoqa-NIPS/bedrock_output_datasets/vcape-r-20k/us.anthropic.claude-haiku-4-5-20251001-/batch_8/
2026-04-23 13:51:48,990 - INFO -   JobArn: arn:aws:bedrock:us-east-1:398875891240:model-invocation-job/6s85gpjomws7
2026-04-23 13:51:48,990 - INFO - Submitting job: vcape-r-20k-batch-9-2026-04-23-13-51-40
2026-04-23 13:51:48,990 - INFO -   Input:  s3://nintai-auto-qa-beta-us-east-1/autoqa-NIPS/bedrock_input_datasets/vcape-r-20k/batch_9.jsonl
2026-04-23 13:51:48,990 - INFO -   Output: s3://nintai-auto-qa-beta-us-east-1/autoqa-NIPS/bedrock_output_datasets/vcape-r-20k/us.anthropic.claude-haiku-4-5-20251001-/batch_9/
2026-04-23 13:51:49,831 - INFO -   JobArn: arn:aws:bedrock:us-east-1:398875891240:model-invocation-job/z70bswgc0ghe
2026-04-23 13:51:49,831 - INFO - Submitting job: vcape-r-20k-batch-10-2026-04-23-13-51-40
2026-04-23 13:51:49,831 - INFO -   Input:  s3://nintai-auto-qa-beta-us-east-1/autoqa-NIPS/bedrock_input_datasets/vcape-r-20k/batch_10.jsonl
2026-04-23 13:51:49,831 - INFO -   Output: s3://nintai-auto-qa-beta-us-east-1/autoqa-NIPS/bedrock_output_datasets/vcape-r-20k/us.anthropic.claude-haiku-4-5-20251001-/batch_10/
2026-04-23 13:51:50,614 - INFO -   JobArn: arn:aws:bedrock:us-east-1:398875891240:model-invocation-job/xmm85rpcnnhd
2026-04-23 13:51:50,615 - INFO - Submitting job: vcape-r-20k-batch-11-2026-04-23-13-51-40
2026-04-23 13:51:50,615 - INFO -   Input:  s3://nintai-auto-qa-beta-us-east-1/autoqa-NIPS/bedrock_input_datasets/vcape-r-20k/batch_11.jsonl
2026-04-23 13:51:50,615 - INFO -   Output: s3://nintai-auto-qa-beta-us-east-1/autoqa-NIPS/bedrock_output_datasets/vcape-r-20k/us.anthropic.claude-haiku-4-5-20251001-/batch_11/
2026-04-23 13:51:51,258 - INFO -   JobArn: arn:aws:bedrock:us-east-1:398875891240:model-invocation-job/rnv1g49mvgey
2026-04-23 13:51:51,258 - INFO - Submitting job: vcape-r-20k-batch-12-2026-04-23-13-51-40
2026-04-23 13:51:51,258 - INFO -   Input:  s3://nintai-auto-qa-beta-us-east-1/autoqa-NIPS/bedrock_input_datasets/vcape-r-20k/batch_12.jsonl
2026-04-23 13:51:51,258 - INFO -   Output: s3://nintai-auto-qa-beta-us-east-1/autoqa-NIPS/bedrock_output_datasets/vcape-r-20k/us.anthropic.claude-haiku-4-5-20251001-/batch_12/
2026-04-23 13:51:53,288 - INFO -   JobArn: arn:aws:bedrock:us-east-1:398875891240:model-invocation-job/6333xfem8bge
2026-04-23 13:51:53,288 - INFO - Submitting job: vcape-r-20k-batch-13-2026-04-23-13-51-40
2026-04-23 13:51:53,288 - INFO -   Input:  s3://nintai-auto-qa-beta-us-east-1/autoqa-NIPS/bedrock_input_datasets/vcape-r-20k/batch_13.jsonl
2026-04-23 13:51:53,288 - INFO -   Output: s3://nintai-auto-qa-beta-us-east-1/autoqa-NIPS/bedrock_output_datasets/vcape-r-20k/us.anthropic.claude-haiku-4-5-20251001-/batch_13/
2026-04-23 13:51:53,952 - INFO -   JobArn: arn:aws:bedrock:us-east-1:398875891240:model-invocation-job/j9f28juyzjdm
2026-04-23 13:51:53,952 - INFO - Submitting job: vcape-r-20k-batch-14-2026-04-23-13-51-40
2026-04-23 13:51:53,952 - INFO -   Input:  s3://nintai-auto-qa-beta-us-east-1/autoqa-NIPS/bedrock_input_datasets/vcape-r-20k/batch_14.jsonl
2026-04-23 13:51:53,952 - INFO -   Output: s3://nintai-auto-qa-beta-us-east-1/autoqa-NIPS/bedrock_output_datasets/vcape-r-20k/us.anthropic.claude-haiku-4-5-20251001-/batch_14/
2026-04-23 13:51:54,617 - INFO -   JobArn: arn:aws:bedrock:us-east-1:398875891240:model-invocation-job/i5f8x84b67c4
2026-04-23 13:51:54,617 - INFO - Submitting job: vcape-r-20k-batch-15-2026-04-23-13-51-40
2026-04-23 13:51:54,617 - INFO -   Input:  s3://nintai-auto-qa-beta-us-east-1/autoqa-NIPS/bedrock_input_datasets/vcape-r-20k/batch_15.jsonl
2026-04-23 13:51:54,617 - INFO -   Output: s3://nintai-auto-qa-beta-us-east-1/autoqa-NIPS/bedrock_output_datasets/vcape-r-20k/us.anthropic.claude-haiku-4-5-20251001-/batch_15/
2026-04-23 13:51:55,319 - INFO -   JobArn: arn:aws:bedrock:us-east-1:398875891240:model-invocation-job/7bn53mvfd3x9
2026-04-23 13:51:55,319 - INFO - Submitting job: vcape-r-20k-batch-16-2026-04-23-13-51-40
2026-04-23 13:51:55,319 - INFO -   Input:  s3://nintai-auto-qa-beta-us-east-1/autoqa-NIPS/bedrock_input_datasets/vcape-r-20k/batch_16.jsonl
2026-04-23 13:51:55,319 - INFO -   Output: s3://nintai-auto-qa-beta-us-east-1/autoqa-NIPS/bedrock_output_datasets/vcape-r-20k/us.anthropic.claude-haiku-4-5-20251001-/batch_16/
2026-04-23 13:51:56,805 - INFO -   JobArn: arn:aws:bedrock:us-east-1:398875891240:model-invocation-job/oaqaobgx3ggk
2026-04-23 13:51:56,805 - INFO - Submitting job: vcape-r-20k-batch-17-2026-04-23-13-51-40
2026-04-23 13:51:56,805 - INFO -   Input:  s3://nintai-auto-qa-beta-us-east-1/autoqa-NIPS/bedrock_input_datasets/vcape-r-20k/batch_17.jsonl
2026-04-23 13:51:56,805 - INFO -   Output: s3://nintai-auto-qa-beta-us-east-1/autoqa-NIPS/bedrock_output_datasets/vcape-r-20k/us.anthropic.claude-haiku-4-5-20251001-/batch_17/
2026-04-23 13:51:57,548 - INFO -   JobArn: arn:aws:bedrock:us-east-1:398875891240:model-invocation-job/6k9bx652797y
2026-04-23 13:51:57,548 - INFO - Submitting job: vcape-r-20k-batch-18-2026-04-23-13-51-40
2026-04-23 13:51:57,548 - INFO -   Input:  s3://nintai-auto-qa-beta-us-east-1/autoqa-NIPS/bedrock_input_datasets/vcape-r-20k/batch_18.jsonl
2026-04-23 13:51:57,548 - INFO -   Output: s3://nintai-auto-qa-beta-us-east-1/autoqa-NIPS/bedrock_output_datasets/vcape-r-20k/us.anthropic.claude-haiku-4-5-20251001-/batch_18/
2026-04-23 13:51:59,301 - INFO -   JobArn: arn:aws:bedrock:us-east-1:398875891240:model-invocation-job/3yubr859gd5s
2026-04-23 13:51:59,301 - INFO - Submitting job: vcape-r-20k-batch-19-2026-04-23-13-51-40
2026-04-23 13:51:59,301 - INFO -   Input:  s3://nintai-auto-qa-beta-us-east-1/autoqa-NIPS/bedrock_input_datasets/vcape-r-20k/batch_19.jsonl
2026-04-23 13:51:59,301 - INFO -   Output: s3://nintai-auto-qa-beta-us-east-1/autoqa-NIPS/bedrock_output_datasets/vcape-r-20k/us.anthropic.claude-haiku-4-5-20251001-/batch_19/
2026-04-23 13:52:00,151 - INFO -   JobArn: arn:aws:bedrock:us-east-1:398875891240:model-invocation-job/s7irsguylqxj
2026-04-23 13:52:00,153 - INFO - All jobs submitted.
2026-04-23 13:52:02,262 - INFO - Loading dataset from: /tmp/vcape-dataset-cache/vcape-s-20k
2026-04-23 13:52:10,009 - INFO - Dataset loaded: 20000 samples, columns: ['xsource_image', 'xtarget_image', 'product_type', 'object_description', 'label', 'rejection_reason', 'pose', 'input_prompt']
2026-04-23 13:52:10,020 - INFO - Dataset shuffled with seed=42
2026-04-23 13:52:10,020 - INFO - Submitting batch jobs 0–19 ...
2026-04-23 13:52:10,039 - INFO - Found credentials in shared credentials file: ~/.aws/credentials
2026-04-23 13:52:10,127 - INFO - Submitting job: vcape-s-20k-batch-0-2026-04-23-13-52-10
2026-04-23 13:52:10,127 - INFO -   Input:  s3://nintai-auto-qa-beta-us-east-1/autoqa-NIPS/bedrock_input_datasets/vcape-s-20k/batch_0.jsonl
2026-04-23 13:52:10,127 - INFO -   Output: s3://nintai-auto-qa-beta-us-east-1/autoqa-NIPS/bedrock_output_datasets/vcape-s-20k/us.anthropic.claude-haiku-4-5-20251001-/batch_0/
2026-04-23 13:52:11,209 - INFO -   JobArn: arn:aws:bedrock:us-east-1:398875891240:model-invocation-job/ce6kvxze9s2f
2026-04-23 13:52:11,209 - INFO - Submitting job: vcape-s-20k-batch-1-2026-04-23-13-52-10
2026-04-23 13:52:11,209 - INFO -   Input:  s3://nintai-auto-qa-beta-us-east-1/autoqa-NIPS/bedrock_input_datasets/vcape-s-20k/batch_1.jsonl
2026-04-23 13:52:11,209 - INFO -   Output: s3://nintai-auto-qa-beta-us-east-1/autoqa-NIPS/bedrock_output_datasets/vcape-s-20k/us.anthropic.claude-haiku-4-5-20251001-/batch_1/
2026-04-23 13:52:11,937 - INFO -   JobArn: arn:aws:bedrock:us-east-1:398875891240:model-invocation-job/nu1tr9iz9h6b
2026-04-23 13:52:11,937 - INFO - Submitting job: vcape-s-20k-batch-2-2026-04-23-13-52-10
2026-04-23 13:52:11,937 - INFO -   Input:  s3://nintai-auto-qa-beta-us-east-1/autoqa-NIPS/bedrock_input_datasets/vcape-s-20k/batch_2.jsonl
2026-04-23 13:52:11,937 - INFO -   Output: s3://nintai-auto-qa-beta-us-east-1/autoqa-NIPS/bedrock_output_datasets/vcape-s-20k/us.anthropic.claude-haiku-4-5-20251001-/batch_2/
2026-04-23 13:52:12,602 - INFO -   JobArn: arn:aws:bedrock:us-east-1:398875891240:model-invocation-job/kx4r1hid4p60
2026-04-23 13:52:12,602 - INFO - Submitting job: vcape-s-20k-batch-3-2026-04-23-13-52-10
2026-04-23 13:52:12,602 - INFO -   Input:  s3://nintai-auto-qa-beta-us-east-1/autoqa-NIPS/bedrock_input_datasets/vcape-s-20k/batch_3.jsonl
2026-04-23 13:52:12,602 - INFO -   Output: s3://nintai-auto-qa-beta-us-east-1/autoqa-NIPS/bedrock_output_datasets/vcape-s-20k/us.anthropic.claude-haiku-4-5-20251001-/batch_3/
2026-04-23 13:52:13,344 - INFO -   JobArn: arn:aws:bedrock:us-east-1:398875891240:model-invocation-job/bynzhyf8vssq
2026-04-23 13:52:13,345 - INFO - Submitting job: vcape-s-20k-batch-4-2026-04-23-13-52-10
2026-04-23 13:52:13,345 - INFO -   Input:  s3://nintai-auto-qa-beta-us-east-1/autoqa-NIPS/bedrock_input_datasets/vcape-s-20k/batch_4.jsonl
2026-04-23 13:52:13,345 - INFO -   Output: s3://nintai-auto-qa-beta-us-east-1/autoqa-NIPS/bedrock_output_datasets/vcape-s-20k/us.anthropic.claude-haiku-4-5-20251001-/batch_4/
2026-04-23 13:52:14,192 - INFO -   JobArn: arn:aws:bedrock:us-east-1:398875891240:model-invocation-job/dwybr89xzhm9
2026-04-23 13:52:14,193 - INFO - Submitting job: vcape-s-20k-batch-5-2026-04-23-13-52-10
2026-04-23 13:52:14,193 - INFO -   Input:  s3://nintai-auto-qa-beta-us-east-1/autoqa-NIPS/bedrock_input_datasets/vcape-s-20k/batch_5.jsonl
2026-04-23 13:52:14,193 - INFO -   Output: s3://nintai-auto-qa-beta-us-east-1/autoqa-NIPS/bedrock_output_datasets/vcape-s-20k/us.anthropic.claude-haiku-4-5-20251001-/batch_5/
2026-04-23 13:52:14,928 - INFO -   JobArn: arn:aws:bedrock:us-east-1:398875891240:model-invocation-job/zkiugp6alspg
2026-04-23 13:52:14,928 - INFO - Submitting job: vcape-s-20k-batch-6-2026-04-23-13-52-10
2026-04-23 13:52:14,928 - INFO -   Input:  s3://nintai-auto-qa-beta-us-east-1/autoqa-NIPS/bedrock_input_datasets/vcape-s-20k/batch_6.jsonl
2026-04-23 13:52:14,928 - INFO -   Output: s3://nintai-auto-qa-beta-us-east-1/autoqa-NIPS/bedrock_output_datasets/vcape-s-20k/us.anthropic.claude-haiku-4-5-20251001-/batch_6/
2026-04-23 13:52:16,485 - INFO -   JobArn: arn:aws:bedrock:us-east-1:398875891240:model-invocation-job/0tz4wbq9ctcx
2026-04-23 13:52:16,486 - INFO - Submitting job: vcape-s-20k-batch-7-2026-04-23-13-52-10
2026-04-23 13:52:16,486 - INFO -   Input:  s3://nintai-auto-qa-beta-us-east-1/autoqa-NIPS/bedrock_input_datasets/vcape-s-20k/batch_7.jsonl
2026-04-23 13:52:16,486 - INFO -   Output: s3://nintai-auto-qa-beta-us-east-1/autoqa-NIPS/bedrock_output_datasets/vcape-s-20k/us.anthropic.claude-haiku-4-5-20251001-/batch_7/
2026-04-23 13:52:17,133 - INFO -   JobArn: arn:aws:bedrock:us-east-1:398875891240:model-invocation-job/813ly0ixpwov
2026-04-23 13:52:17,133 - INFO - Submitting job: vcape-s-20k-batch-8-2026-04-23-13-52-10
2026-04-23 13:52:17,133 - INFO -   Input:  s3://nintai-auto-qa-beta-us-east-1/autoqa-NIPS/bedrock_input_datasets/vcape-s-20k/batch_8.jsonl
2026-04-23 13:52:17,133 - INFO -   Output: s3://nintai-auto-qa-beta-us-east-1/autoqa-NIPS/bedrock_output_datasets/vcape-s-20k/us.anthropic.claude-haiku-4-5-20251001-/batch_8/
2026-04-23 13:52:17,886 - INFO -   JobArn: arn:aws:bedrock:us-east-1:398875891240:model-invocation-job/pbcmvupg7piq
2026-04-23 13:52:17,886 - INFO - Submitting job: vcape-s-20k-batch-9-2026-04-23-13-52-10
2026-04-23 13:52:17,886 - INFO -   Input:  s3://nintai-auto-qa-beta-us-east-1/autoqa-NIPS/bedrock_input_datasets/vcape-s-20k/batch_9.jsonl
2026-04-23 13:52:17,886 - INFO -   Output: s3://nintai-auto-qa-beta-us-east-1/autoqa-NIPS/bedrock_output_datasets/vcape-s-20k/us.anthropic.claude-haiku-4-5-20251001-/batch_9/
2026-04-23 13:52:18,805 - INFO -   JobArn: arn:aws:bedrock:us-east-1:398875891240:model-invocation-job/duma4887jpwn
2026-04-23 13:52:18,806 - INFO - Submitting job: vcape-s-20k-batch-10-2026-04-23-13-52-10
2026-04-23 13:52:18,806 - INFO -   Input:  s3://nintai-auto-qa-beta-us-east-1/autoqa-NIPS/bedrock_input_datasets/vcape-s-20k/batch_10.jsonl
2026-04-23 13:52:18,806 - INFO -   Output: s3://nintai-auto-qa-beta-us-east-1/autoqa-NIPS/bedrock_output_datasets/vcape-s-20k/us.anthropic.claude-haiku-4-5-20251001-/batch_10/
2026-04-23 13:52:19,437 - INFO -   JobArn: arn:aws:bedrock:us-east-1:398875891240:model-invocation-job/flenbl59ii6q
2026-04-23 13:52:19,438 - INFO - Submitting job: vcape-s-20k-batch-11-2026-04-23-13-52-10
2026-04-23 13:52:19,438 - INFO -   Input:  s3://nintai-auto-qa-beta-us-east-1/autoqa-NIPS/bedrock_input_datasets/vcape-s-20k/batch_11.jsonl
2026-04-23 13:52:19,438 - INFO -   Output: s3://nintai-auto-qa-beta-us-east-1/autoqa-NIPS/bedrock_output_datasets/vcape-s-20k/us.anthropic.claude-haiku-4-5-20251001-/batch_11/
2026-04-23 13:52:20,405 - INFO -   JobArn: arn:aws:bedrock:us-east-1:398875891240:model-invocation-job/ksfwe74nl8jw
2026-04-23 13:52:20,405 - INFO - Submitting job: vcape-s-20k-batch-12-2026-04-23-13-52-10
2026-04-23 13:52:20,406 - INFO -   Input:  s3://nintai-auto-qa-beta-us-east-1/autoqa-NIPS/bedrock_input_datasets/vcape-s-20k/batch_12.jsonl
2026-04-23 13:52:20,406 - INFO -   Output: s3://nintai-auto-qa-beta-us-east-1/autoqa-NIPS/bedrock_output_datasets/vcape-s-20k/us.anthropic.claude-haiku-4-5-20251001-/batch_12/
2026-04-23 13:52:22,109 - INFO -   JobArn: arn:aws:bedrock:us-east-1:398875891240:model-invocation-job/eqzcbs1j0oac
2026-04-23 13:52:22,109 - INFO - Submitting job: vcape-s-20k-batch-13-2026-04-23-13-52-10
2026-04-23 13:52:22,109 - INFO -   Input:  s3://nintai-auto-qa-beta-us-east-1/autoqa-NIPS/bedrock_input_datasets/vcape-s-20k/batch_13.jsonl
2026-04-23 13:52:22,109 - INFO -   Output: s3://nintai-auto-qa-beta-us-east-1/autoqa-NIPS/bedrock_output_datasets/vcape-s-20k/us.anthropic.claude-haiku-4-5-20251001-/batch_13/
2026-04-23 13:52:23,461 - INFO -   JobArn: arn:aws:bedrock:us-east-1:398875891240:model-invocation-job/ol9ex3qnxvq9
2026-04-23 13:52:23,461 - INFO - Submitting job: vcape-s-20k-batch-14-2026-04-23-13-52-10
2026-04-23 13:52:23,461 - INFO -   Input:  s3://nintai-auto-qa-beta-us-east-1/autoqa-NIPS/bedrock_input_datasets/vcape-s-20k/batch_14.jsonl
2026-04-23 13:52:23,462 - INFO -   Output: s3://nintai-auto-qa-beta-us-east-1/autoqa-NIPS/bedrock_output_datasets/vcape-s-20k/us.anthropic.claude-haiku-4-5-20251001-/batch_14/
2026-04-23 13:52:24,114 - INFO -   JobArn: arn:aws:bedrock:us-east-1:398875891240:model-invocation-job/7bmrbifce0l1
2026-04-23 13:52:24,115 - INFO - Submitting job: vcape-s-20k-batch-15-2026-04-23-13-52-10
2026-04-23 13:52:24,116 - INFO -   Input:  s3://nintai-auto-qa-beta-us-east-1/autoqa-NIPS/bedrock_input_datasets/vcape-s-20k/batch_15.jsonl
2026-04-23 13:52:24,116 - INFO -   Output: s3://nintai-auto-qa-beta-us-east-1/autoqa-NIPS/bedrock_output_datasets/vcape-s-20k/us.anthropic.claude-haiku-4-5-20251001-/batch_15/
2026-04-23 13:52:24,770 - INFO -   JobArn: arn:aws:bedrock:us-east-1:398875891240:model-invocation-job/nc65lkjwqm58
2026-04-23 13:52:24,770 - INFO - Submitting job: vcape-s-20k-batch-16-2026-04-23-13-52-10
2026-04-23 13:52:24,770 - INFO -   Input:  s3://nintai-auto-qa-beta-us-east-1/autoqa-NIPS/bedrock_input_datasets/vcape-s-20k/batch_16.jsonl
2026-04-23 13:52:24,770 - INFO -   Output: s3://nintai-auto-qa-beta-us-east-1/autoqa-NIPS/bedrock_output_datasets/vcape-s-20k/us.anthropic.claude-haiku-4-5-20251001-/batch_16/
2026-04-23 13:52:26,480 - INFO -   JobArn: arn:aws:bedrock:us-east-1:398875891240:model-invocation-job/ekekrbkzbk92
2026-04-23 13:52:26,481 - INFO - Submitting job: vcape-s-20k-batch-17-2026-04-23-13-52-10
2026-04-23 13:52:26,481 - INFO -   Input:  s3://nintai-auto-qa-beta-us-east-1/autoqa-NIPS/bedrock_input_datasets/vcape-s-20k/batch_17.jsonl
2026-04-23 13:52:26,481 - INFO -   Output: s3://nintai-auto-qa-beta-us-east-1/autoqa-NIPS/bedrock_output_datasets/vcape-s-20k/us.anthropic.claude-haiku-4-5-20251001-/batch_17/
2026-04-23 13:52:27,261 - INFO -   JobArn: arn:aws:bedrock:us-east-1:398875891240:model-invocation-job/x736qm2s5t3l
2026-04-23 13:52:27,261 - INFO - Submitting job: vcape-s-20k-batch-18-2026-04-23-13-52-10
2026-04-23 13:52:27,262 - INFO -   Input:  s3://nintai-auto-qa-beta-us-east-1/autoqa-NIPS/bedrock_input_datasets/vcape-s-20k/batch_18.jsonl
2026-04-23 13:52:27,262 - INFO -   Output: s3://nintai-auto-qa-beta-us-east-1/autoqa-NIPS/bedrock_output_datasets/vcape-s-20k/us.anthropic.claude-haiku-4-5-20251001-/batch_18/
2026-04-23 13:52:28,029 - INFO -   JobArn: arn:aws:bedrock:us-east-1:398875891240:model-invocation-job/g5lrq3wy3z7n
2026-04-23 13:52:28,030 - INFO - Submitting job: vcape-s-20k-batch-19-2026-04-23-13-52-10
2026-04-23 13:52:28,030 - INFO -   Input:  s3://nintai-auto-qa-beta-us-east-1/autoqa-NIPS/bedrock_input_datasets/vcape-s-20k/batch_19.jsonl
2026-04-23 13:52:28,030 - INFO -   Output: s3://nintai-auto-qa-beta-us-east-1/autoqa-NIPS/bedrock_output_datasets/vcape-s-20k/us.anthropic.claude-haiku-4-5-20251001-/batch_19/
2026-04-23 13:52:28,639 - INFO -   JobArn: arn:aws:bedrock:us-east-1:398875891240:model-invocation-job/ax53723lz246
2026-04-23 13:52:28,642 - INFO - All jobs submitted.
2026-04-23 15:30:37,625 - INFO - Loading dataset from: /tmp/vcape-dataset-cache/vcape-r-20k
2026-04-23 15:30:44,950 - INFO - Dataset loaded: 20000 samples, columns: ['xsource_image', 'xtarget_image', 'object_description', 'product_type', 'pose', 'input_prompt', 'label', 'rejection_reason']
2026-04-23 15:30:44,956 - INFO - Dataset shuffled with seed=42
2026-04-23 15:30:44,956 - INFO - Submitting batch jobs 0–19 ...
2026-04-23 15:30:44,967 - INFO - Found credentials in shared credentials file: ~/.aws/credentials
2026-04-23 15:30:45,107 - INFO - Submitting job: vcape-r-20k-batch-0-2026-04-23-15-30-45
2026-04-23 15:30:45,107 - INFO -   Input:  s3://nintai-auto-qa-beta-us-east-1/autoqa-NIPS/bedrock_input_datasets_optimized/vcape-r-20k/batch_0.jsonl
2026-04-23 15:30:45,107 - INFO -   Output: s3://nintai-auto-qa-beta-us-east-1/autoqa-NIPS/bedrock_output_datasets_prompt_optimized/vcape-r-20k/us.anthropic.claude-3-7-sonnet-20250219-/batch_0/
2026-04-23 15:30:46,393 - INFO -   JobArn: arn:aws:bedrock:us-east-1:398875891240:model-invocation-job/o8cnelstxcw4
2026-04-23 15:30:46,393 - INFO - Submitting job: vcape-r-20k-batch-1-2026-04-23-15-30-45
2026-04-23 15:30:46,394 - INFO -   Input:  s3://nintai-auto-qa-beta-us-east-1/autoqa-NIPS/bedrock_input_datasets_optimized/vcape-r-20k/batch_1.jsonl
2026-04-23 15:30:46,394 - INFO -   Output: s3://nintai-auto-qa-beta-us-east-1/autoqa-NIPS/bedrock_output_datasets_prompt_optimized/vcape-r-20k/us.anthropic.claude-3-7-sonnet-20250219-/batch_1/
2026-04-23 15:30:47,299 - INFO -   JobArn: arn:aws:bedrock:us-east-1:398875891240:model-invocation-job/9mgn08br3xns
2026-04-23 15:30:47,299 - INFO - Submitting job: vcape-r-20k-batch-2-2026-04-23-15-30-45
2026-04-23 15:30:47,299 - INFO -   Input:  s3://nintai-auto-qa-beta-us-east-1/autoqa-NIPS/bedrock_input_datasets_optimized/vcape-r-20k/batch_2.jsonl
2026-04-23 15:30:47,299 - INFO -   Output: s3://nintai-auto-qa-beta-us-east-1/autoqa-NIPS/bedrock_output_datasets_prompt_optimized/vcape-r-20k/us.anthropic.claude-3-7-sonnet-20250219-/batch_2/
2026-04-23 15:30:48,315 - INFO -   JobArn: arn:aws:bedrock:us-east-1:398875891240:model-invocation-job/tz1hu59wshwi
2026-04-23 15:30:48,315 - INFO - Submitting job: vcape-r-20k-batch-3-2026-04-23-15-30-45
2026-04-23 15:30:48,315 - INFO -   Input:  s3://nintai-auto-qa-beta-us-east-1/autoqa-NIPS/bedrock_input_datasets_optimized/vcape-r-20k/batch_3.jsonl
2026-04-23 15:30:48,315 - INFO -   Output: s3://nintai-auto-qa-beta-us-east-1/autoqa-NIPS/bedrock_output_datasets_prompt_optimized/vcape-r-20k/us.anthropic.claude-3-7-sonnet-20250219-/batch_3/
2026-04-23 15:30:49,252 - INFO -   JobArn: arn:aws:bedrock:us-east-1:398875891240:model-invocation-job/0cjrzw1kyxoy
2026-04-23 15:30:49,253 - INFO - Submitting job: vcape-r-20k-batch-4-2026-04-23-15-30-45
2026-04-23 15:30:49,253 - INFO -   Input:  s3://nintai-auto-qa-beta-us-east-1/autoqa-NIPS/bedrock_input_datasets_optimized/vcape-r-20k/batch_4.jsonl
2026-04-23 15:30:49,253 - INFO -   Output: s3://nintai-auto-qa-beta-us-east-1/autoqa-NIPS/bedrock_output_datasets_prompt_optimized/vcape-r-20k/us.anthropic.claude-3-7-sonnet-20250219-/batch_4/
2026-04-23 15:30:50,113 - INFO -   JobArn: arn:aws:bedrock:us-east-1:398875891240:model-invocation-job/mpd9j4fdl56p
2026-04-23 15:30:50,113 - INFO - Submitting job: vcape-r-20k-batch-5-2026-04-23-15-30-45
2026-04-23 15:30:50,113 - INFO -   Input:  s3://nintai-auto-qa-beta-us-east-1/autoqa-NIPS/bedrock_input_datasets_optimized/vcape-r-20k/batch_5.jsonl
2026-04-23 15:30:50,113 - INFO -   Output: s3://nintai-auto-qa-beta-us-east-1/autoqa-NIPS/bedrock_output_datasets_prompt_optimized/vcape-r-20k/us.anthropic.claude-3-7-sonnet-20250219-/batch_5/
2026-04-23 15:30:51,076 - INFO -   JobArn: arn:aws:bedrock:us-east-1:398875891240:model-invocation-job/3kwwk89gnan1
2026-04-23 15:30:51,076 - INFO - Submitting job: vcape-r-20k-batch-6-2026-04-23-15-30-45
2026-04-23 15:30:51,076 - INFO -   Input:  s3://nintai-auto-qa-beta-us-east-1/autoqa-NIPS/bedrock_input_datasets_optimized/vcape-r-20k/batch_6.jsonl
2026-04-23 15:30:51,076 - INFO -   Output: s3://nintai-auto-qa-beta-us-east-1/autoqa-NIPS/bedrock_output_datasets_prompt_optimized/vcape-r-20k/us.anthropic.claude-3-7-sonnet-20250219-/batch_6/
2026-04-23 15:30:51,976 - INFO -   JobArn: arn:aws:bedrock:us-east-1:398875891240:model-invocation-job/m990rt5zee7t
2026-04-23 15:30:51,976 - INFO - Submitting job: vcape-r-20k-batch-7-2026-04-23-15-30-45
2026-04-23 15:30:51,976 - INFO -   Input:  s3://nintai-auto-qa-beta-us-east-1/autoqa-NIPS/bedrock_input_datasets_optimized/vcape-r-20k/batch_7.jsonl
2026-04-23 15:30:51,976 - INFO -   Output: s3://nintai-auto-qa-beta-us-east-1/autoqa-NIPS/bedrock_output_datasets_prompt_optimized/vcape-r-20k/us.anthropic.claude-3-7-sonnet-20250219-/batch_7/
2026-04-23 15:30:52,829 - INFO -   JobArn: arn:aws:bedrock:us-east-1:398875891240:model-invocation-job/90utmbuw3830
2026-04-23 15:30:52,829 - INFO - Submitting job: vcape-r-20k-batch-8-2026-04-23-15-30-45
2026-04-23 15:30:52,829 - INFO -   Input:  s3://nintai-auto-qa-beta-us-east-1/autoqa-NIPS/bedrock_input_datasets_optimized/vcape-r-20k/batch_8.jsonl
2026-04-23 15:30:52,829 - INFO -   Output: s3://nintai-auto-qa-beta-us-east-1/autoqa-NIPS/bedrock_output_datasets_prompt_optimized/vcape-r-20k/us.anthropic.claude-3-7-sonnet-20250219-/batch_8/
2026-04-23 15:30:53,702 - INFO -   JobArn: arn:aws:bedrock:us-east-1:398875891240:model-invocation-job/cw4zwjvb8qng
2026-04-23 15:30:53,702 - INFO - Submitting job: vcape-r-20k-batch-9-2026-04-23-15-30-45
2026-04-23 15:30:53,703 - INFO -   Input:  s3://nintai-auto-qa-beta-us-east-1/autoqa-NIPS/bedrock_input_datasets_optimized/vcape-r-20k/batch_9.jsonl
2026-04-23 15:30:53,703 - INFO -   Output: s3://nintai-auto-qa-beta-us-east-1/autoqa-NIPS/bedrock_output_datasets_prompt_optimized/vcape-r-20k/us.anthropic.claude-3-7-sonnet-20250219-/batch_9/
2026-04-23 15:30:54,623 - INFO -   JobArn: arn:aws:bedrock:us-east-1:398875891240:model-invocation-job/d370rqmsqcjf
2026-04-23 15:30:54,623 - INFO - Submitting job: vcape-r-20k-batch-10-2026-04-23-15-30-45
2026-04-23 15:30:54,623 - INFO -   Input:  s3://nintai-auto-qa-beta-us-east-1/autoqa-NIPS/bedrock_input_datasets_optimized/vcape-r-20k/batch_10.jsonl
2026-04-23 15:30:54,623 - INFO -   Output: s3://nintai-auto-qa-beta-us-east-1/autoqa-NIPS/bedrock_output_datasets_prompt_optimized/vcape-r-20k/us.anthropic.claude-3-7-sonnet-20250219-/batch_10/
2026-04-23 15:30:55,531 - INFO -   JobArn: arn:aws:bedrock:us-east-1:398875891240:model-invocation-job/n8sb2q8lb0bp
2026-04-23 15:30:55,531 - INFO - Submitting job: vcape-r-20k-batch-11-2026-04-23-15-30-45
2026-04-23 15:30:55,531 - INFO -   Input:  s3://nintai-auto-qa-beta-us-east-1/autoqa-NIPS/bedrock_input_datasets_optimized/vcape-r-20k/batch_11.jsonl
2026-04-23 15:30:55,531 - INFO -   Output: s3://nintai-auto-qa-beta-us-east-1/autoqa-NIPS/bedrock_output_datasets_prompt_optimized/vcape-r-20k/us.anthropic.claude-3-7-sonnet-20250219-/batch_11/
2026-04-23 15:30:56,303 - INFO -   JobArn: arn:aws:bedrock:us-east-1:398875891240:model-invocation-job/mr5kjy4dtcwo
2026-04-23 15:30:56,303 - INFO - Submitting job: vcape-r-20k-batch-12-2026-04-23-15-30-45
2026-04-23 15:30:56,303 - INFO -   Input:  s3://nintai-auto-qa-beta-us-east-1/autoqa-NIPS/bedrock_input_datasets_optimized/vcape-r-20k/batch_12.jsonl
2026-04-23 15:30:56,303 - INFO -   Output: s3://nintai-auto-qa-beta-us-east-1/autoqa-NIPS/bedrock_output_datasets_prompt_optimized/vcape-r-20k/us.anthropic.claude-3-7-sonnet-20250219-/batch_12/
2026-04-23 15:30:57,217 - INFO -   JobArn: arn:aws:bedrock:us-east-1:398875891240:model-invocation-job/u3de08oc217p
2026-04-23 15:30:57,217 - INFO - Submitting job: vcape-r-20k-batch-13-2026-04-23-15-30-45
2026-04-23 15:30:57,217 - INFO -   Input:  s3://nintai-auto-qa-beta-us-east-1/autoqa-NIPS/bedrock_input_datasets_optimized/vcape-r-20k/batch_13.jsonl
2026-04-23 15:30:57,217 - INFO -   Output: s3://nintai-auto-qa-beta-us-east-1/autoqa-NIPS/bedrock_output_datasets_prompt_optimized/vcape-r-20k/us.anthropic.claude-3-7-sonnet-20250219-/batch_13/
2026-04-23 15:30:58,109 - INFO -   JobArn: arn:aws:bedrock:us-east-1:398875891240:model-invocation-job/m75fyht1ikvo
2026-04-23 15:30:58,109 - INFO - Submitting job: vcape-r-20k-batch-14-2026-04-23-15-30-45
2026-04-23 15:30:58,109 - INFO -   Input:  s3://nintai-auto-qa-beta-us-east-1/autoqa-NIPS/bedrock_input_datasets_optimized/vcape-r-20k/batch_14.jsonl
2026-04-23 15:30:58,109 - INFO -   Output: s3://nintai-auto-qa-beta-us-east-1/autoqa-NIPS/bedrock_output_datasets_prompt_optimized/vcape-r-20k/us.anthropic.claude-3-7-sonnet-20250219-/batch_14/
2026-04-23 15:30:59,695 - INFO -   JobArn: arn:aws:bedrock:us-east-1:398875891240:model-invocation-job/kd5nh5kyyiji
2026-04-23 15:30:59,696 - INFO - Submitting job: vcape-r-20k-batch-15-2026-04-23-15-30-45
2026-04-23 15:30:59,696 - INFO -   Input:  s3://nintai-auto-qa-beta-us-east-1/autoqa-NIPS/bedrock_input_datasets_optimized/vcape-r-20k/batch_15.jsonl
2026-04-23 15:30:59,697 - INFO -   Output: s3://nintai-auto-qa-beta-us-east-1/autoqa-NIPS/bedrock_output_datasets_prompt_optimized/vcape-r-20k/us.anthropic.claude-3-7-sonnet-20250219-/batch_15/
2026-04-23 15:31:00,582 - INFO -   JobArn: arn:aws:bedrock:us-east-1:398875891240:model-invocation-job/tjhserkg3s28
2026-04-23 15:31:00,583 - INFO - Submitting job: vcape-r-20k-batch-16-2026-04-23-15-30-45
2026-04-23 15:31:00,583 - INFO -   Input:  s3://nintai-auto-qa-beta-us-east-1/autoqa-NIPS/bedrock_input_datasets_optimized/vcape-r-20k/batch_16.jsonl
2026-04-23 15:31:00,583 - INFO -   Output: s3://nintai-auto-qa-beta-us-east-1/autoqa-NIPS/bedrock_output_datasets_prompt_optimized/vcape-r-20k/us.anthropic.claude-3-7-sonnet-20250219-/batch_16/
2026-04-23 15:31:01,446 - INFO -   JobArn: arn:aws:bedrock:us-east-1:398875891240:model-invocation-job/g9rsmlx222ga
2026-04-23 15:31:01,446 - INFO - Submitting job: vcape-r-20k-batch-17-2026-04-23-15-30-45
2026-04-23 15:31:01,446 - INFO -   Input:  s3://nintai-auto-qa-beta-us-east-1/autoqa-NIPS/bedrock_input_datasets_optimized/vcape-r-20k/batch_17.jsonl
2026-04-23 15:31:01,446 - INFO -   Output: s3://nintai-auto-qa-beta-us-east-1/autoqa-NIPS/bedrock_output_datasets_prompt_optimized/vcape-r-20k/us.anthropic.claude-3-7-sonnet-20250219-/batch_17/
2026-04-23 15:31:02,346 - INFO -   JobArn: arn:aws:bedrock:us-east-1:398875891240:model-invocation-job/k3t4srj20y86
2026-04-23 15:31:02,346 - INFO - Submitting job: vcape-r-20k-batch-18-2026-04-23-15-30-45
2026-04-23 15:31:02,346 - INFO -   Input:  s3://nintai-auto-qa-beta-us-east-1/autoqa-NIPS/bedrock_input_datasets_optimized/vcape-r-20k/batch_18.jsonl
2026-04-23 15:31:02,346 - INFO -   Output: s3://nintai-auto-qa-beta-us-east-1/autoqa-NIPS/bedrock_output_datasets_prompt_optimized/vcape-r-20k/us.anthropic.claude-3-7-sonnet-20250219-/batch_18/
2026-04-23 15:31:03,289 - INFO -   JobArn: arn:aws:bedrock:us-east-1:398875891240:model-invocation-job/4281aiwvagkp
2026-04-23 15:31:03,289 - INFO - Submitting job: vcape-r-20k-batch-19-2026-04-23-15-30-45
2026-04-23 15:31:03,289 - INFO -   Input:  s3://nintai-auto-qa-beta-us-east-1/autoqa-NIPS/bedrock_input_datasets_optimized/vcape-r-20k/batch_19.jsonl
2026-04-23 15:31:03,290 - INFO -   Output: s3://nintai-auto-qa-beta-us-east-1/autoqa-NIPS/bedrock_output_datasets_prompt_optimized/vcape-r-20k/us.anthropic.claude-3-7-sonnet-20250219-/batch_19/
2026-04-23 15:31:04,169 - INFO -   JobArn: arn:aws:bedrock:us-east-1:398875891240:model-invocation-job/8qxr0vdl0joa
2026-04-23 15:31:04,171 - INFO - All jobs submitted.
2026-04-23 15:31:05,835 - INFO - Loading dataset from: /tmp/vcape-dataset-cache/vcape-s-20k
2026-04-23 15:31:13,460 - INFO - Dataset loaded: 20000 samples, columns: ['xsource_image', 'xtarget_image', 'product_type', 'object_description', 'label', 'rejection_reason', 'pose', 'input_prompt']
2026-04-23 15:31:13,465 - INFO - Dataset shuffled with seed=42
2026-04-23 15:31:13,465 - INFO - Submitting batch jobs 0–19 ...
2026-04-23 15:31:13,474 - INFO - Found credentials in shared credentials file: ~/.aws/credentials
2026-04-23 15:31:13,552 - INFO - Submitting job: vcape-s-20k-batch-0-2026-04-23-15-31-13
2026-04-23 15:31:13,552 - INFO -   Input:  s3://nintai-auto-qa-beta-us-east-1/autoqa-NIPS/bedrock_input_datasets_optimized/vcape-s-20k/batch_0.jsonl
2026-04-23 15:31:13,552 - INFO -   Output: s3://nintai-auto-qa-beta-us-east-1/autoqa-NIPS/bedrock_output_datasets_prompt_optimized/vcape-s-20k/us.anthropic.claude-3-7-sonnet-20250219-/batch_0/
2026-04-23 15:31:14,723 - INFO -   JobArn: arn:aws:bedrock:us-east-1:398875891240:model-invocation-job/q6i74pontch0
2026-04-23 15:31:14,723 - INFO - Submitting job: vcape-s-20k-batch-1-2026-04-23-15-31-13
2026-04-23 15:31:14,723 - INFO -   Input:  s3://nintai-auto-qa-beta-us-east-1/autoqa-NIPS/bedrock_input_datasets_optimized/vcape-s-20k/batch_1.jsonl
2026-04-23 15:31:14,723 - INFO -   Output: s3://nintai-auto-qa-beta-us-east-1/autoqa-NIPS/bedrock_output_datasets_prompt_optimized/vcape-s-20k/us.anthropic.claude-3-7-sonnet-20250219-/batch_1/
2026-04-23 15:31:15,711 - INFO -   JobArn: arn:aws:bedrock:us-east-1:398875891240:model-invocation-job/fnywwmyopzpr
2026-04-23 15:31:15,711 - INFO - Submitting job: vcape-s-20k-batch-2-2026-04-23-15-31-13
2026-04-23 15:31:15,711 - INFO -   Input:  s3://nintai-auto-qa-beta-us-east-1/autoqa-NIPS/bedrock_input_datasets_optimized/vcape-s-20k/batch_2.jsonl
2026-04-23 15:31:15,711 - INFO -   Output: s3://nintai-auto-qa-beta-us-east-1/autoqa-NIPS/bedrock_output_datasets_prompt_optimized/vcape-s-20k/us.anthropic.claude-3-7-sonnet-20250219-/batch_2/
2026-04-23 15:31:16,521 - INFO -   JobArn: arn:aws:bedrock:us-east-1:398875891240:model-invocation-job/11n6z2vc9uuh
2026-04-23 15:31:16,521 - INFO - Submitting job: vcape-s-20k-batch-3-2026-04-23-15-31-13
2026-04-23 15:31:16,521 - INFO -   Input:  s3://nintai-auto-qa-beta-us-east-1/autoqa-NIPS/bedrock_input_datasets_optimized/vcape-s-20k/batch_3.jsonl
2026-04-23 15:31:16,521 - INFO -   Output: s3://nintai-auto-qa-beta-us-east-1/autoqa-NIPS/bedrock_output_datasets_prompt_optimized/vcape-s-20k/us.anthropic.claude-3-7-sonnet-20250219-/batch_3/
2026-04-23 15:31:17,428 - INFO -   JobArn: arn:aws:bedrock:us-east-1:398875891240:model-invocation-job/8izk8kfk4kst
2026-04-23 15:31:17,428 - INFO - Submitting job: vcape-s-20k-batch-4-2026-04-23-15-31-13
2026-04-23 15:31:17,429 - INFO -   Input:  s3://nintai-auto-qa-beta-us-east-1/autoqa-NIPS/bedrock_input_datasets_optimized/vcape-s-20k/batch_4.jsonl
2026-04-23 15:31:17,429 - INFO -   Output: s3://nintai-auto-qa-beta-us-east-1/autoqa-NIPS/bedrock_output_datasets_prompt_optimized/vcape-s-20k/us.anthropic.claude-3-7-sonnet-20250219-/batch_4/
2026-04-23 15:31:18,257 - INFO -   JobArn: arn:aws:bedrock:us-east-1:398875891240:model-invocation-job/t7n0b8c4k658
2026-04-23 15:31:18,257 - INFO - Submitting job: vcape-s-20k-batch-5-2026-04-23-15-31-13
2026-04-23 15:31:18,257 - INFO -   Input:  s3://nintai-auto-qa-beta-us-east-1/autoqa-NIPS/bedrock_input_datasets_optimized/vcape-s-20k/batch_5.jsonl
2026-04-23 15:31:18,257 - INFO -   Output: s3://nintai-auto-qa-beta-us-east-1/autoqa-NIPS/bedrock_output_datasets_prompt_optimized/vcape-s-20k/us.anthropic.claude-3-7-sonnet-20250219-/batch_5/
2026-04-23 15:31:19,130 - INFO -   JobArn: arn:aws:bedrock:us-east-1:398875891240:model-invocation-job/dkng7mf1ryxc
2026-04-23 15:31:19,131 - INFO - Submitting job: vcape-s-20k-batch-6-2026-04-23-15-31-13
2026-04-23 15:31:19,131 - INFO -   Input:  s3://nintai-auto-qa-beta-us-east-1/autoqa-NIPS/bedrock_input_datasets_optimized/vcape-s-20k/batch_6.jsonl
2026-04-23 15:31:19,131 - INFO -   Output: s3://nintai-auto-qa-beta-us-east-1/autoqa-NIPS/bedrock_output_datasets_prompt_optimized/vcape-s-20k/us.anthropic.claude-3-7-sonnet-20250219-/batch_6/
2026-04-23 15:31:20,024 - INFO -   JobArn: arn:aws:bedrock:us-east-1:398875891240:model-invocation-job/19oby471mtc3
2026-04-23 15:31:20,024 - INFO - Submitting job: vcape-s-20k-batch-7-2026-04-23-15-31-13
2026-04-23 15:31:20,025 - INFO -   Input:  s3://nintai-auto-qa-beta-us-east-1/autoqa-NIPS/bedrock_input_datasets_optimized/vcape-s-20k/batch_7.jsonl
2026-04-23 15:31:20,025 - INFO -   Output: s3://nintai-auto-qa-beta-us-east-1/autoqa-NIPS/bedrock_output_datasets_prompt_optimized/vcape-s-20k/us.anthropic.claude-3-7-sonnet-20250219-/batch_7/
2026-04-23 15:31:20,955 - INFO -   JobArn: arn:aws:bedrock:us-east-1:398875891240:model-invocation-job/9526xv1qf675
2026-04-23 15:31:20,955 - INFO - Submitting job: vcape-s-20k-batch-8-2026-04-23-15-31-13
2026-04-23 15:31:20,955 - INFO -   Input:  s3://nintai-auto-qa-beta-us-east-1/autoqa-NIPS/bedrock_input_datasets_optimized/vcape-s-20k/batch_8.jsonl
2026-04-23 15:31:20,955 - INFO -   Output: s3://nintai-auto-qa-beta-us-east-1/autoqa-NIPS/bedrock_output_datasets_prompt_optimized/vcape-s-20k/us.anthropic.claude-3-7-sonnet-20250219-/batch_8/
2026-04-23 15:31:21,777 - INFO -   JobArn: arn:aws:bedrock:us-east-1:398875891240:model-invocation-job/wv56ti7ejenl
2026-04-23 15:31:21,777 - INFO - Submitting job: vcape-s-20k-batch-9-2026-04-23-15-31-13
2026-04-23 15:31:21,777 - INFO -   Input:  s3://nintai-auto-qa-beta-us-east-1/autoqa-NIPS/bedrock_input_datasets_optimized/vcape-s-20k/batch_9.jsonl
2026-04-23 15:31:21,777 - INFO -   Output: s3://nintai-auto-qa-beta-us-east-1/autoqa-NIPS/bedrock_output_datasets_prompt_optimized/vcape-s-20k/us.anthropic.claude-3-7-sonnet-20250219-/batch_9/
2026-04-23 15:31:22,646 - INFO -   JobArn: arn:aws:bedrock:us-east-1:398875891240:model-invocation-job/9qk4s51j0a9e
2026-04-23 15:31:22,646 - INFO - Submitting job: vcape-s-20k-batch-10-2026-04-23-15-31-13
2026-04-23 15:31:22,646 - INFO -   Input:  s3://nintai-auto-qa-beta-us-east-1/autoqa-NIPS/bedrock_input_datasets_optimized/vcape-s-20k/batch_10.jsonl
2026-04-23 15:31:22,646 - INFO -   Output: s3://nintai-auto-qa-beta-us-east-1/autoqa-NIPS/bedrock_output_datasets_prompt_optimized/vcape-s-20k/us.anthropic.claude-3-7-sonnet-20250219-/batch_10/
2026-04-23 15:31:23,531 - INFO -   JobArn: arn:aws:bedrock:us-east-1:398875891240:model-invocation-job/iiwuggkvocaz
2026-04-23 15:31:23,531 - INFO - Submitting job: vcape-s-20k-batch-11-2026-04-23-15-31-13
2026-04-23 15:31:23,531 - INFO -   Input:  s3://nintai-auto-qa-beta-us-east-1/autoqa-NIPS/bedrock_input_datasets_optimized/vcape-s-20k/batch_11.jsonl
2026-04-23 15:31:23,531 - INFO -   Output: s3://nintai-auto-qa-beta-us-east-1/autoqa-NIPS/bedrock_output_datasets_prompt_optimized/vcape-s-20k/us.anthropic.claude-3-7-sonnet-20250219-/batch_11/
2026-04-23 15:31:24,369 - INFO -   JobArn: arn:aws:bedrock:us-east-1:398875891240:model-invocation-job/6u9pmhsw2hzo
2026-04-23 15:31:24,369 - INFO - Submitting job: vcape-s-20k-batch-12-2026-04-23-15-31-13
2026-04-23 15:31:24,369 - INFO -   Input:  s3://nintai-auto-qa-beta-us-east-1/autoqa-NIPS/bedrock_input_datasets_optimized/vcape-s-20k/batch_12.jsonl
2026-04-23 15:31:24,369 - INFO -   Output: s3://nintai-auto-qa-beta-us-east-1/autoqa-NIPS/bedrock_output_datasets_prompt_optimized/vcape-s-20k/us.anthropic.claude-3-7-sonnet-20250219-/batch_12/
2026-04-23 15:31:26,033 - INFO -   JobArn: arn:aws:bedrock:us-east-1:398875891240:model-invocation-job/fo3bo0fjjjjl
2026-04-23 15:31:26,033 - INFO - Submitting job: vcape-s-20k-batch-13-2026-04-23-15-31-13
2026-04-23 15:31:26,033 - INFO -   Input:  s3://nintai-auto-qa-beta-us-east-1/autoqa-NIPS/bedrock_input_datasets_optimized/vcape-s-20k/batch_13.jsonl
2026-04-23 15:31:26,033 - INFO -   Output: s3://nintai-auto-qa-beta-us-east-1/autoqa-NIPS/bedrock_output_datasets_prompt_optimized/vcape-s-20k/us.anthropic.claude-3-7-sonnet-20250219-/batch_13/
2026-04-23 15:31:26,795 - INFO -   JobArn: arn:aws:bedrock:us-east-1:398875891240:model-invocation-job/ofws3e47yi9d
2026-04-23 15:31:26,795 - INFO - Submitting job: vcape-s-20k-batch-14-2026-04-23-15-31-13
2026-04-23 15:31:26,795 - INFO -   Input:  s3://nintai-auto-qa-beta-us-east-1/autoqa-NIPS/bedrock_input_datasets_optimized/vcape-s-20k/batch_14.jsonl
2026-04-23 15:31:26,795 - INFO -   Output: s3://nintai-auto-qa-beta-us-east-1/autoqa-NIPS/bedrock_output_datasets_prompt_optimized/vcape-s-20k/us.anthropic.claude-3-7-sonnet-20250219-/batch_14/
2026-04-23 15:31:27,617 - INFO -   JobArn: arn:aws:bedrock:us-east-1:398875891240:model-invocation-job/hyowckhrdudo
2026-04-23 15:31:27,618 - INFO - Submitting job: vcape-s-20k-batch-15-2026-04-23-15-31-13
2026-04-23 15:31:27,618 - INFO -   Input:  s3://nintai-auto-qa-beta-us-east-1/autoqa-NIPS/bedrock_input_datasets_optimized/vcape-s-20k/batch_15.jsonl
2026-04-23 15:31:27,618 - INFO -   Output: s3://nintai-auto-qa-beta-us-east-1/autoqa-NIPS/bedrock_output_datasets_prompt_optimized/vcape-s-20k/us.anthropic.claude-3-7-sonnet-20250219-/batch_15/
2026-04-23 15:31:28,413 - INFO -   JobArn: arn:aws:bedrock:us-east-1:398875891240:model-invocation-job/bwiscc2v29ex
2026-04-23 15:31:28,413 - INFO - Submitting job: vcape-s-20k-batch-16-2026-04-23-15-31-13
2026-04-23 15:31:28,413 - INFO -   Input:  s3://nintai-auto-qa-beta-us-east-1/autoqa-NIPS/bedrock_input_datasets_optimized/vcape-s-20k/batch_16.jsonl
2026-04-23 15:31:28,413 - INFO -   Output: s3://nintai-auto-qa-beta-us-east-1/autoqa-NIPS/bedrock_output_datasets_prompt_optimized/vcape-s-20k/us.anthropic.claude-3-7-sonnet-20250219-/batch_16/
2026-04-23 15:31:29,314 - INFO -   JobArn: arn:aws:bedrock:us-east-1:398875891240:model-invocation-job/lqtndti30lgh
2026-04-23 15:31:29,314 - INFO - Submitting job: vcape-s-20k-batch-17-2026-04-23-15-31-13
2026-04-23 15:31:29,314 - INFO -   Input:  s3://nintai-auto-qa-beta-us-east-1/autoqa-NIPS/bedrock_input_datasets_optimized/vcape-s-20k/batch_17.jsonl
2026-04-23 15:31:29,314 - INFO -   Output: s3://nintai-auto-qa-beta-us-east-1/autoqa-NIPS/bedrock_output_datasets_prompt_optimized/vcape-s-20k/us.anthropic.claude-3-7-sonnet-20250219-/batch_17/
2026-04-23 15:31:30,066 - INFO -   JobArn: arn:aws:bedrock:us-east-1:398875891240:model-invocation-job/jawmaftr7kps
2026-04-23 15:31:30,066 - INFO - Submitting job: vcape-s-20k-batch-18-2026-04-23-15-31-13
2026-04-23 15:31:30,066 - INFO -   Input:  s3://nintai-auto-qa-beta-us-east-1/autoqa-NIPS/bedrock_input_datasets_optimized/vcape-s-20k/batch_18.jsonl
2026-04-23 15:31:30,067 - INFO -   Output: s3://nintai-auto-qa-beta-us-east-1/autoqa-NIPS/bedrock_output_datasets_prompt_optimized/vcape-s-20k/us.anthropic.claude-3-7-sonnet-20250219-/batch_18/
2026-04-23 15:31:30,876 - INFO -   JobArn: arn:aws:bedrock:us-east-1:398875891240:model-invocation-job/9gogop1a7wq5
2026-04-23 15:31:30,876 - INFO - Submitting job: vcape-s-20k-batch-19-2026-04-23-15-31-13
2026-04-23 15:31:30,876 - INFO -   Input:  s3://nintai-auto-qa-beta-us-east-1/autoqa-NIPS/bedrock_input_datasets_optimized/vcape-s-20k/batch_19.jsonl
2026-04-23 15:31:30,876 - INFO -   Output: s3://nintai-auto-qa-beta-us-east-1/autoqa-NIPS/bedrock_output_datasets_prompt_optimized/vcape-s-20k/us.anthropic.claude-3-7-sonnet-20250219-/batch_19/
2026-04-23 15:31:32,292 - INFO -   JobArn: arn:aws:bedrock:us-east-1:398875891240:model-invocation-job/itplvj5nzf58
2026-04-23 15:31:32,294 - INFO - All jobs submitted.
2026-04-24 09:51:12,048 - INFO - Loading dataset from: /tmp/vcape-dataset-cache/vcape-r-20k
2026-04-24 09:51:18,389 - INFO - Dataset loaded: 20000 samples, columns: ['xsource_image', 'xtarget_image', 'object_description', 'product_type', 'pose', 'input_prompt', 'label', 'rejection_reason']
2026-04-24 09:51:18,393 - INFO - Dataset shuffled with seed=42
2026-04-24 09:51:18,393 - INFO - Batches uploaded. Use --submit-jobs to submit inference jobs.
2026-04-24 09:51:20,021 - INFO - Loading dataset from: /tmp/vcape-dataset-cache/vcape-s-20k
2026-04-24 09:51:27,274 - INFO - Dataset loaded: 20000 samples, columns: ['xsource_image', 'xtarget_image', 'product_type', 'object_description', 'label', 'rejection_reason', 'pose', 'input_prompt']
2026-04-24 09:51:27,277 - INFO - Dataset shuffled with seed=42
2026-04-24 09:51:27,277 - INFO - Batches uploaded. Use --submit-jobs to submit inference jobs.
2026-04-24 12:47:06,598 - INFO - Loading dataset from: /tmp/vcape-dataset-cache/vcape-r-20k
2026-04-24 12:47:15,290 - INFO - Dataset loaded: 20000 samples, columns: ['xsource_image', 'xtarget_image', 'object_description', 'product_type', 'pose', 'input_prompt', 'label', 'rejection_reason']
2026-04-24 12:47:15,296 - INFO - Dataset shuffled with seed=42
2026-04-24 12:47:15,296 - INFO - Submitting batch jobs 0–19 ...
2026-04-24 12:47:15,314 - INFO - Found credentials in shared credentials file: ~/.aws/credentials
2026-04-24 12:47:15,459 - INFO - Submitting job: vcape-r-20k-batch-0-2026-04-24-12-47-15
2026-04-24 12:47:15,459 - INFO -   Input:  s3://nintai-auto-qa-beta-us-east-1/autoqa-NIPS/bedrock_input_datasets_optimized/vcape-r-20k/batch_0.jsonl
2026-04-24 12:47:15,459 - INFO -   Output: s3://nintai-auto-qa-beta-us-east-1/autoqa-NIPS/bedrock_output_datasets_prompt_optimized/vcape-r-20k/us.anthropic.claude-opus-4-5-20251101-/batch_0/
2026-04-24 12:47:16,346 - INFO -   JobArn: arn:aws:bedrock:us-east-1:398875891240:model-invocation-job/sjm7kjow8zpp
2026-04-24 12:47:16,347 - INFO - Submitting job: vcape-r-20k-batch-1-2026-04-24-12-47-15
2026-04-24 12:47:16,347 - INFO -   Input:  s3://nintai-auto-qa-beta-us-east-1/autoqa-NIPS/bedrock_input_datasets_optimized/vcape-r-20k/batch_1.jsonl
2026-04-24 12:47:16,347 - INFO -   Output: s3://nintai-auto-qa-beta-us-east-1/autoqa-NIPS/bedrock_output_datasets_prompt_optimized/vcape-r-20k/us.anthropic.claude-opus-4-5-20251101-/batch_1/
2026-04-24 12:47:16,955 - INFO -   JobArn: arn:aws:bedrock:us-east-1:398875891240:model-invocation-job/q79jt50qvy4i
2026-04-24 12:47:16,955 - INFO - Submitting job: vcape-r-20k-batch-2-2026-04-24-12-47-15
2026-04-24 12:47:16,955 - INFO -   Input:  s3://nintai-auto-qa-beta-us-east-1/autoqa-NIPS/bedrock_input_datasets_optimized/vcape-r-20k/batch_2.jsonl
2026-04-24 12:47:16,955 - INFO -   Output: s3://nintai-auto-qa-beta-us-east-1/autoqa-NIPS/bedrock_output_datasets_prompt_optimized/vcape-r-20k/us.anthropic.claude-opus-4-5-20251101-/batch_2/
2026-04-24 12:47:17,564 - INFO -   JobArn: arn:aws:bedrock:us-east-1:398875891240:model-invocation-job/v09avwirco4a
2026-04-24 12:47:17,564 - INFO - Submitting job: vcape-r-20k-batch-3-2026-04-24-12-47-15
2026-04-24 12:47:17,564 - INFO -   Input:  s3://nintai-auto-qa-beta-us-east-1/autoqa-NIPS/bedrock_input_datasets_optimized/vcape-r-20k/batch_3.jsonl
2026-04-24 12:47:17,564 - INFO -   Output: s3://nintai-auto-qa-beta-us-east-1/autoqa-NIPS/bedrock_output_datasets_prompt_optimized/vcape-r-20k/us.anthropic.claude-opus-4-5-20251101-/batch_3/
2026-04-24 12:47:18,731 - INFO -   JobArn: arn:aws:bedrock:us-east-1:398875891240:model-invocation-job/xi4lxh8zng8v
2026-04-24 12:47:18,731 - INFO - Submitting job: vcape-r-20k-batch-4-2026-04-24-12-47-15
2026-04-24 12:47:18,731 - INFO -   Input:  s3://nintai-auto-qa-beta-us-east-1/autoqa-NIPS/bedrock_input_datasets_optimized/vcape-r-20k/batch_4.jsonl
2026-04-24 12:47:18,731 - INFO -   Output: s3://nintai-auto-qa-beta-us-east-1/autoqa-NIPS/bedrock_output_datasets_prompt_optimized/vcape-r-20k/us.anthropic.claude-opus-4-5-20251101-/batch_4/
2026-04-24 12:47:19,355 - INFO -   JobArn: arn:aws:bedrock:us-east-1:398875891240:model-invocation-job/omc1v3ut0iq9
2026-04-24 12:47:19,355 - INFO - Submitting job: vcape-r-20k-batch-5-2026-04-24-12-47-15
2026-04-24 12:47:19,355 - INFO -   Input:  s3://nintai-auto-qa-beta-us-east-1/autoqa-NIPS/bedrock_input_datasets_optimized/vcape-r-20k/batch_5.jsonl
2026-04-24 12:47:19,355 - INFO -   Output: s3://nintai-auto-qa-beta-us-east-1/autoqa-NIPS/bedrock_output_datasets_prompt_optimized/vcape-r-20k/us.anthropic.claude-opus-4-5-20251101-/batch_5/
2026-04-24 12:47:20,511 - INFO -   JobArn: arn:aws:bedrock:us-east-1:398875891240:model-invocation-job/mzbxut6iso17
2026-04-24 12:47:20,512 - INFO - Submitting job: vcape-r-20k-batch-6-2026-04-24-12-47-15
2026-04-24 12:47:20,512 - INFO -   Input:  s3://nintai-auto-qa-beta-us-east-1/autoqa-NIPS/bedrock_input_datasets_optimized/vcape-r-20k/batch_6.jsonl
2026-04-24 12:47:20,512 - INFO -   Output: s3://nintai-auto-qa-beta-us-east-1/autoqa-NIPS/bedrock_output_datasets_prompt_optimized/vcape-r-20k/us.anthropic.claude-opus-4-5-20251101-/batch_6/
2026-04-24 12:47:22,201 - INFO -   JobArn: arn:aws:bedrock:us-east-1:398875891240:model-invocation-job/s7px776jj1a1
2026-04-24 12:47:22,201 - INFO - Submitting job: vcape-r-20k-batch-7-2026-04-24-12-47-15
2026-04-24 12:47:22,201 - INFO -   Input:  s3://nintai-auto-qa-beta-us-east-1/autoqa-NIPS/bedrock_input_datasets_optimized/vcape-r-20k/batch_7.jsonl
2026-04-24 12:47:22,201 - INFO -   Output: s3://nintai-auto-qa-beta-us-east-1/autoqa-NIPS/bedrock_output_datasets_prompt_optimized/vcape-r-20k/us.anthropic.claude-opus-4-5-20251101-/batch_7/
2026-04-24 12:47:22,748 - INFO -   JobArn: arn:aws:bedrock:us-east-1:398875891240:model-invocation-job/df7x6a09vk36
2026-04-24 12:47:22,749 - INFO - Submitting job: vcape-r-20k-batch-8-2026-04-24-12-47-15
2026-04-24 12:47:22,749 - INFO -   Input:  s3://nintai-auto-qa-beta-us-east-1/autoqa-NIPS/bedrock_input_datasets_optimized/vcape-r-20k/batch_8.jsonl
2026-04-24 12:47:22,749 - INFO -   Output: s3://nintai-auto-qa-beta-us-east-1/autoqa-NIPS/bedrock_output_datasets_prompt_optimized/vcape-r-20k/us.anthropic.claude-opus-4-5-20251101-/batch_8/
2026-04-24 12:47:23,384 - INFO -   JobArn: arn:aws:bedrock:us-east-1:398875891240:model-invocation-job/gol6v3ew2okn
2026-04-24 12:47:23,384 - INFO - Submitting job: vcape-r-20k-batch-9-2026-04-24-12-47-15
2026-04-24 12:47:23,384 - INFO -   Input:  s3://nintai-auto-qa-beta-us-east-1/autoqa-NIPS/bedrock_input_datasets_optimized/vcape-r-20k/batch_9.jsonl
2026-04-24 12:47:23,384 - INFO -   Output: s3://nintai-auto-qa-beta-us-east-1/autoqa-NIPS/bedrock_output_datasets_prompt_optimized/vcape-r-20k/us.anthropic.claude-opus-4-5-20251101-/batch_9/
2026-04-24 12:47:25,059 - INFO -   JobArn: arn:aws:bedrock:us-east-1:398875891240:model-invocation-job/0la568yg0jfh
2026-04-24 12:47:25,060 - INFO - Submitting job: vcape-r-20k-batch-10-2026-04-24-12-47-15
2026-04-24 12:47:25,060 - INFO -   Input:  s3://nintai-auto-qa-beta-us-east-1/autoqa-NIPS/bedrock_input_datasets_optimized/vcape-r-20k/batch_10.jsonl
2026-04-24 12:47:25,060 - INFO -   Output: s3://nintai-auto-qa-beta-us-east-1/autoqa-NIPS/bedrock_output_datasets_prompt_optimized/vcape-r-20k/us.anthropic.claude-opus-4-5-20251101-/batch_10/
2026-04-24 12:47:25,662 - INFO -   JobArn: arn:aws:bedrock:us-east-1:398875891240:model-invocation-job/87bc7tp5btza
2026-04-24 12:47:25,662 - INFO - Submitting job: vcape-r-20k-batch-11-2026-04-24-12-47-15
2026-04-24 12:47:25,663 - INFO -   Input:  s3://nintai-auto-qa-beta-us-east-1/autoqa-NIPS/bedrock_input_datasets_optimized/vcape-r-20k/batch_11.jsonl
2026-04-24 12:47:25,663 - INFO -   Output: s3://nintai-auto-qa-beta-us-east-1/autoqa-NIPS/bedrock_output_datasets_prompt_optimized/vcape-r-20k/us.anthropic.claude-opus-4-5-20251101-/batch_11/
2026-04-24 12:47:26,204 - INFO -   JobArn: arn:aws:bedrock:us-east-1:398875891240:model-invocation-job/u9rlf69pcdae
2026-04-24 12:47:26,205 - INFO - Submitting job: vcape-r-20k-batch-12-2026-04-24-12-47-15
2026-04-24 12:47:26,205 - INFO -   Input:  s3://nintai-auto-qa-beta-us-east-1/autoqa-NIPS/bedrock_input_datasets_optimized/vcape-r-20k/batch_12.jsonl
2026-04-24 12:47:26,205 - INFO -   Output: s3://nintai-auto-qa-beta-us-east-1/autoqa-NIPS/bedrock_output_datasets_prompt_optimized/vcape-r-20k/us.anthropic.claude-opus-4-5-20251101-/batch_12/
2026-04-24 12:47:26,755 - INFO -   JobArn: arn:aws:bedrock:us-east-1:398875891240:model-invocation-job/vv7eyt874e1t
2026-04-24 12:47:26,756 - INFO - Submitting job: vcape-r-20k-batch-13-2026-04-24-12-47-15
2026-04-24 12:47:26,756 - INFO -   Input:  s3://nintai-auto-qa-beta-us-east-1/autoqa-NIPS/bedrock_input_datasets_optimized/vcape-r-20k/batch_13.jsonl
2026-04-24 12:47:26,756 - INFO -   Output: s3://nintai-auto-qa-beta-us-east-1/autoqa-NIPS/bedrock_output_datasets_prompt_optimized/vcape-r-20k/us.anthropic.claude-opus-4-5-20251101-/batch_13/
2026-04-24 12:47:27,298 - INFO -   JobArn: arn:aws:bedrock:us-east-1:398875891240:model-invocation-job/ykoey1xza0k1
2026-04-24 12:47:27,299 - INFO - Submitting job: vcape-r-20k-batch-14-2026-04-24-12-47-15
2026-04-24 12:47:27,299 - INFO -   Input:  s3://nintai-auto-qa-beta-us-east-1/autoqa-NIPS/bedrock_input_datasets_optimized/vcape-r-20k/batch_14.jsonl
2026-04-24 12:47:27,299 - INFO -   Output: s3://nintai-auto-qa-beta-us-east-1/autoqa-NIPS/bedrock_output_datasets_prompt_optimized/vcape-r-20k/us.anthropic.claude-opus-4-5-20251101-/batch_14/
2026-04-24 12:47:27,760 - INFO -   JobArn: arn:aws:bedrock:us-east-1:398875891240:model-invocation-job/j5ni52pdzu60
2026-04-24 12:47:27,760 - INFO - Submitting job: vcape-r-20k-batch-15-2026-04-24-12-47-15
2026-04-24 12:47:27,761 - INFO -   Input:  s3://nintai-auto-qa-beta-us-east-1/autoqa-NIPS/bedrock_input_datasets_optimized/vcape-r-20k/batch_15.jsonl
2026-04-24 12:47:27,761 - INFO -   Output: s3://nintai-auto-qa-beta-us-east-1/autoqa-NIPS/bedrock_output_datasets_prompt_optimized/vcape-r-20k/us.anthropic.claude-opus-4-5-20251101-/batch_15/
2026-04-24 12:47:31,298 - INFO -   JobArn: arn:aws:bedrock:us-east-1:398875891240:model-invocation-job/kp8ljby6ihd6
2026-04-24 12:47:31,299 - INFO - Submitting job: vcape-r-20k-batch-16-2026-04-24-12-47-15
2026-04-24 12:47:31,299 - INFO -   Input:  s3://nintai-auto-qa-beta-us-east-1/autoqa-NIPS/bedrock_input_datasets_optimized/vcape-r-20k/batch_16.jsonl
2026-04-24 12:47:31,299 - INFO -   Output: s3://nintai-auto-qa-beta-us-east-1/autoqa-NIPS/bedrock_output_datasets_prompt_optimized/vcape-r-20k/us.anthropic.claude-opus-4-5-20251101-/batch_16/
2026-04-24 12:47:31,881 - INFO -   JobArn: arn:aws:bedrock:us-east-1:398875891240:model-invocation-job/0oqokqlm8gzn
2026-04-24 12:47:31,882 - INFO - Submitting job: vcape-r-20k-batch-17-2026-04-24-12-47-15
2026-04-24 12:47:31,882 - INFO -   Input:  s3://nintai-auto-qa-beta-us-east-1/autoqa-NIPS/bedrock_input_datasets_optimized/vcape-r-20k/batch_17.jsonl
2026-04-24 12:47:31,882 - INFO -   Output: s3://nintai-auto-qa-beta-us-east-1/autoqa-NIPS/bedrock_output_datasets_prompt_optimized/vcape-r-20k/us.anthropic.claude-opus-4-5-20251101-/batch_17/
2026-04-24 12:47:32,313 - INFO -   JobArn: arn:aws:bedrock:us-east-1:398875891240:model-invocation-job/pcivm6tih8av
2026-04-24 12:47:32,314 - INFO - Submitting job: vcape-r-20k-batch-18-2026-04-24-12-47-15
2026-04-24 12:47:32,314 - INFO -   Input:  s3://nintai-auto-qa-beta-us-east-1/autoqa-NIPS/bedrock_input_datasets_optimized/vcape-r-20k/batch_18.jsonl
2026-04-24 12:47:32,314 - INFO -   Output: s3://nintai-auto-qa-beta-us-east-1/autoqa-NIPS/bedrock_output_datasets_prompt_optimized/vcape-r-20k/us.anthropic.claude-opus-4-5-20251101-/batch_18/
2026-04-24 12:47:33,808 - INFO -   JobArn: arn:aws:bedrock:us-east-1:398875891240:model-invocation-job/qc4uh3173s4o
2026-04-24 12:47:33,808 - INFO - Submitting job: vcape-r-20k-batch-19-2026-04-24-12-47-15
2026-04-24 12:47:33,808 - INFO -   Input:  s3://nintai-auto-qa-beta-us-east-1/autoqa-NIPS/bedrock_input_datasets_optimized/vcape-r-20k/batch_19.jsonl
2026-04-24 12:47:33,808 - INFO -   Output: s3://nintai-auto-qa-beta-us-east-1/autoqa-NIPS/bedrock_output_datasets_prompt_optimized/vcape-r-20k/us.anthropic.claude-opus-4-5-20251101-/batch_19/
2026-04-24 12:47:34,364 - INFO -   JobArn: arn:aws:bedrock:us-east-1:398875891240:model-invocation-job/renh1errd6ks
2026-04-24 12:47:34,366 - INFO - All jobs submitted.
2026-04-24 12:47:36,690 - INFO - Loading dataset from: /tmp/vcape-dataset-cache/vcape-s-20k
2026-04-24 12:47:45,128 - INFO - Dataset loaded: 20000 samples, columns: ['xsource_image', 'xtarget_image', 'product_type', 'object_description', 'label', 'rejection_reason', 'pose', 'input_prompt']
2026-04-24 12:47:45,141 - INFO - Dataset shuffled with seed=42
2026-04-24 12:47:45,142 - INFO - Submitting batch jobs 0–19 ...
2026-04-24 12:47:45,161 - INFO - Found credentials in shared credentials file: ~/.aws/credentials
2026-04-24 12:47:45,265 - INFO - Submitting job: vcape-s-20k-batch-0-2026-04-24-12-47-45
2026-04-24 12:47:45,265 - INFO -   Input:  s3://nintai-auto-qa-beta-us-east-1/autoqa-NIPS/bedrock_input_datasets_optimized/vcape-s-20k/batch_0.jsonl
2026-04-24 12:47:45,265 - INFO -   Output: s3://nintai-auto-qa-beta-us-east-1/autoqa-NIPS/bedrock_output_datasets_prompt_optimized/vcape-s-20k/us.anthropic.claude-opus-4-5-20251101-/batch_0/
2026-04-24 12:47:46,413 - INFO -   JobArn: arn:aws:bedrock:us-east-1:398875891240:model-invocation-job/h4ir9qmqsx4c
2026-04-24 12:47:46,413 - INFO - Submitting job: vcape-s-20k-batch-1-2026-04-24-12-47-45
2026-04-24 12:47:46,413 - INFO -   Input:  s3://nintai-auto-qa-beta-us-east-1/autoqa-NIPS/bedrock_input_datasets_optimized/vcape-s-20k/batch_1.jsonl
2026-04-24 12:47:46,413 - INFO -   Output: s3://nintai-auto-qa-beta-us-east-1/autoqa-NIPS/bedrock_output_datasets_prompt_optimized/vcape-s-20k/us.anthropic.claude-opus-4-5-20251101-/batch_1/
2026-04-24 12:47:46,958 - INFO -   JobArn: arn:aws:bedrock:us-east-1:398875891240:model-invocation-job/tn3ftek7awet
2026-04-24 12:47:46,959 - INFO - Submitting job: vcape-s-20k-batch-2-2026-04-24-12-47-45
2026-04-24 12:47:46,959 - INFO -   Input:  s3://nintai-auto-qa-beta-us-east-1/autoqa-NIPS/bedrock_input_datasets_optimized/vcape-s-20k/batch_2.jsonl
2026-04-24 12:47:46,959 - INFO -   Output: s3://nintai-auto-qa-beta-us-east-1/autoqa-NIPS/bedrock_output_datasets_prompt_optimized/vcape-s-20k/us.anthropic.claude-opus-4-5-20251101-/batch_2/
2026-04-24 12:47:47,702 - INFO -   JobArn: arn:aws:bedrock:us-east-1:398875891240:model-invocation-job/x1shl338nycm
2026-04-24 12:47:47,703 - INFO - Submitting job: vcape-s-20k-batch-3-2026-04-24-12-47-45
2026-04-24 12:47:47,703 - INFO -   Input:  s3://nintai-auto-qa-beta-us-east-1/autoqa-NIPS/bedrock_input_datasets_optimized/vcape-s-20k/batch_3.jsonl
2026-04-24 12:47:47,703 - INFO -   Output: s3://nintai-auto-qa-beta-us-east-1/autoqa-NIPS/bedrock_output_datasets_prompt_optimized/vcape-s-20k/us.anthropic.claude-opus-4-5-20251101-/batch_3/
2026-04-24 12:47:48,232 - INFO -   JobArn: arn:aws:bedrock:us-east-1:398875891240:model-invocation-job/jwwy8bsus25z
2026-04-24 12:47:48,233 - INFO - Submitting job: vcape-s-20k-batch-4-2026-04-24-12-47-45
2026-04-24 12:47:48,233 - INFO -   Input:  s3://nintai-auto-qa-beta-us-east-1/autoqa-NIPS/bedrock_input_datasets_optimized/vcape-s-20k/batch_4.jsonl
2026-04-24 12:47:48,233 - INFO -   Output: s3://nintai-auto-qa-beta-us-east-1/autoqa-NIPS/bedrock_output_datasets_prompt_optimized/vcape-s-20k/us.anthropic.claude-opus-4-5-20251101-/batch_4/
2026-04-24 12:47:48,708 - INFO -   JobArn: arn:aws:bedrock:us-east-1:398875891240:model-invocation-job/7szk51gctk90
2026-04-24 12:47:48,708 - INFO - Submitting job: vcape-s-20k-batch-5-2026-04-24-12-47-45
2026-04-24 12:47:48,709 - INFO -   Input:  s3://nintai-auto-qa-beta-us-east-1/autoqa-NIPS/bedrock_input_datasets_optimized/vcape-s-20k/batch_5.jsonl
2026-04-24 12:47:48,709 - INFO -   Output: s3://nintai-auto-qa-beta-us-east-1/autoqa-NIPS/bedrock_output_datasets_prompt_optimized/vcape-s-20k/us.anthropic.claude-opus-4-5-20251101-/batch_5/
2026-04-24 12:47:49,168 - INFO -   JobArn: arn:aws:bedrock:us-east-1:398875891240:model-invocation-job/mlycccisxdt1
2026-04-24 12:47:49,168 - INFO - Submitting job: vcape-s-20k-batch-6-2026-04-24-12-47-45
2026-04-24 12:47:49,168 - INFO -   Input:  s3://nintai-auto-qa-beta-us-east-1/autoqa-NIPS/bedrock_input_datasets_optimized/vcape-s-20k/batch_6.jsonl
2026-04-24 12:47:49,168 - INFO -   Output: s3://nintai-auto-qa-beta-us-east-1/autoqa-NIPS/bedrock_output_datasets_prompt_optimized/vcape-s-20k/us.anthropic.claude-opus-4-5-20251101-/batch_6/
2026-04-24 12:47:49,676 - INFO -   JobArn: arn:aws:bedrock:us-east-1:398875891240:model-invocation-job/vcgt5l92g8cn
2026-04-24 12:47:49,677 - INFO - Submitting job: vcape-s-20k-batch-7-2026-04-24-12-47-45
2026-04-24 12:47:49,677 - INFO -   Input:  s3://nintai-auto-qa-beta-us-east-1/autoqa-NIPS/bedrock_input_datasets_optimized/vcape-s-20k/batch_7.jsonl
2026-04-24 12:47:49,677 - INFO -   Output: s3://nintai-auto-qa-beta-us-east-1/autoqa-NIPS/bedrock_output_datasets_prompt_optimized/vcape-s-20k/us.anthropic.claude-opus-4-5-20251101-/batch_7/
2026-04-24 12:47:50,160 - INFO -   JobArn: arn:aws:bedrock:us-east-1:398875891240:model-invocation-job/i0tjj3abqcgp
2026-04-24 12:47:50,161 - INFO - Submitting job: vcape-s-20k-batch-8-2026-04-24-12-47-45
2026-04-24 12:47:50,161 - INFO -   Input:  s3://nintai-auto-qa-beta-us-east-1/autoqa-NIPS/bedrock_input_datasets_optimized/vcape-s-20k/batch_8.jsonl
2026-04-24 12:47:50,161 - INFO -   Output: s3://nintai-auto-qa-beta-us-east-1/autoqa-NIPS/bedrock_output_datasets_prompt_optimized/vcape-s-20k/us.anthropic.claude-opus-4-5-20251101-/batch_8/
2026-04-24 12:47:50,607 - INFO -   JobArn: arn:aws:bedrock:us-east-1:398875891240:model-invocation-job/8o9d8hom9nns
2026-04-24 12:47:50,607 - INFO - Submitting job: vcape-s-20k-batch-9-2026-04-24-12-47-45
2026-04-24 12:47:50,607 - INFO -   Input:  s3://nintai-auto-qa-beta-us-east-1/autoqa-NIPS/bedrock_input_datasets_optimized/vcape-s-20k/batch_9.jsonl
2026-04-24 12:47:50,608 - INFO -   Output: s3://nintai-auto-qa-beta-us-east-1/autoqa-NIPS/bedrock_output_datasets_prompt_optimized/vcape-s-20k/us.anthropic.claude-opus-4-5-20251101-/batch_9/
2026-04-24 12:47:51,095 - INFO -   JobArn: arn:aws:bedrock:us-east-1:398875891240:model-invocation-job/ekg6gna15hlw
2026-04-24 12:47:51,095 - INFO - Submitting job: vcape-s-20k-batch-10-2026-04-24-12-47-45
2026-04-24 12:47:51,095 - INFO -   Input:  s3://nintai-auto-qa-beta-us-east-1/autoqa-NIPS/bedrock_input_datasets_optimized/vcape-s-20k/batch_10.jsonl
2026-04-24 12:47:51,095 - INFO -   Output: s3://nintai-auto-qa-beta-us-east-1/autoqa-NIPS/bedrock_output_datasets_prompt_optimized/vcape-s-20k/us.anthropic.claude-opus-4-5-20251101-/batch_10/
2026-04-24 12:47:53,950 - INFO -   JobArn: arn:aws:bedrock:us-east-1:398875891240:model-invocation-job/aki1auex7vuq
2026-04-24 12:47:53,950 - INFO - Submitting job: vcape-s-20k-batch-11-2026-04-24-12-47-45
2026-04-24 12:47:53,950 - INFO -   Input:  s3://nintai-auto-qa-beta-us-east-1/autoqa-NIPS/bedrock_input_datasets_optimized/vcape-s-20k/batch_11.jsonl
2026-04-24 12:47:53,950 - INFO -   Output: s3://nintai-auto-qa-beta-us-east-1/autoqa-NIPS/bedrock_output_datasets_prompt_optimized/vcape-s-20k/us.anthropic.claude-opus-4-5-20251101-/batch_11/
2026-04-24 12:47:58,292 - INFO -   JobArn: arn:aws:bedrock:us-east-1:398875891240:model-invocation-job/oiljbcgkwo14
2026-04-24 12:47:58,293 - INFO - Submitting job: vcape-s-20k-batch-12-2026-04-24-12-47-45
2026-04-24 12:47:58,293 - INFO -   Input:  s3://nintai-auto-qa-beta-us-east-1/autoqa-NIPS/bedrock_input_datasets_optimized/vcape-s-20k/batch_12.jsonl
2026-04-24 12:47:58,293 - INFO -   Output: s3://nintai-auto-qa-beta-us-east-1/autoqa-NIPS/bedrock_output_datasets_prompt_optimized/vcape-s-20k/us.anthropic.claude-opus-4-5-20251101-/batch_12/
2026-04-24 12:47:58,769 - INFO -   JobArn: arn:aws:bedrock:us-east-1:398875891240:model-invocation-job/1abxrw581idu
2026-04-24 12:47:58,770 - INFO - Submitting job: vcape-s-20k-batch-13-2026-04-24-12-47-45
2026-04-24 12:47:58,770 - INFO -   Input:  s3://nintai-auto-qa-beta-us-east-1/autoqa-NIPS/bedrock_input_datasets_optimized/vcape-s-20k/batch_13.jsonl
2026-04-24 12:47:58,770 - INFO -   Output: s3://nintai-auto-qa-beta-us-east-1/autoqa-NIPS/bedrock_output_datasets_prompt_optimized/vcape-s-20k/us.anthropic.claude-opus-4-5-20251101-/batch_13/
2026-04-24 12:47:59,205 - INFO -   JobArn: arn:aws:bedrock:us-east-1:398875891240:model-invocation-job/63joxhv0nisf
2026-04-24 12:47:59,206 - INFO - Submitting job: vcape-s-20k-batch-14-2026-04-24-12-47-45
2026-04-24 12:47:59,206 - INFO -   Input:  s3://nintai-auto-qa-beta-us-east-1/autoqa-NIPS/bedrock_input_datasets_optimized/vcape-s-20k/batch_14.jsonl
2026-04-24 12:47:59,206 - INFO -   Output: s3://nintai-auto-qa-beta-us-east-1/autoqa-NIPS/bedrock_output_datasets_prompt_optimized/vcape-s-20k/us.anthropic.claude-opus-4-5-20251101-/batch_14/
2026-04-24 12:47:59,786 - INFO -   JobArn: arn:aws:bedrock:us-east-1:398875891240:model-invocation-job/a1n2jxwfgecw
2026-04-24 12:47:59,787 - INFO - Submitting job: vcape-s-20k-batch-15-2026-04-24-12-47-45
2026-04-24 12:47:59,787 - INFO -   Input:  s3://nintai-auto-qa-beta-us-east-1/autoqa-NIPS/bedrock_input_datasets_optimized/vcape-s-20k/batch_15.jsonl
2026-04-24 12:47:59,787 - INFO -   Output: s3://nintai-auto-qa-beta-us-east-1/autoqa-NIPS/bedrock_output_datasets_prompt_optimized/vcape-s-20k/us.anthropic.claude-opus-4-5-20251101-/batch_15/
2026-04-24 12:48:00,216 - INFO -   JobArn: arn:aws:bedrock:us-east-1:398875891240:model-invocation-job/1u0ohmss1uqw
2026-04-24 12:48:00,216 - INFO - Submitting job: vcape-s-20k-batch-16-2026-04-24-12-47-45
2026-04-24 12:48:00,216 - INFO -   Input:  s3://nintai-auto-qa-beta-us-east-1/autoqa-NIPS/bedrock_input_datasets_optimized/vcape-s-20k/batch_16.jsonl
2026-04-24 12:48:00,216 - INFO -   Output: s3://nintai-auto-qa-beta-us-east-1/autoqa-NIPS/bedrock_output_datasets_prompt_optimized/vcape-s-20k/us.anthropic.claude-opus-4-5-20251101-/batch_16/
2026-04-24 12:48:01,565 - INFO -   JobArn: arn:aws:bedrock:us-east-1:398875891240:model-invocation-job/rsyue05qdj1c
2026-04-24 12:48:01,565 - INFO - Submitting job: vcape-s-20k-batch-17-2026-04-24-12-47-45
2026-04-24 12:48:01,565 - INFO -   Input:  s3://nintai-auto-qa-beta-us-east-1/autoqa-NIPS/bedrock_input_datasets_optimized/vcape-s-20k/batch_17.jsonl
2026-04-24 12:48:01,565 - INFO -   Output: s3://nintai-auto-qa-beta-us-east-1/autoqa-NIPS/bedrock_output_datasets_prompt_optimized/vcape-s-20k/us.anthropic.claude-opus-4-5-20251101-/batch_17/
2026-04-24 12:48:03,533 - INFO -   JobArn: arn:aws:bedrock:us-east-1:398875891240:model-invocation-job/r32mbefkkpqc
2026-04-24 12:48:03,534 - INFO - Submitting job: vcape-s-20k-batch-18-2026-04-24-12-47-45
2026-04-24 12:48:03,534 - INFO -   Input:  s3://nintai-auto-qa-beta-us-east-1/autoqa-NIPS/bedrock_input_datasets_optimized/vcape-s-20k/batch_18.jsonl
2026-04-24 12:48:03,534 - INFO -   Output: s3://nintai-auto-qa-beta-us-east-1/autoqa-NIPS/bedrock_output_datasets_prompt_optimized/vcape-s-20k/us.anthropic.claude-opus-4-5-20251101-/batch_18/
2026-04-24 12:48:04,003 - INFO -   JobArn: arn:aws:bedrock:us-east-1:398875891240:model-invocation-job/f7w2sbwi03ur
2026-04-24 12:48:04,003 - INFO - Submitting job: vcape-s-20k-batch-19-2026-04-24-12-47-45
2026-04-24 12:48:04,003 - INFO -   Input:  s3://nintai-auto-qa-beta-us-east-1/autoqa-NIPS/bedrock_input_datasets_optimized/vcape-s-20k/batch_19.jsonl
2026-04-24 12:48:04,003 - INFO -   Output: s3://nintai-auto-qa-beta-us-east-1/autoqa-NIPS/bedrock_output_datasets_prompt_optimized/vcape-s-20k/us.anthropic.claude-opus-4-5-20251101-/batch_19/
2026-04-24 12:48:04,638 - INFO -   JobArn: arn:aws:bedrock:us-east-1:398875891240:model-invocation-job/reo6jhf91i2d
2026-04-24 12:48:04,640 - INFO - All jobs submitted.
2026-04-24 12:48:18,788 - INFO - Loading dataset from: /tmp/vcape-dataset-cache/vcape-r-20k
2026-04-24 12:48:26,011 - INFO - Dataset loaded: 20000 samples, columns: ['xsource_image', 'xtarget_image', 'object_description', 'product_type', 'pose', 'input_prompt', 'label', 'rejection_reason']
2026-04-24 12:48:26,018 - INFO - Dataset shuffled with seed=42
2026-04-24 12:48:26,019 - INFO - Submitting batch jobs 0–19 ...
2026-04-24 12:48:26,039 - INFO - Found credentials in shared credentials file: ~/.aws/credentials
2026-04-24 12:48:26,144 - INFO - Submitting job: vcape-r-20k-batch-0-2026-04-24-12-48-26
2026-04-24 12:48:26,144 - INFO -   Input:  s3://nintai-auto-qa-beta-us-east-1/autoqa-NIPS/bedrock_input_datasets_optimized/vcape-r-20k/batch_0.jsonl
2026-04-24 12:48:26,144 - INFO -   Output: s3://nintai-auto-qa-beta-us-east-1/autoqa-NIPS/bedrock_output_datasets_prompt_optimized/vcape-r-20k/us.anthropic.claude-sonnet-4-5-20251101-/batch_0/
2026-04-24 12:48:28,984 - INFO - Loading dataset from: /tmp/vcape-dataset-cache/vcape-s-20k
2026-04-24 12:48:36,895 - INFO - Dataset loaded: 20000 samples, columns: ['xsource_image', 'xtarget_image', 'product_type', 'object_description', 'label', 'rejection_reason', 'pose', 'input_prompt']
2026-04-24 12:48:36,901 - INFO - Dataset shuffled with seed=42
2026-04-24 12:48:36,902 - INFO - Submitting batch jobs 0–19 ...
2026-04-24 12:48:36,926 - INFO - Found credentials in shared credentials file: ~/.aws/credentials
2026-04-24 12:48:37,058 - INFO - Submitting job: vcape-s-20k-batch-0-2026-04-24-12-48-37
2026-04-24 12:48:37,058 - INFO -   Input:  s3://nintai-auto-qa-beta-us-east-1/autoqa-NIPS/bedrock_input_datasets_optimized/vcape-s-20k/batch_0.jsonl
2026-04-24 12:48:37,059 - INFO -   Output: s3://nintai-auto-qa-beta-us-east-1/autoqa-NIPS/bedrock_output_datasets_prompt_optimized/vcape-s-20k/us.anthropic.claude-sonnet-4-5-20251101-/batch_0/
2026-04-24 12:49:31,970 - INFO - Loading dataset from: /tmp/vcape-dataset-cache/vcape-r-20k
2026-04-24 12:49:40,332 - INFO - Dataset loaded: 20000 samples, columns: ['xsource_image', 'xtarget_image', 'object_description', 'product_type', 'pose', 'input_prompt', 'label', 'rejection_reason']
2026-04-24 12:49:40,339 - INFO - Dataset shuffled with seed=42
2026-04-24 12:49:40,339 - INFO - Submitting batch jobs 0–19 ...
2026-04-24 12:49:40,360 - INFO - Found credentials in shared credentials file: ~/.aws/credentials
2026-04-24 12:49:40,478 - INFO - Submitting job: vcape-r-20k-batch-0-2026-04-24-12-49-40
2026-04-24 12:49:40,478 - INFO -   Input:  s3://nintai-auto-qa-beta-us-east-1/autoqa-NIPS/bedrock_input_datasets_optimized/vcape-r-20k/batch_0.jsonl
2026-04-24 12:49:40,478 - INFO -   Output: s3://nintai-auto-qa-beta-us-east-1/autoqa-NIPS/bedrock_output_datasets_prompt_optimized/vcape-r-20k/us.anthropic.claude-sonnet-4-5-20250929-/batch_0/
2026-04-24 12:49:41,718 - INFO -   JobArn: arn:aws:bedrock:us-east-1:398875891240:model-invocation-job/e0kdo036vkv5
2026-04-24 12:49:41,718 - INFO - Submitting job: vcape-r-20k-batch-1-2026-04-24-12-49-40
2026-04-24 12:49:41,718 - INFO -   Input:  s3://nintai-auto-qa-beta-us-east-1/autoqa-NIPS/bedrock_input_datasets_optimized/vcape-r-20k/batch_1.jsonl
2026-04-24 12:49:41,718 - INFO -   Output: s3://nintai-auto-qa-beta-us-east-1/autoqa-NIPS/bedrock_output_datasets_prompt_optimized/vcape-r-20k/us.anthropic.claude-sonnet-4-5-20250929-/batch_1/
2026-04-24 12:49:42,942 - INFO -   JobArn: arn:aws:bedrock:us-east-1:398875891240:model-invocation-job/la6aprw5bmfy
2026-04-24 12:49:42,942 - INFO - Submitting job: vcape-r-20k-batch-2-2026-04-24-12-49-40
2026-04-24 12:49:42,942 - INFO -   Input:  s3://nintai-auto-qa-beta-us-east-1/autoqa-NIPS/bedrock_input_datasets_optimized/vcape-r-20k/batch_2.jsonl
2026-04-24 12:49:42,942 - INFO -   Output: s3://nintai-auto-qa-beta-us-east-1/autoqa-NIPS/bedrock_output_datasets_prompt_optimized/vcape-r-20k/us.anthropic.claude-sonnet-4-5-20250929-/batch_2/
2026-04-24 12:49:43,499 - INFO -   JobArn: arn:aws:bedrock:us-east-1:398875891240:model-invocation-job/13iq7sfobfqu
2026-04-24 12:49:43,499 - INFO - Submitting job: vcape-r-20k-batch-3-2026-04-24-12-49-40
2026-04-24 12:49:43,499 - INFO -   Input:  s3://nintai-auto-qa-beta-us-east-1/autoqa-NIPS/bedrock_input_datasets_optimized/vcape-r-20k/batch_3.jsonl
2026-04-24 12:49:43,499 - INFO -   Output: s3://nintai-auto-qa-beta-us-east-1/autoqa-NIPS/bedrock_output_datasets_prompt_optimized/vcape-r-20k/us.anthropic.claude-sonnet-4-5-20250929-/batch_3/
2026-04-24 12:49:46,599 - INFO -   JobArn: arn:aws:bedrock:us-east-1:398875891240:model-invocation-job/yfvvtt19uzr4
2026-04-24 12:49:46,599 - INFO - Submitting job: vcape-r-20k-batch-4-2026-04-24-12-49-40
2026-04-24 12:49:46,599 - INFO -   Input:  s3://nintai-auto-qa-beta-us-east-1/autoqa-NIPS/bedrock_input_datasets_optimized/vcape-r-20k/batch_4.jsonl
2026-04-24 12:49:46,599 - INFO -   Output: s3://nintai-auto-qa-beta-us-east-1/autoqa-NIPS/bedrock_output_datasets_prompt_optimized/vcape-r-20k/us.anthropic.claude-sonnet-4-5-20250929-/batch_4/
2026-04-24 12:49:47,129 - INFO -   JobArn: arn:aws:bedrock:us-east-1:398875891240:model-invocation-job/i6ytwqbic3ln
2026-04-24 12:49:47,129 - INFO - Submitting job: vcape-r-20k-batch-5-2026-04-24-12-49-40
2026-04-24 12:49:47,130 - INFO -   Input:  s3://nintai-auto-qa-beta-us-east-1/autoqa-NIPS/bedrock_input_datasets_optimized/vcape-r-20k/batch_5.jsonl
2026-04-24 12:49:47,130 - INFO -   Output: s3://nintai-auto-qa-beta-us-east-1/autoqa-NIPS/bedrock_output_datasets_prompt_optimized/vcape-r-20k/us.anthropic.claude-sonnet-4-5-20250929-/batch_5/
2026-04-24 12:49:47,590 - INFO -   JobArn: arn:aws:bedrock:us-east-1:398875891240:model-invocation-job/oetn4ggv1nbq
2026-04-24 12:49:47,591 - INFO - Submitting job: vcape-r-20k-batch-6-2026-04-24-12-49-40
2026-04-24 12:49:47,592 - INFO -   Input:  s3://nintai-auto-qa-beta-us-east-1/autoqa-NIPS/bedrock_input_datasets_optimized/vcape-r-20k/batch_6.jsonl
2026-04-24 12:49:47,592 - INFO -   Output: s3://nintai-auto-qa-beta-us-east-1/autoqa-NIPS/bedrock_output_datasets_prompt_optimized/vcape-r-20k/us.anthropic.claude-sonnet-4-5-20250929-/batch_6/
2026-04-24 12:49:48,337 - INFO -   JobArn: arn:aws:bedrock:us-east-1:398875891240:model-invocation-job/d95ujqk1460o
2026-04-24 12:49:48,337 - INFO - Submitting job: vcape-r-20k-batch-7-2026-04-24-12-49-40
2026-04-24 12:49:48,338 - INFO -   Input:  s3://nintai-auto-qa-beta-us-east-1/autoqa-NIPS/bedrock_input_datasets_optimized/vcape-r-20k/batch_7.jsonl
2026-04-24 12:49:48,338 - INFO -   Output: s3://nintai-auto-qa-beta-us-east-1/autoqa-NIPS/bedrock_output_datasets_prompt_optimized/vcape-r-20k/us.anthropic.claude-sonnet-4-5-20250929-/batch_7/
2026-04-24 12:49:49,840 - INFO -   JobArn: arn:aws:bedrock:us-east-1:398875891240:model-invocation-job/neie67adh5yo
2026-04-24 12:49:49,840 - INFO - Submitting job: vcape-r-20k-batch-8-2026-04-24-12-49-40
2026-04-24 12:49:49,840 - INFO -   Input:  s3://nintai-auto-qa-beta-us-east-1/autoqa-NIPS/bedrock_input_datasets_optimized/vcape-r-20k/batch_8.jsonl
2026-04-24 12:49:49,840 - INFO -   Output: s3://nintai-auto-qa-beta-us-east-1/autoqa-NIPS/bedrock_output_datasets_prompt_optimized/vcape-r-20k/us.anthropic.claude-sonnet-4-5-20250929-/batch_8/
2026-04-24 12:49:50,356 - INFO -   JobArn: arn:aws:bedrock:us-east-1:398875891240:model-invocation-job/e3lw0i4fpa9a
2026-04-24 12:49:50,356 - INFO - Submitting job: vcape-r-20k-batch-9-2026-04-24-12-49-40
2026-04-24 12:49:50,356 - INFO -   Input:  s3://nintai-auto-qa-beta-us-east-1/autoqa-NIPS/bedrock_input_datasets_optimized/vcape-r-20k/batch_9.jsonl
2026-04-24 12:49:50,356 - INFO -   Output: s3://nintai-auto-qa-beta-us-east-1/autoqa-NIPS/bedrock_output_datasets_prompt_optimized/vcape-r-20k/us.anthropic.claude-sonnet-4-5-20250929-/batch_9/
2026-04-24 12:49:50,876 - INFO -   JobArn: arn:aws:bedrock:us-east-1:398875891240:model-invocation-job/qqlshrluhvev
2026-04-24 12:49:50,876 - INFO - Submitting job: vcape-r-20k-batch-10-2026-04-24-12-49-40
2026-04-24 12:49:50,876 - INFO -   Input:  s3://nintai-auto-qa-beta-us-east-1/autoqa-NIPS/bedrock_input_datasets_optimized/vcape-r-20k/batch_10.jsonl
2026-04-24 12:49:50,877 - INFO -   Output: s3://nintai-auto-qa-beta-us-east-1/autoqa-NIPS/bedrock_output_datasets_prompt_optimized/vcape-r-20k/us.anthropic.claude-sonnet-4-5-20250929-/batch_10/
2026-04-24 12:49:51,802 - INFO -   JobArn: arn:aws:bedrock:us-east-1:398875891240:model-invocation-job/yvz4dlzjmmlv
2026-04-24 12:49:51,802 - INFO - Submitting job: vcape-r-20k-batch-11-2026-04-24-12-49-40
2026-04-24 12:49:51,802 - INFO -   Input:  s3://nintai-auto-qa-beta-us-east-1/autoqa-NIPS/bedrock_input_datasets_optimized/vcape-r-20k/batch_11.jsonl
2026-04-24 12:49:51,802 - INFO -   Output: s3://nintai-auto-qa-beta-us-east-1/autoqa-NIPS/bedrock_output_datasets_prompt_optimized/vcape-r-20k/us.anthropic.claude-sonnet-4-5-20250929-/batch_11/
2026-04-24 12:49:52,274 - INFO -   JobArn: arn:aws:bedrock:us-east-1:398875891240:model-invocation-job/ysuu9fsvkqx2
2026-04-24 12:49:52,275 - INFO - Submitting job: vcape-r-20k-batch-12-2026-04-24-12-49-40
2026-04-24 12:49:52,275 - INFO -   Input:  s3://nintai-auto-qa-beta-us-east-1/autoqa-NIPS/bedrock_input_datasets_optimized/vcape-r-20k/batch_12.jsonl
2026-04-24 12:49:52,275 - INFO -   Output: s3://nintai-auto-qa-beta-us-east-1/autoqa-NIPS/bedrock_output_datasets_prompt_optimized/vcape-r-20k/us.anthropic.claude-sonnet-4-5-20250929-/batch_12/
2026-04-24 12:49:53,880 - INFO -   JobArn: arn:aws:bedrock:us-east-1:398875891240:model-invocation-job/an2xub42umkt
2026-04-24 12:49:53,881 - INFO - Submitting job: vcape-r-20k-batch-13-2026-04-24-12-49-40
2026-04-24 12:49:53,881 - INFO -   Input:  s3://nintai-auto-qa-beta-us-east-1/autoqa-NIPS/bedrock_input_datasets_optimized/vcape-r-20k/batch_13.jsonl
2026-04-24 12:49:53,881 - INFO -   Output: s3://nintai-auto-qa-beta-us-east-1/autoqa-NIPS/bedrock_output_datasets_prompt_optimized/vcape-r-20k/us.anthropic.claude-sonnet-4-5-20250929-/batch_13/
2026-04-24 12:49:54,426 - INFO -   JobArn: arn:aws:bedrock:us-east-1:398875891240:model-invocation-job/a29l0miwwotm
2026-04-24 12:49:54,427 - INFO - Submitting job: vcape-r-20k-batch-14-2026-04-24-12-49-40
2026-04-24 12:49:54,427 - INFO -   Input:  s3://nintai-auto-qa-beta-us-east-1/autoqa-NIPS/bedrock_input_datasets_optimized/vcape-r-20k/batch_14.jsonl
2026-04-24 12:49:54,427 - INFO -   Output: s3://nintai-auto-qa-beta-us-east-1/autoqa-NIPS/bedrock_output_datasets_prompt_optimized/vcape-r-20k/us.anthropic.claude-sonnet-4-5-20250929-/batch_14/
2026-04-24 12:49:54,812 - INFO -   JobArn: arn:aws:bedrock:us-east-1:398875891240:model-invocation-job/sp4shlyee71u
2026-04-24 12:49:54,812 - INFO - Submitting job: vcape-r-20k-batch-15-2026-04-24-12-49-40
2026-04-24 12:49:54,813 - INFO -   Input:  s3://nintai-auto-qa-beta-us-east-1/autoqa-NIPS/bedrock_input_datasets_optimized/vcape-r-20k/batch_15.jsonl
2026-04-24 12:49:54,813 - INFO -   Output: s3://nintai-auto-qa-beta-us-east-1/autoqa-NIPS/bedrock_output_datasets_prompt_optimized/vcape-r-20k/us.anthropic.claude-sonnet-4-5-20250929-/batch_15/
2026-04-24 12:49:55,572 - INFO -   JobArn: arn:aws:bedrock:us-east-1:398875891240:model-invocation-job/2wp6srp9cm56
2026-04-24 12:49:55,572 - INFO - Submitting job: vcape-r-20k-batch-16-2026-04-24-12-49-40
2026-04-24 12:49:55,573 - INFO -   Input:  s3://nintai-auto-qa-beta-us-east-1/autoqa-NIPS/bedrock_input_datasets_optimized/vcape-r-20k/batch_16.jsonl
2026-04-24 12:49:55,573 - INFO -   Output: s3://nintai-auto-qa-beta-us-east-1/autoqa-NIPS/bedrock_output_datasets_prompt_optimized/vcape-r-20k/us.anthropic.claude-sonnet-4-5-20250929-/batch_16/
2026-04-24 12:49:56,677 - INFO -   JobArn: arn:aws:bedrock:us-east-1:398875891240:model-invocation-job/8v2xdb9dctts
2026-04-24 12:49:56,677 - INFO - Submitting job: vcape-r-20k-batch-17-2026-04-24-12-49-40
2026-04-24 12:49:56,677 - INFO -   Input:  s3://nintai-auto-qa-beta-us-east-1/autoqa-NIPS/bedrock_input_datasets_optimized/vcape-r-20k/batch_17.jsonl
2026-04-24 12:49:56,677 - INFO -   Output: s3://nintai-auto-qa-beta-us-east-1/autoqa-NIPS/bedrock_output_datasets_prompt_optimized/vcape-r-20k/us.anthropic.claude-sonnet-4-5-20250929-/batch_17/
2026-04-24 12:49:58,182 - INFO -   JobArn: arn:aws:bedrock:us-east-1:398875891240:model-invocation-job/nhui5w6j8j4x
2026-04-24 12:49:58,182 - INFO - Submitting job: vcape-r-20k-batch-18-2026-04-24-12-49-40
2026-04-24 12:49:58,183 - INFO -   Input:  s3://nintai-auto-qa-beta-us-east-1/autoqa-NIPS/bedrock_input_datasets_optimized/vcape-r-20k/batch_18.jsonl
2026-04-24 12:49:58,183 - INFO -   Output: s3://nintai-auto-qa-beta-us-east-1/autoqa-NIPS/bedrock_output_datasets_prompt_optimized/vcape-r-20k/us.anthropic.claude-sonnet-4-5-20250929-/batch_18/
2026-04-24 12:49:59,194 - INFO -   JobArn: arn:aws:bedrock:us-east-1:398875891240:model-invocation-job/w8bn2xgzilnv
2026-04-24 12:49:59,195 - INFO - Submitting job: vcape-r-20k-batch-19-2026-04-24-12-49-40
2026-04-24 12:49:59,195 - INFO -   Input:  s3://nintai-auto-qa-beta-us-east-1/autoqa-NIPS/bedrock_input_datasets_optimized/vcape-r-20k/batch_19.jsonl
2026-04-24 12:49:59,195 - INFO -   Output: s3://nintai-auto-qa-beta-us-east-1/autoqa-NIPS/bedrock_output_datasets_prompt_optimized/vcape-r-20k/us.anthropic.claude-sonnet-4-5-20250929-/batch_19/
2026-04-24 12:49:59,611 - INFO -   JobArn: arn:aws:bedrock:us-east-1:398875891240:model-invocation-job/d6l0sfb13fwa
2026-04-24 12:49:59,615 - INFO - All jobs submitted.
2026-04-24 12:50:01,765 - INFO - Loading dataset from: /tmp/vcape-dataset-cache/vcape-s-20k
2026-04-24 12:50:10,225 - INFO - Dataset loaded: 20000 samples, columns: ['xsource_image', 'xtarget_image', 'product_type', 'object_description', 'label', 'rejection_reason', 'pose', 'input_prompt']
2026-04-24 12:50:10,234 - INFO - Dataset shuffled with seed=42
2026-04-24 12:50:10,234 - INFO - Submitting batch jobs 0–19 ...
2026-04-24 12:50:10,256 - INFO - Found credentials in shared credentials file: ~/.aws/credentials
2026-04-24 12:50:10,360 - INFO - Submitting job: vcape-s-20k-batch-0-2026-04-24-12-50-10
2026-04-24 12:50:10,360 - INFO -   Input:  s3://nintai-auto-qa-beta-us-east-1/autoqa-NIPS/bedrock_input_datasets_optimized/vcape-s-20k/batch_0.jsonl
2026-04-24 12:50:10,361 - INFO -   Output: s3://nintai-auto-qa-beta-us-east-1/autoqa-NIPS/bedrock_output_datasets_prompt_optimized/vcape-s-20k/us.anthropic.claude-sonnet-4-5-20250929-/batch_0/
2026-04-24 12:50:11,802 - INFO -   JobArn: arn:aws:bedrock:us-east-1:398875891240:model-invocation-job/rbfes5r3s56m
2026-04-24 12:50:11,802 - INFO - Submitting job: vcape-s-20k-batch-1-2026-04-24-12-50-10
2026-04-24 12:50:11,802 - INFO -   Input:  s3://nintai-auto-qa-beta-us-east-1/autoqa-NIPS/bedrock_input_datasets_optimized/vcape-s-20k/batch_1.jsonl
2026-04-24 12:50:11,802 - INFO -   Output: s3://nintai-auto-qa-beta-us-east-1/autoqa-NIPS/bedrock_output_datasets_prompt_optimized/vcape-s-20k/us.anthropic.claude-sonnet-4-5-20250929-/batch_1/
2026-04-24 12:50:12,667 - INFO -   JobArn: arn:aws:bedrock:us-east-1:398875891240:model-invocation-job/qzzpb20rnxvk
2026-04-24 12:50:12,667 - INFO - Submitting job: vcape-s-20k-batch-2-2026-04-24-12-50-10
2026-04-24 12:50:12,667 - INFO -   Input:  s3://nintai-auto-qa-beta-us-east-1/autoqa-NIPS/bedrock_input_datasets_optimized/vcape-s-20k/batch_2.jsonl
2026-04-24 12:50:12,668 - INFO -   Output: s3://nintai-auto-qa-beta-us-east-1/autoqa-NIPS/bedrock_output_datasets_prompt_optimized/vcape-s-20k/us.anthropic.claude-sonnet-4-5-20250929-/batch_2/
2026-04-24 12:50:13,795 - INFO -   JobArn: arn:aws:bedrock:us-east-1:398875891240:model-invocation-job/s9rvjnng2b96
2026-04-24 12:50:13,795 - INFO - Submitting job: vcape-s-20k-batch-3-2026-04-24-12-50-10
2026-04-24 12:50:13,795 - INFO -   Input:  s3://nintai-auto-qa-beta-us-east-1/autoqa-NIPS/bedrock_input_datasets_optimized/vcape-s-20k/batch_3.jsonl
2026-04-24 12:50:13,795 - INFO -   Output: s3://nintai-auto-qa-beta-us-east-1/autoqa-NIPS/bedrock_output_datasets_prompt_optimized/vcape-s-20k/us.anthropic.claude-sonnet-4-5-20250929-/batch_3/
2026-04-24 12:50:14,343 - INFO -   JobArn: arn:aws:bedrock:us-east-1:398875891240:model-invocation-job/rqkyyipt354d
2026-04-24 12:50:14,344 - INFO - Submitting job: vcape-s-20k-batch-4-2026-04-24-12-50-10
2026-04-24 12:50:14,344 - INFO -   Input:  s3://nintai-auto-qa-beta-us-east-1/autoqa-NIPS/bedrock_input_datasets_optimized/vcape-s-20k/batch_4.jsonl
2026-04-24 12:50:14,344 - INFO -   Output: s3://nintai-auto-qa-beta-us-east-1/autoqa-NIPS/bedrock_output_datasets_prompt_optimized/vcape-s-20k/us.anthropic.claude-sonnet-4-5-20250929-/batch_4/
2026-04-24 12:50:14,935 - INFO -   JobArn: arn:aws:bedrock:us-east-1:398875891240:model-invocation-job/62d9t9wrun38
2026-04-24 12:50:14,936 - INFO - Submitting job: vcape-s-20k-batch-5-2026-04-24-12-50-10
2026-04-24 12:50:14,936 - INFO -   Input:  s3://nintai-auto-qa-beta-us-east-1/autoqa-NIPS/bedrock_input_datasets_optimized/vcape-s-20k/batch_5.jsonl
2026-04-24 12:50:14,936 - INFO -   Output: s3://nintai-auto-qa-beta-us-east-1/autoqa-NIPS/bedrock_output_datasets_prompt_optimized/vcape-s-20k/us.anthropic.claude-sonnet-4-5-20250929-/batch_5/
2026-04-24 12:50:15,469 - INFO -   JobArn: arn:aws:bedrock:us-east-1:398875891240:model-invocation-job/n5cwplwi54it
2026-04-24 12:50:15,469 - INFO - Submitting job: vcape-s-20k-batch-6-2026-04-24-12-50-10
2026-04-24 12:50:15,469 - INFO -   Input:  s3://nintai-auto-qa-beta-us-east-1/autoqa-NIPS/bedrock_input_datasets_optimized/vcape-s-20k/batch_6.jsonl
2026-04-24 12:50:15,469 - INFO -   Output: s3://nintai-auto-qa-beta-us-east-1/autoqa-NIPS/bedrock_output_datasets_prompt_optimized/vcape-s-20k/us.anthropic.claude-sonnet-4-5-20250929-/batch_6/
2026-04-24 12:50:16,811 - INFO -   JobArn: arn:aws:bedrock:us-east-1:398875891240:model-invocation-job/x4oj1qdjo175
2026-04-24 12:50:16,812 - INFO - Submitting job: vcape-s-20k-batch-7-2026-04-24-12-50-10
2026-04-24 12:50:16,812 - INFO -   Input:  s3://nintai-auto-qa-beta-us-east-1/autoqa-NIPS/bedrock_input_datasets_optimized/vcape-s-20k/batch_7.jsonl
2026-04-24 12:50:16,812 - INFO -   Output: s3://nintai-auto-qa-beta-us-east-1/autoqa-NIPS/bedrock_output_datasets_prompt_optimized/vcape-s-20k/us.anthropic.claude-sonnet-4-5-20250929-/batch_7/
2026-04-24 12:50:18,075 - INFO -   JobArn: arn:aws:bedrock:us-east-1:398875891240:model-invocation-job/5xaip6x6ddnw
2026-04-24 12:50:18,076 - INFO - Submitting job: vcape-s-20k-batch-8-2026-04-24-12-50-10
2026-04-24 12:50:18,076 - INFO -   Input:  s3://nintai-auto-qa-beta-us-east-1/autoqa-NIPS/bedrock_input_datasets_optimized/vcape-s-20k/batch_8.jsonl
2026-04-24 12:50:18,076 - INFO -   Output: s3://nintai-auto-qa-beta-us-east-1/autoqa-NIPS/bedrock_output_datasets_prompt_optimized/vcape-s-20k/us.anthropic.claude-sonnet-4-5-20250929-/batch_8/
2026-04-24 12:50:19,119 - INFO -   JobArn: arn:aws:bedrock:us-east-1:398875891240:model-invocation-job/ixjndw9qyomq
2026-04-24 12:50:19,119 - INFO - Submitting job: vcape-s-20k-batch-9-2026-04-24-12-50-10
2026-04-24 12:50:19,119 - INFO -   Input:  s3://nintai-auto-qa-beta-us-east-1/autoqa-NIPS/bedrock_input_datasets_optimized/vcape-s-20k/batch_9.jsonl
2026-04-24 12:50:19,119 - INFO -   Output: s3://nintai-auto-qa-beta-us-east-1/autoqa-NIPS/bedrock_output_datasets_prompt_optimized/vcape-s-20k/us.anthropic.claude-sonnet-4-5-20250929-/batch_9/
2026-04-24 12:50:19,575 - INFO -   JobArn: arn:aws:bedrock:us-east-1:398875891240:model-invocation-job/wua0n5ase3ug
2026-04-24 12:50:19,575 - INFO - Submitting job: vcape-s-20k-batch-10-2026-04-24-12-50-10
2026-04-24 12:50:19,575 - INFO -   Input:  s3://nintai-auto-qa-beta-us-east-1/autoqa-NIPS/bedrock_input_datasets_optimized/vcape-s-20k/batch_10.jsonl
2026-04-24 12:50:19,575 - INFO -   Output: s3://nintai-auto-qa-beta-us-east-1/autoqa-NIPS/bedrock_output_datasets_prompt_optimized/vcape-s-20k/us.anthropic.claude-sonnet-4-5-20250929-/batch_10/
2026-04-24 12:50:20,663 - INFO -   JobArn: arn:aws:bedrock:us-east-1:398875891240:model-invocation-job/sb9qqnl9t5m5
2026-04-24 12:50:20,663 - INFO - Submitting job: vcape-s-20k-batch-11-2026-04-24-12-50-10
2026-04-24 12:50:20,664 - INFO -   Input:  s3://nintai-auto-qa-beta-us-east-1/autoqa-NIPS/bedrock_input_datasets_optimized/vcape-s-20k/batch_11.jsonl
2026-04-24 12:50:20,664 - INFO -   Output: s3://nintai-auto-qa-beta-us-east-1/autoqa-NIPS/bedrock_output_datasets_prompt_optimized/vcape-s-20k/us.anthropic.claude-sonnet-4-5-20250929-/batch_11/
2026-04-24 12:50:21,134 - INFO -   JobArn: arn:aws:bedrock:us-east-1:398875891240:model-invocation-job/v1610ldrak8w
2026-04-24 12:50:21,134 - INFO - Submitting job: vcape-s-20k-batch-12-2026-04-24-12-50-10
2026-04-24 12:50:21,134 - INFO -   Input:  s3://nintai-auto-qa-beta-us-east-1/autoqa-NIPS/bedrock_input_datasets_optimized/vcape-s-20k/batch_12.jsonl
2026-04-24 12:50:21,134 - INFO -   Output: s3://nintai-auto-qa-beta-us-east-1/autoqa-NIPS/bedrock_output_datasets_prompt_optimized/vcape-s-20k/us.anthropic.claude-sonnet-4-5-20250929-/batch_12/
2026-04-24 12:50:21,557 - INFO -   JobArn: arn:aws:bedrock:us-east-1:398875891240:model-invocation-job/ld5ssaxvcjx7
2026-04-24 12:50:21,557 - INFO - Submitting job: vcape-s-20k-batch-13-2026-04-24-12-50-10
2026-04-24 12:50:21,557 - INFO -   Input:  s3://nintai-auto-qa-beta-us-east-1/autoqa-NIPS/bedrock_input_datasets_optimized/vcape-s-20k/batch_13.jsonl
2026-04-24 12:50:21,557 - INFO -   Output: s3://nintai-auto-qa-beta-us-east-1/autoqa-NIPS/bedrock_output_datasets_prompt_optimized/vcape-s-20k/us.anthropic.claude-sonnet-4-5-20250929-/batch_13/
2026-04-24 12:50:23,890 - INFO -   JobArn: arn:aws:bedrock:us-east-1:398875891240:model-invocation-job/9novh5i8fmir
2026-04-24 12:50:23,891 - INFO - Submitting job: vcape-s-20k-batch-14-2026-04-24-12-50-10
2026-04-24 12:50:23,891 - INFO -   Input:  s3://nintai-auto-qa-beta-us-east-1/autoqa-NIPS/bedrock_input_datasets_optimized/vcape-s-20k/batch_14.jsonl
2026-04-24 12:50:23,891 - INFO -   Output: s3://nintai-auto-qa-beta-us-east-1/autoqa-NIPS/bedrock_output_datasets_prompt_optimized/vcape-s-20k/us.anthropic.claude-sonnet-4-5-20250929-/batch_14/
2026-04-24 12:50:25,485 - INFO -   JobArn: arn:aws:bedrock:us-east-1:398875891240:model-invocation-job/8e306xefxi0o
2026-04-24 12:50:25,485 - INFO - Submitting job: vcape-s-20k-batch-15-2026-04-24-12-50-10
2026-04-24 12:50:25,485 - INFO -   Input:  s3://nintai-auto-qa-beta-us-east-1/autoqa-NIPS/bedrock_input_datasets_optimized/vcape-s-20k/batch_15.jsonl
2026-04-24 12:50:25,486 - INFO -   Output: s3://nintai-auto-qa-beta-us-east-1/autoqa-NIPS/bedrock_output_datasets_prompt_optimized/vcape-s-20k/us.anthropic.claude-sonnet-4-5-20250929-/batch_15/
2026-04-24 12:50:25,916 - INFO -   JobArn: arn:aws:bedrock:us-east-1:398875891240:model-invocation-job/bna9xeu8ins7
2026-04-24 12:50:25,916 - INFO - Submitting job: vcape-s-20k-batch-16-2026-04-24-12-50-10
2026-04-24 12:50:25,916 - INFO -   Input:  s3://nintai-auto-qa-beta-us-east-1/autoqa-NIPS/bedrock_input_datasets_optimized/vcape-s-20k/batch_16.jsonl
2026-04-24 12:50:25,916 - INFO -   Output: s3://nintai-auto-qa-beta-us-east-1/autoqa-NIPS/bedrock_output_datasets_prompt_optimized/vcape-s-20k/us.anthropic.claude-sonnet-4-5-20250929-/batch_16/
2026-04-24 12:50:27,518 - INFO -   JobArn: arn:aws:bedrock:us-east-1:398875891240:model-invocation-job/rdpkk9rcbh6s
2026-04-24 12:50:27,518 - INFO - Submitting job: vcape-s-20k-batch-17-2026-04-24-12-50-10
2026-04-24 12:50:27,519 - INFO -   Input:  s3://nintai-auto-qa-beta-us-east-1/autoqa-NIPS/bedrock_input_datasets_optimized/vcape-s-20k/batch_17.jsonl
2026-04-24 12:50:27,519 - INFO -   Output: s3://nintai-auto-qa-beta-us-east-1/autoqa-NIPS/bedrock_output_datasets_prompt_optimized/vcape-s-20k/us.anthropic.claude-sonnet-4-5-20250929-/batch_17/
2026-04-24 12:50:28,008 - INFO -   JobArn: arn:aws:bedrock:us-east-1:398875891240:model-invocation-job/vp23fenu7h1x
2026-04-24 12:50:28,008 - INFO - Submitting job: vcape-s-20k-batch-18-2026-04-24-12-50-10
2026-04-24 12:50:28,008 - INFO -   Input:  s3://nintai-auto-qa-beta-us-east-1/autoqa-NIPS/bedrock_input_datasets_optimized/vcape-s-20k/batch_18.jsonl
2026-04-24 12:50:28,008 - INFO -   Output: s3://nintai-auto-qa-beta-us-east-1/autoqa-NIPS/bedrock_output_datasets_prompt_optimized/vcape-s-20k/us.anthropic.claude-sonnet-4-5-20250929-/batch_18/
2026-04-24 12:50:28,414 - INFO -   JobArn: arn:aws:bedrock:us-east-1:398875891240:model-invocation-job/4vtqmn0q6qba
2026-04-24 12:50:28,415 - INFO - Submitting job: vcape-s-20k-batch-19-2026-04-24-12-50-10
2026-04-24 12:50:28,415 - INFO -   Input:  s3://nintai-auto-qa-beta-us-east-1/autoqa-NIPS/bedrock_input_datasets_optimized/vcape-s-20k/batch_19.jsonl
2026-04-24 12:50:28,415 - INFO -   Output: s3://nintai-auto-qa-beta-us-east-1/autoqa-NIPS/bedrock_output_datasets_prompt_optimized/vcape-s-20k/us.anthropic.claude-sonnet-4-5-20250929-/batch_19/
2026-04-24 12:50:28,879 - INFO -   JobArn: arn:aws:bedrock:us-east-1:398875891240:model-invocation-job/d0ewjj4a8vmz
2026-04-24 12:50:28,883 - INFO - All jobs submitted.
2026-04-24 12:54:14,671 - INFO - Loading dataset from: /tmp/vcape-dataset-cache/vcape-r-20k
2026-04-24 12:54:21,999 - INFO - Dataset loaded: 20000 samples, columns: ['xsource_image', 'xtarget_image', 'object_description', 'product_type', 'pose', 'input_prompt', 'label', 'rejection_reason']
2026-04-24 12:54:22,006 - INFO - Dataset shuffled with seed=42
2026-04-24 12:54:22,025 - INFO - Found credentials in shared credentials file: ~/.aws/credentials
2026-04-24 12:54:22,208 - INFO - Creating batches: samples 0–19999 (20000 total), batch_size=1000
2026-04-24 13:03:38,698 - INFO - Uploaded s3://nintai-auto-qa-beta-us-east-1/autoqa-NIPS/bedrock_input_datasets_optimized_QWEN/vcape-r-20k/batch_0.jsonl (1000 records)
2026-04-24 13:23:09,597 - INFO - Uploaded s3://nintai-auto-qa-beta-us-east-1/autoqa-NIPS/bedrock_input_datasets_optimized_QWEN/vcape-r-20k/batch_1.jsonl (1000 records)
2026-04-24 13:42:33,404 - INFO - Uploaded s3://nintai-auto-qa-beta-us-east-1/autoqa-NIPS/bedrock_input_datasets_optimized_QWEN/vcape-r-20k/batch_2.jsonl (1000 records)
2026-04-24 13:54:23,104 - INFO - Loading dataset from: /tmp/vcape-dataset-cache/vcape-s-20k
2026-04-24 13:54:31,140 - INFO - Dataset loaded: 20000 samples, columns: ['xsource_image', 'xtarget_image', 'product_type', 'object_description', 'label', 'rejection_reason', 'pose', 'input_prompt']
2026-04-24 13:54:31,147 - INFO - Dataset shuffled with seed=42
2026-04-24 13:54:31,161 - INFO - Found credentials in shared credentials file: ~/.aws/credentials
2026-04-24 13:54:31,312 - INFO - Creating batches: samples 0–19999 (20000 total), batch_size=1000
2026-04-24 17:36:27,266 - INFO - Loading dataset from: /tmp/vcape-dataset-cache/vcape-r-20k
2026-04-24 17:36:35,238 - INFO - Dataset loaded: 20000 samples, columns: ['xsource_image', 'xtarget_image', 'object_description', 'product_type', 'pose', 'input_prompt', 'label', 'rejection_reason']
2026-04-24 17:36:35,243 - INFO - Dataset shuffled with seed=42
2026-04-24 17:36:35,259 - INFO - Found credentials in shared credentials file: ~/.aws/credentials
2026-04-24 17:36:35,431 - INFO - Creating batches: samples 0–19999 (20000 total), batch_size=1000
2026-04-24 17:45:04,027 - INFO - Uploaded s3://nintai-auto-qa-beta-us-east-1/autoqa-NIPS/bedrock_input_datasets_optimized_QWEN/vcape-r-20k/batch_0.jsonl (1000 records)
2026-04-24 17:53:48,176 - INFO - Uploaded s3://nintai-auto-qa-beta-us-east-1/autoqa-NIPS/bedrock_input_datasets_optimized_QWEN/vcape-r-20k/batch_1.jsonl (1000 records)
2026-04-24 18:02:22,306 - INFO - Uploaded s3://nintai-auto-qa-beta-us-east-1/autoqa-NIPS/bedrock_input_datasets_optimized_QWEN/vcape-r-20k/batch_2.jsonl (1000 records)
2026-04-24 18:18:01,396 - INFO - Uploaded s3://nintai-auto-qa-beta-us-east-1/autoqa-NIPS/bedrock_input_datasets_optimized_QWEN/vcape-r-20k/batch_3.jsonl (1000 records)
2026-04-24 18:26:39,806 - INFO - Uploaded s3://nintai-auto-qa-beta-us-east-1/autoqa-NIPS/bedrock_input_datasets_optimized_QWEN/vcape-r-20k/batch_4.jsonl (1000 records)
2026-04-24 18:35:16,739 - INFO - Uploaded s3://nintai-auto-qa-beta-us-east-1/autoqa-NIPS/bedrock_input_datasets_optimized_QWEN/vcape-r-20k/batch_5.jsonl (1000 records)
2026-04-24 18:36:49,673 - INFO - Loading dataset from: /tmp/vcape-dataset-cache/vcape-s-20k
2026-04-24 18:36:58,928 - INFO - Dataset loaded: 20000 samples, columns: ['xsource_image', 'xtarget_image', 'product_type', 'object_description', 'label', 'rejection_reason', 'pose', 'input_prompt']
2026-04-24 18:36:58,937 - INFO - Dataset shuffled with seed=42
2026-04-24 18:36:58,961 - INFO - Found credentials in shared credentials file: ~/.aws/credentials
2026-04-24 18:36:59,126 - INFO - Creating batches: samples 0–19999 (20000 total), batch_size=1000
2026-04-24 18:51:23,999 - INFO - Uploaded s3://nintai-auto-qa-beta-us-east-1/autoqa-NIPS/bedrock_input_datasets_optimized_QWEN/vcape-s-20k/batch_0.jsonl (1000 records)
2026-04-24 19:04:55,326 - INFO - Uploaded s3://nintai-auto-qa-beta-us-east-1/autoqa-NIPS/bedrock_input_datasets_optimized_QWEN/vcape-s-20k/batch_1.jsonl (1000 records)
2026-04-24 19:18:11,687 - INFO - Uploaded s3://nintai-auto-qa-beta-us-east-1/autoqa-NIPS/bedrock_input_datasets_optimized_QWEN/vcape-s-20k/batch_2.jsonl (1000 records)
2026-04-24 19:31:23,075 - INFO - Uploaded s3://nintai-auto-qa-beta-us-east-1/autoqa-NIPS/bedrock_input_datasets_optimized_QWEN/vcape-s-20k/batch_3.jsonl (1000 records)
2026-04-24 19:58:57,056 - INFO - Loading dataset from: /tmp/vcape-dataset-cache/vcape-r-20k
2026-04-24 19:59:04,766 - INFO - Dataset loaded: 20000 samples, columns: ['xsource_image', 'xtarget_image', 'object_description', 'product_type', 'pose', 'input_prompt', 'label', 'rejection_reason']
2026-04-24 19:59:04,771 - INFO - Dataset shuffled with seed=42
2026-04-24 19:59:04,784 - INFO - Found credentials in shared credentials file: ~/.aws/credentials
2026-04-24 19:59:04,948 - INFO - Creating batches: samples 0–19999 (20000 total), batch_size=1000
2026-04-24 21:59:20,980 - INFO - Loading dataset from: /tmp/vcape-dataset-cache/vcape-s-20k
2026-04-24 21:59:29,964 - INFO - Dataset loaded: 20000 samples, columns: ['xsource_image', 'xtarget_image', 'product_type', 'object_description', 'label', 'rejection_reason', 'pose', 'input_prompt']
2026-04-24 21:59:29,976 - INFO - Dataset shuffled with seed=42
2026-04-24 21:59:30,021 - INFO - Found credentials in shared credentials file: ~/.aws/credentials
2026-04-24 21:59:30,194 - INFO - Creating batches: samples 0–19999 (20000 total), batch_size=1000
2026-04-25 09:35:49,265 - INFO - Loading dataset from: /tmp/vcape-dataset-cache/vcape-r-20k
2026-04-25 09:35:58,044 - INFO - Dataset loaded: 20000 samples, columns: ['xsource_image', 'xtarget_image', 'object_description', 'product_type', 'pose', 'input_prompt', 'label', 'rejection_reason']
2026-04-25 09:35:58,052 - INFO - Dataset shuffled with seed=42
2026-04-25 09:35:58,074 - INFO - Found credentials in shared credentials file: ~/.aws/credentials
2026-04-25 09:35:58,219 - INFO - Creating batches: samples 0–19999 (20000 total), batch_size=1000
2026-04-25 09:37:56,332 - INFO - Building payloads with pandas apply …
2026-04-25 09:38:00,963 - INFO - Loading dataset from: /tmp/vcape-dataset-cache/vcape-s-20k
2026-04-25 09:38:10,757 - INFO - Dataset loaded: 20000 samples, columns: ['xsource_image', 'xtarget_image', 'product_type', 'object_description', 'label', 'rejection_reason', 'pose', 'input_prompt']
2026-04-25 09:38:10,778 - INFO - Dataset shuffled with seed=42
2026-04-25 09:38:10,807 - INFO - Found credentials in shared credentials file: ~/.aws/credentials
2026-04-25 09:38:11,330 - INFO - Creating batches: samples 0–19999 (20000 total), batch_size=1000
2026-04-25 09:39:45,266 - INFO - Loading dataset from: /tmp/vcape-dataset-cache/vcape-r-20k
2026-04-25 09:39:53,247 - INFO - Dataset loaded: 20000 samples, columns: ['xsource_image', 'xtarget_image', 'object_description', 'product_type', 'pose', 'input_prompt', 'label', 'rejection_reason']
2026-04-25 09:39:53,262 - INFO - Dataset shuffled with seed=42
2026-04-25 09:39:53,282 - INFO - Found credentials in shared credentials file: ~/.aws/credentials
2026-04-25 09:39:53,547 - INFO - Creating batches: samples 0–19999 (20000 total), batch_size=1000
2026-04-25 09:41:00,785 - INFO - Building payloads with pandas apply …
2026-04-25 17:27:25,955 - INFO - Loading dataset from: /tmp/vcape-dataset-cache/vcape-s-20k
2026-04-25 17:27:34,142 - INFO - Dataset loaded: 20000 samples, columns: ['xsource_image', 'xtarget_image', 'product_type', 'object_description', 'label', 'rejection_reason', 'pose', 'input_prompt']
2026-04-25 17:27:34,159 - INFO - Dataset shuffled with seed=42
2026-04-25 17:27:34,196 - INFO - Found credentials in shared credentials file: ~/.aws/credentials
2026-04-25 17:27:34,469 - INFO - Creating batches: samples 0–19999 (20000 total), batch_size=1000
2026-04-25 17:29:16,235 - INFO - Building payloads with pandas apply …
2026-04-28 10:26:12,157 - INFO - Loading dataset from: /tmp/vcape-dataset-cache/vcape-r-20k
2026-04-28 14:07:00,533 - INFO - Loading dataset from: /tmp/vcape-dataset-cache/vcape-r-20k
2026-04-28 14:10:29,870 - INFO - Loading dataset from: /Users/ralcover/tmp/vcape-dataset-cache/vcape-r-20k
2026-04-28 14:10:38,959 - INFO - Dataset loaded: 20000 samples, columns: ['xsource_image', 'xtarget_image', 'object_description', 'product_type', 'pose', 'input_prompt', 'label', 'rejection_reason']
2026-04-28 14:10:38,976 - INFO - Dataset shuffled with seed=42
2026-04-28 14:10:38,988 - INFO - Found credentials in shared credentials file: ~/.aws/credentials
2026-04-28 14:10:39,127 - INFO - Creating batches: samples 0–19999 (20000 total), batch_size=1000
2026-04-28 14:12:11,326 - INFO - Building payloads with pandas apply …
2026-04-28 14:12:15,393 - INFO - Loading dataset from: /Users/ralcover/tmp/vcape-dataset-cache/vcape-s-20k
2026-04-28 14:12:22,579 - INFO - Dataset loaded: 20000 samples, columns: ['xsource_image', 'xtarget_image', 'product_type', 'object_description', 'label', 'rejection_reason', 'pose', 'input_prompt']
2026-04-28 14:12:22,610 - INFO - Dataset shuffled with seed=42
2026-04-28 14:12:22,627 - INFO - Found credentials in shared credentials file: ~/.aws/credentials
2026-04-28 14:12:22,762 - INFO - Creating batches: samples 0–19999 (20000 total), batch_size=1000
2026-04-28 14:13:54,102 - INFO - Loading dataset from: /Users/ralcover/tmp/vcape-dataset-cache/vcape-r-20k
2026-04-28 14:14:00,243 - INFO - Dataset loaded: 20000 samples, columns: ['xsource_image', 'xtarget_image', 'object_description', 'product_type', 'pose', 'input_prompt', 'label', 'rejection_reason']
2026-04-28 14:14:00,247 - INFO - Dataset shuffled with seed=42
2026-04-28 14:14:00,258 - INFO - Found credentials in shared credentials file: ~/.aws/credentials
2026-04-28 14:14:00,418 - INFO - Creating batches: samples 0–19999 (20000 total), batch_size=1000
2026-04-28 14:15:01,489 - INFO - Building payloads with pandas apply …
2026-04-28 14:43:30,622 - INFO - Uploaded s3://nintai-auto-qa-beta-us-east-1/autoqa-NIPS/bedrock_input_datasets_optimized_QWEN/vcape-r-20k/batch_0.jsonl (1000 records)
2026-04-28 14:43:30,907 - INFO - Uploaded s3://nintai-auto-qa-beta-us-east-1/autoqa-NIPS/bedrock_input_datasets_optimized_QWEN/vcape-r-20k/batch_1.jsonl (1000 records)
2026-04-28 14:43:31,114 - INFO - Uploaded s3://nintai-auto-qa-beta-us-east-1/autoqa-NIPS/bedrock_input_datasets_optimized_QWEN/vcape-r-20k/batch_2.jsonl (1000 records)
2026-04-28 14:43:31,347 - INFO - Uploaded s3://nintai-auto-qa-beta-us-east-1/autoqa-NIPS/bedrock_input_datasets_optimized_QWEN/vcape-r-20k/batch_3.jsonl (1000 records)
2026-04-28 14:43:31,598 - INFO - Uploaded s3://nintai-auto-qa-beta-us-east-1/autoqa-NIPS/bedrock_input_datasets_optimized_QWEN/vcape-r-20k/batch_4.jsonl (1000 records)
2026-04-28 14:43:31,839 - INFO - Uploaded s3://nintai-auto-qa-beta-us-east-1/autoqa-NIPS/bedrock_input_datasets_optimized_QWEN/vcape-r-20k/batch_5.jsonl (1000 records)
2026-04-28 14:43:32,055 - INFO - Uploaded s3://nintai-auto-qa-beta-us-east-1/autoqa-NIPS/bedrock_input_datasets_optimized_QWEN/vcape-r-20k/batch_6.jsonl (1000 records)
2026-04-28 14:43:32,278 - INFO - Uploaded s3://nintai-auto-qa-beta-us-east-1/autoqa-NIPS/bedrock_input_datasets_optimized_QWEN/vcape-r-20k/batch_7.jsonl (1000 records)
2026-04-28 14:43:32,485 - INFO - Uploaded s3://nintai-auto-qa-beta-us-east-1/autoqa-NIPS/bedrock_input_datasets_optimized_QWEN/vcape-r-20k/batch_8.jsonl (1000 records)
2026-04-28 14:43:32,705 - INFO - Uploaded s3://nintai-auto-qa-beta-us-east-1/autoqa-NIPS/bedrock_input_datasets_optimized_QWEN/vcape-r-20k/batch_9.jsonl (1000 records)
2026-04-28 14:43:32,914 - INFO - Uploaded s3://nintai-auto-qa-beta-us-east-1/autoqa-NIPS/bedrock_input_datasets_optimized_QWEN/vcape-r-20k/batch_10.jsonl (1000 records)
2026-04-28 14:43:33,129 - INFO - Uploaded s3://nintai-auto-qa-beta-us-east-1/autoqa-NIPS/bedrock_input_datasets_optimized_QWEN/vcape-r-20k/batch_11.jsonl (1000 records)
2026-04-28 14:43:33,337 - INFO - Uploaded s3://nintai-auto-qa-beta-us-east-1/autoqa-NIPS/bedrock_input_datasets_optimized_QWEN/vcape-r-20k/batch_12.jsonl (1000 records)
2026-04-28 14:43:33,548 - INFO - Uploaded s3://nintai-auto-qa-beta-us-east-1/autoqa-NIPS/bedrock_input_datasets_optimized_QWEN/vcape-r-20k/batch_13.jsonl (1000 records)
2026-04-28 14:43:33,805 - INFO - Uploaded s3://nintai-auto-qa-beta-us-east-1/autoqa-NIPS/bedrock_input_datasets_optimized_QWEN/vcape-r-20k/batch_14.jsonl (1000 records)
2026-04-28 14:43:34,042 - INFO - Uploaded s3://nintai-auto-qa-beta-us-east-1/autoqa-NIPS/bedrock_input_datasets_optimized_QWEN/vcape-r-20k/batch_15.jsonl (1000 records)
2026-04-28 14:43:34,306 - INFO - Uploaded s3://nintai-auto-qa-beta-us-east-1/autoqa-NIPS/bedrock_input_datasets_optimized_QWEN/vcape-r-20k/batch_16.jsonl (1000 records)
2026-04-28 14:43:34,534 - INFO - Uploaded s3://nintai-auto-qa-beta-us-east-1/autoqa-NIPS/bedrock_input_datasets_optimized_QWEN/vcape-r-20k/batch_17.jsonl (1000 records)
2026-04-28 14:43:34,750 - INFO - Uploaded s3://nintai-auto-qa-beta-us-east-1/autoqa-NIPS/bedrock_input_datasets_optimized_QWEN/vcape-r-20k/batch_18.jsonl (1000 records)
2026-04-28 14:43:34,958 - INFO - Uploaded s3://nintai-auto-qa-beta-us-east-1/autoqa-NIPS/bedrock_input_datasets_optimized_QWEN/vcape-r-20k/batch_19.jsonl (1000 records)
2026-04-28 14:43:34,958 - INFO - Total batches uploaded: 20
2026-04-28 14:43:38,414 - INFO - Submitting batch jobs 0–19 ...
2026-04-28 14:43:38,442 - INFO - Submitting job: vcape-r-20k-batch-0-2026-04-28-14-43-38
2026-04-28 14:43:38,442 - INFO -   Input:  s3://nintai-auto-qa-beta-us-east-1/autoqa-NIPS/bedrock_input_datasets_optimized_QWEN/vcape-r-20k/batch_0.jsonl
2026-04-28 14:43:38,442 - INFO -   Output: s3://nintai-auto-qa-beta-us-east-1/autoqa-NIPS/bedrock_output_datasets_prompt_optimized/vcape-r-20k/us.meta.llama4-maverick-17b-instruct-/batch_0/
2026-04-28 14:43:39,184 - INFO -   JobArn: arn:aws:bedrock:us-east-1:398875891240:model-invocation-job/plhxt2681i2b
2026-04-28 14:43:39,185 - INFO - Submitting job: vcape-r-20k-batch-1-2026-04-28-14-43-38
2026-04-28 14:43:39,185 - INFO -   Input:  s3://nintai-auto-qa-beta-us-east-1/autoqa-NIPS/bedrock_input_datasets_optimized_QWEN/vcape-r-20k/batch_1.jsonl
2026-04-28 14:43:39,185 - INFO -   Output: s3://nintai-auto-qa-beta-us-east-1/autoqa-NIPS/bedrock_output_datasets_prompt_optimized/vcape-r-20k/us.meta.llama4-maverick-17b-instruct-/batch_1/
2026-04-28 14:43:39,691 - INFO -   JobArn: arn:aws:bedrock:us-east-1:398875891240:model-invocation-job/p6qhlb6uhkf4
2026-04-28 14:43:39,691 - INFO - Submitting job: vcape-r-20k-batch-2-2026-04-28-14-43-38
2026-04-28 14:43:39,692 - INFO -   Input:  s3://nintai-auto-qa-beta-us-east-1/autoqa-NIPS/bedrock_input_datasets_optimized_QWEN/vcape-r-20k/batch_2.jsonl
2026-04-28 14:43:39,692 - INFO -   Output: s3://nintai-auto-qa-beta-us-east-1/autoqa-NIPS/bedrock_output_datasets_prompt_optimized/vcape-r-20k/us.meta.llama4-maverick-17b-instruct-/batch_2/
2026-04-28 14:43:40,249 - INFO -   JobArn: arn:aws:bedrock:us-east-1:398875891240:model-invocation-job/jjfnevabxn29
2026-04-28 14:43:40,249 - INFO - Submitting job: vcape-r-20k-batch-3-2026-04-28-14-43-38
2026-04-28 14:43:40,249 - INFO -   Input:  s3://nintai-auto-qa-beta-us-east-1/autoqa-NIPS/bedrock_input_datasets_optimized_QWEN/vcape-r-20k/batch_3.jsonl
2026-04-28 14:43:40,249 - INFO -   Output: s3://nintai-auto-qa-beta-us-east-1/autoqa-NIPS/bedrock_output_datasets_prompt_optimized/vcape-r-20k/us.meta.llama4-maverick-17b-instruct-/batch_3/
2026-04-28 14:43:40,752 - INFO -   JobArn: arn:aws:bedrock:us-east-1:398875891240:model-invocation-job/q9ptwxwra1j4
2026-04-28 14:43:40,752 - INFO - Submitting job: vcape-r-20k-batch-4-2026-04-28-14-43-38
2026-04-28 14:43:40,752 - INFO -   Input:  s3://nintai-auto-qa-beta-us-east-1/autoqa-NIPS/bedrock_input_datasets_optimized_QWEN/vcape-r-20k/batch_4.jsonl
2026-04-28 14:43:40,752 - INFO -   Output: s3://nintai-auto-qa-beta-us-east-1/autoqa-NIPS/bedrock_output_datasets_prompt_optimized/vcape-r-20k/us.meta.llama4-maverick-17b-instruct-/batch_4/
2026-04-28 14:43:41,290 - INFO -   JobArn: arn:aws:bedrock:us-east-1:398875891240:model-invocation-job/j41jw5y2jj51
2026-04-28 14:43:41,290 - INFO - Submitting job: vcape-r-20k-batch-5-2026-04-28-14-43-38
2026-04-28 14:43:41,290 - INFO -   Input:  s3://nintai-auto-qa-beta-us-east-1/autoqa-NIPS/bedrock_input_datasets_optimized_QWEN/vcape-r-20k/batch_5.jsonl
2026-04-28 14:43:41,290 - INFO -   Output: s3://nintai-auto-qa-beta-us-east-1/autoqa-NIPS/bedrock_output_datasets_prompt_optimized/vcape-r-20k/us.meta.llama4-maverick-17b-instruct-/batch_5/
2026-04-28 14:43:43,963 - INFO -   JobArn: arn:aws:bedrock:us-east-1:398875891240:model-invocation-job/hrm96hni8a0r
2026-04-28 14:43:43,964 - INFO - Submitting job: vcape-r-20k-batch-6-2026-04-28-14-43-38
2026-04-28 14:43:43,964 - INFO -   Input:  s3://nintai-auto-qa-beta-us-east-1/autoqa-NIPS/bedrock_input_datasets_optimized_QWEN/vcape-r-20k/batch_6.jsonl
2026-04-28 14:43:43,964 - INFO -   Output: s3://nintai-auto-qa-beta-us-east-1/autoqa-NIPS/bedrock_output_datasets_prompt_optimized/vcape-r-20k/us.meta.llama4-maverick-17b-instruct-/batch_6/
2026-04-28 14:43:44,504 - INFO -   JobArn: arn:aws:bedrock:us-east-1:398875891240:model-invocation-job/h76vhdve3ajg
2026-04-28 14:43:44,505 - INFO - Submitting job: vcape-r-20k-batch-7-2026-04-28-14-43-38
2026-04-28 14:43:44,505 - INFO -   Input:  s3://nintai-auto-qa-beta-us-east-1/autoqa-NIPS/bedrock_input_datasets_optimized_QWEN/vcape-r-20k/batch_7.jsonl
2026-04-28 14:43:44,505 - INFO -   Output: s3://nintai-auto-qa-beta-us-east-1/autoqa-NIPS/bedrock_output_datasets_prompt_optimized/vcape-r-20k/us.meta.llama4-maverick-17b-instruct-/batch_7/
2026-04-28 14:43:45,033 - INFO -   JobArn: arn:aws:bedrock:us-east-1:398875891240:model-invocation-job/751ptdnrqefu
2026-04-28 14:43:45,033 - INFO - Submitting job: vcape-r-20k-batch-8-2026-04-28-14-43-38
2026-04-28 14:43:45,034 - INFO -   Input:  s3://nintai-auto-qa-beta-us-east-1/autoqa-NIPS/bedrock_input_datasets_optimized_QWEN/vcape-r-20k/batch_8.jsonl
2026-04-28 14:43:45,034 - INFO -   Output: s3://nintai-auto-qa-beta-us-east-1/autoqa-NIPS/bedrock_output_datasets_prompt_optimized/vcape-r-20k/us.meta.llama4-maverick-17b-instruct-/batch_8/
2026-04-28 14:43:45,536 - INFO -   JobArn: arn:aws:bedrock:us-east-1:398875891240:model-invocation-job/joqrclwirjrk
2026-04-28 14:43:45,537 - INFO - Submitting job: vcape-r-20k-batch-9-2026-04-28-14-43-38
2026-04-28 14:43:45,537 - INFO -   Input:  s3://nintai-auto-qa-beta-us-east-1/autoqa-NIPS/bedrock_input_datasets_optimized_QWEN/vcape-r-20k/batch_9.jsonl
2026-04-28 14:43:45,537 - INFO -   Output: s3://nintai-auto-qa-beta-us-east-1/autoqa-NIPS/bedrock_output_datasets_prompt_optimized/vcape-r-20k/us.meta.llama4-maverick-17b-instruct-/batch_9/
2026-04-28 14:43:49,857 - INFO -   JobArn: arn:aws:bedrock:us-east-1:398875891240:model-invocation-job/nomix92ya0os
2026-04-28 14:43:49,857 - INFO - Submitting job: vcape-r-20k-batch-10-2026-04-28-14-43-38
2026-04-28 14:43:49,857 - INFO -   Input:  s3://nintai-auto-qa-beta-us-east-1/autoqa-NIPS/bedrock_input_datasets_optimized_QWEN/vcape-r-20k/batch_10.jsonl
2026-04-28 14:43:49,858 - INFO -   Output: s3://nintai-auto-qa-beta-us-east-1/autoqa-NIPS/bedrock_output_datasets_prompt_optimized/vcape-r-20k/us.meta.llama4-maverick-17b-instruct-/batch_10/
2026-04-28 14:43:50,345 - INFO -   JobArn: arn:aws:bedrock:us-east-1:398875891240:model-invocation-job/bp9mfzy4n70n
2026-04-28 14:43:50,345 - INFO - Submitting job: vcape-r-20k-batch-11-2026-04-28-14-43-38
2026-04-28 14:43:50,345 - INFO -   Input:  s3://nintai-auto-qa-beta-us-east-1/autoqa-NIPS/bedrock_input_datasets_optimized_QWEN/vcape-r-20k/batch_11.jsonl
2026-04-28 14:43:50,346 - INFO -   Output: s3://nintai-auto-qa-beta-us-east-1/autoqa-NIPS/bedrock_output_datasets_prompt_optimized/vcape-r-20k/us.meta.llama4-maverick-17b-instruct-/batch_11/
2026-04-28 14:43:51,552 - INFO -   JobArn: arn:aws:bedrock:us-east-1:398875891240:model-invocation-job/kzinr44bpknd
2026-04-28 14:43:51,553 - INFO - Submitting job: vcape-r-20k-batch-12-2026-04-28-14-43-38
2026-04-28 14:43:51,553 - INFO -   Input:  s3://nintai-auto-qa-beta-us-east-1/autoqa-NIPS/bedrock_input_datasets_optimized_QWEN/vcape-r-20k/batch_12.jsonl
2026-04-28 14:43:51,553 - INFO -   Output: s3://nintai-auto-qa-beta-us-east-1/autoqa-NIPS/bedrock_output_datasets_prompt_optimized/vcape-r-20k/us.meta.llama4-maverick-17b-instruct-/batch_12/
2026-04-28 14:43:52,086 - INFO -   JobArn: arn:aws:bedrock:us-east-1:398875891240:model-invocation-job/xom0vctp4vse
2026-04-28 14:43:52,086 - INFO - Submitting job: vcape-r-20k-batch-13-2026-04-28-14-43-38
2026-04-28 14:43:52,086 - INFO -   Input:  s3://nintai-auto-qa-beta-us-east-1/autoqa-NIPS/bedrock_input_datasets_optimized_QWEN/vcape-r-20k/batch_13.jsonl
2026-04-28 14:43:52,086 - INFO -   Output: s3://nintai-auto-qa-beta-us-east-1/autoqa-NIPS/bedrock_output_datasets_prompt_optimized/vcape-r-20k/us.meta.llama4-maverick-17b-instruct-/batch_13/
2026-04-28 14:43:52,587 - INFO -   JobArn: arn:aws:bedrock:us-east-1:398875891240:model-invocation-job/br2nyh5bha1v
2026-04-28 14:43:52,587 - INFO - Submitting job: vcape-r-20k-batch-14-2026-04-28-14-43-38
2026-04-28 14:43:52,588 - INFO -   Input:  s3://nintai-auto-qa-beta-us-east-1/autoqa-NIPS/bedrock_input_datasets_optimized_QWEN/vcape-r-20k/batch_14.jsonl
2026-04-28 14:43:52,588 - INFO -   Output: s3://nintai-auto-qa-beta-us-east-1/autoqa-NIPS/bedrock_output_datasets_prompt_optimized/vcape-r-20k/us.meta.llama4-maverick-17b-instruct-/batch_14/
2026-04-28 14:43:53,144 - INFO -   JobArn: arn:aws:bedrock:us-east-1:398875891240:model-invocation-job/b99ufb2j16re
2026-04-28 14:43:53,144 - INFO - Submitting job: vcape-r-20k-batch-15-2026-04-28-14-43-38
2026-04-28 14:43:53,144 - INFO -   Input:  s3://nintai-auto-qa-beta-us-east-1/autoqa-NIPS/bedrock_input_datasets_optimized_QWEN/vcape-r-20k/batch_15.jsonl
2026-04-28 14:43:53,144 - INFO -   Output: s3://nintai-auto-qa-beta-us-east-1/autoqa-NIPS/bedrock_output_datasets_prompt_optimized/vcape-r-20k/us.meta.llama4-maverick-17b-instruct-/batch_15/
2026-04-28 14:43:53,636 - INFO -   JobArn: arn:aws:bedrock:us-east-1:398875891240:model-invocation-job/1q8ilimm78qi
2026-04-28 14:43:53,636 - INFO - Submitting job: vcape-r-20k-batch-16-2026-04-28-14-43-38
2026-04-28 14:43:53,636 - INFO -   Input:  s3://nintai-auto-qa-beta-us-east-1/autoqa-NIPS/bedrock_input_datasets_optimized_QWEN/vcape-r-20k/batch_16.jsonl
2026-04-28 14:43:53,637 - INFO -   Output: s3://nintai-auto-qa-beta-us-east-1/autoqa-NIPS/bedrock_output_datasets_prompt_optimized/vcape-r-20k/us.meta.llama4-maverick-17b-instruct-/batch_16/
2026-04-28 14:43:55,831 - INFO -   JobArn: arn:aws:bedrock:us-east-1:398875891240:model-invocation-job/93ok0tv2pc4u
2026-04-28 14:43:55,831 - INFO - Submitting job: vcape-r-20k-batch-17-2026-04-28-14-43-38
2026-04-28 14:43:55,831 - INFO -   Input:  s3://nintai-auto-qa-beta-us-east-1/autoqa-NIPS/bedrock_input_datasets_optimized_QWEN/vcape-r-20k/batch_17.jsonl
2026-04-28 14:43:55,832 - INFO -   Output: s3://nintai-auto-qa-beta-us-east-1/autoqa-NIPS/bedrock_output_datasets_prompt_optimized/vcape-r-20k/us.meta.llama4-maverick-17b-instruct-/batch_17/
2026-04-28 14:43:56,812 - INFO -   JobArn: arn:aws:bedrock:us-east-1:398875891240:model-invocation-job/2amgqsq4k7fa
2026-04-28 14:43:56,813 - INFO - Submitting job: vcape-r-20k-batch-18-2026-04-28-14-43-38
2026-04-28 14:43:56,813 - INFO -   Input:  s3://nintai-auto-qa-beta-us-east-1/autoqa-NIPS/bedrock_input_datasets_optimized_QWEN/vcape-r-20k/batch_18.jsonl
2026-04-28 14:43:56,813 - INFO -   Output: s3://nintai-auto-qa-beta-us-east-1/autoqa-NIPS/bedrock_output_datasets_prompt_optimized/vcape-r-20k/us.meta.llama4-maverick-17b-instruct-/batch_18/
2026-04-28 14:43:57,342 - INFO -   JobArn: arn:aws:bedrock:us-east-1:398875891240:model-invocation-job/2x67xue8sib3
2026-04-28 14:43:57,343 - INFO - Submitting job: vcape-r-20k-batch-19-2026-04-28-14-43-38
2026-04-28 14:43:57,343 - INFO -   Input:  s3://nintai-auto-qa-beta-us-east-1/autoqa-NIPS/bedrock_input_datasets_optimized_QWEN/vcape-r-20k/batch_19.jsonl
2026-04-28 14:43:57,343 - INFO -   Output: s3://nintai-auto-qa-beta-us-east-1/autoqa-NIPS/bedrock_output_datasets_prompt_optimized/vcape-r-20k/us.meta.llama4-maverick-17b-instruct-/batch_19/
2026-04-28 14:43:57,781 - INFO -   JobArn: arn:aws:bedrock:us-east-1:398875891240:model-invocation-job/0oetooilrufa
2026-04-28 14:43:57,785 - INFO - All jobs submitted.
2026-04-28 14:44:01,762 - INFO - Loading dataset from: /Users/ralcover/tmp/vcape-dataset-cache/vcape-s-20k
2026-04-28 14:44:09,172 - INFO - Dataset loaded: 20000 samples, columns: ['xsource_image', 'xtarget_image', 'product_type', 'object_description', 'label', 'rejection_reason', 'pose', 'input_prompt']
2026-04-28 14:44:09,178 - INFO - Dataset shuffled with seed=42
2026-04-28 14:44:09,192 - INFO - Found credentials in shared credentials file: ~/.aws/credentials
2026-04-28 14:44:09,346 - INFO - Creating batches: samples 0–19999 (20000 total), batch_size=1000
2026-04-28 14:45:30,496 - INFO - Building payloads with pandas apply …
2026-04-28 15:26:05,420 - INFO - Loading dataset from: /Users/ralcover/tmp/vcape-dataset-cache/vcape-s-20k
2026-04-28 15:26:12,188 - INFO - Dataset loaded: 20000 samples, columns: ['xsource_image', 'xtarget_image', 'product_type', 'object_description', 'label', 'rejection_reason', 'pose', 'input_prompt']
2026-04-28 15:26:12,196 - INFO - Dataset shuffled with seed=42
2026-04-28 15:26:12,207 - INFO - Found credentials in shared credentials file: ~/.aws/credentials
2026-04-28 15:26:12,319 - INFO - Creating batches: samples 0–19999 (20000 total), batch_size=1000
2026-04-28 15:27:19,427 - INFO - Building payloads with pandas apply …
2026-04-28 16:17:58,759 - INFO - Uploaded s3://nintai-auto-qa-beta-us-east-1/autoqa-NIPS/bedrock_input_datasets_optimized_QWEN/vcape-s-20k/batch_0.jsonl (1000 records)
2026-04-28 16:17:59,041 - INFO - Uploaded s3://nintai-auto-qa-beta-us-east-1/autoqa-NIPS/bedrock_input_datasets_optimized_QWEN/vcape-s-20k/batch_1.jsonl (1000 records)
2026-04-28 16:17:59,242 - INFO - Uploaded s3://nintai-auto-qa-beta-us-east-1/autoqa-NIPS/bedrock_input_datasets_optimized_QWEN/vcape-s-20k/batch_2.jsonl (1000 records)
2026-04-28 16:17:59,447 - INFO - Uploaded s3://nintai-auto-qa-beta-us-east-1/autoqa-NIPS/bedrock_input_datasets_optimized_QWEN/vcape-s-20k/batch_3.jsonl (1000 records)
2026-04-28 16:17:59,713 - INFO - Uploaded s3://nintai-auto-qa-beta-us-east-1/autoqa-NIPS/bedrock_input_datasets_optimized_QWEN/vcape-s-20k/batch_4.jsonl (1000 records)
2026-04-28 16:17:59,943 - INFO - Uploaded s3://nintai-auto-qa-beta-us-east-1/autoqa-NIPS/bedrock_input_datasets_optimized_QWEN/vcape-s-20k/batch_5.jsonl (1000 records)
2026-04-28 16:18:00,170 - INFO - Uploaded s3://nintai-auto-qa-beta-us-east-1/autoqa-NIPS/bedrock_input_datasets_optimized_QWEN/vcape-s-20k/batch_6.jsonl (1000 records)
2026-04-28 16:18:00,377 - INFO - Uploaded s3://nintai-auto-qa-beta-us-east-1/autoqa-NIPS/bedrock_input_datasets_optimized_QWEN/vcape-s-20k/batch_7.jsonl (1000 records)
2026-04-28 16:18:00,611 - INFO - Uploaded s3://nintai-auto-qa-beta-us-east-1/autoqa-NIPS/bedrock_input_datasets_optimized_QWEN/vcape-s-20k/batch_8.jsonl (1000 records)
2026-04-28 16:18:00,819 - INFO - Uploaded s3://nintai-auto-qa-beta-us-east-1/autoqa-NIPS/bedrock_input_datasets_optimized_QWEN/vcape-s-20k/batch_9.jsonl (1000 records)
2026-04-28 16:18:01,055 - INFO - Uploaded s3://nintai-auto-qa-beta-us-east-1/autoqa-NIPS/bedrock_input_datasets_optimized_QWEN/vcape-s-20k/batch_10.jsonl (1000 records)
2026-04-28 16:18:01,261 - INFO - Uploaded s3://nintai-auto-qa-beta-us-east-1/autoqa-NIPS/bedrock_input_datasets_optimized_QWEN/vcape-s-20k/batch_11.jsonl (1000 records)
2026-04-28 16:18:01,468 - INFO - Uploaded s3://nintai-auto-qa-beta-us-east-1/autoqa-NIPS/bedrock_input_datasets_optimized_QWEN/vcape-s-20k/batch_12.jsonl (1000 records)
2026-04-28 16:18:01,712 - INFO - Uploaded s3://nintai-auto-qa-beta-us-east-1/autoqa-NIPS/bedrock_input_datasets_optimized_QWEN/vcape-s-20k/batch_13.jsonl (1000 records)
2026-04-28 16:18:01,950 - INFO - Uploaded s3://nintai-auto-qa-beta-us-east-1/autoqa-NIPS/bedrock_input_datasets_optimized_QWEN/vcape-s-20k/batch_14.jsonl (1000 records)
2026-04-28 16:18:02,156 - INFO - Uploaded s3://nintai-auto-qa-beta-us-east-1/autoqa-NIPS/bedrock_input_datasets_optimized_QWEN/vcape-s-20k/batch_15.jsonl (1000 records)
2026-04-28 16:18:02,366 - INFO - Uploaded s3://nintai-auto-qa-beta-us-east-1/autoqa-NIPS/bedrock_input_datasets_optimized_QWEN/vcape-s-20k/batch_16.jsonl (1000 records)
2026-04-28 16:18:02,590 - INFO - Uploaded s3://nintai-auto-qa-beta-us-east-1/autoqa-NIPS/bedrock_input_datasets_optimized_QWEN/vcape-s-20k/batch_17.jsonl (1000 records)
2026-04-28 16:18:02,826 - INFO - Uploaded s3://nintai-auto-qa-beta-us-east-1/autoqa-NIPS/bedrock_input_datasets_optimized_QWEN/vcape-s-20k/batch_18.jsonl (1000 records)
2026-04-28 16:18:03,040 - INFO - Uploaded s3://nintai-auto-qa-beta-us-east-1/autoqa-NIPS/bedrock_input_datasets_optimized_QWEN/vcape-s-20k/batch_19.jsonl (1000 records)
2026-04-28 16:18:03,041 - INFO - Total batches uploaded: 20
2026-04-28 16:18:07,298 - INFO - Submitting batch jobs 0–19 ...
2026-04-28 16:18:07,319 - INFO - Submitting job: vcape-s-20k-batch-0-2026-04-28-16-18-07
2026-04-28 16:18:07,319 - INFO -   Input:  s3://nintai-auto-qa-beta-us-east-1/autoqa-NIPS/bedrock_input_datasets_optimized_QWEN/vcape-s-20k/batch_0.jsonl
2026-04-28 16:18:07,319 - INFO -   Output: s3://nintai-auto-qa-beta-us-east-1/autoqa-NIPS/bedrock_output_datasets_prompt_optimized/vcape-s-20k/us.meta.llama4-maverick-17b-instruct-/batch_0/
2026-04-28 16:18:08,064 - INFO -   JobArn: arn:aws:bedrock:us-east-1:398875891240:model-invocation-job/s6mtl6euaioa
2026-04-28 16:18:08,064 - INFO - Submitting job: vcape-s-20k-batch-1-2026-04-28-16-18-07
2026-04-28 16:18:08,064 - INFO -   Input:  s3://nintai-auto-qa-beta-us-east-1/autoqa-NIPS/bedrock_input_datasets_optimized_QWEN/vcape-s-20k/batch_1.jsonl
2026-04-28 16:18:08,064 - INFO -   Output: s3://nintai-auto-qa-beta-us-east-1/autoqa-NIPS/bedrock_output_datasets_prompt_optimized/vcape-s-20k/us.meta.llama4-maverick-17b-instruct-/batch_1/
2026-04-28 16:18:08,639 - INFO -   JobArn: arn:aws:bedrock:us-east-1:398875891240:model-invocation-job/d4sqliz2qove
2026-04-28 16:18:08,639 - INFO - Submitting job: vcape-s-20k-batch-2-2026-04-28-16-18-07
2026-04-28 16:18:08,640 - INFO -   Input:  s3://nintai-auto-qa-beta-us-east-1/autoqa-NIPS/bedrock_input_datasets_optimized_QWEN/vcape-s-20k/batch_2.jsonl
2026-04-28 16:18:08,640 - INFO -   Output: s3://nintai-auto-qa-beta-us-east-1/autoqa-NIPS/bedrock_output_datasets_prompt_optimized/vcape-s-20k/us.meta.llama4-maverick-17b-instruct-/batch_2/
2026-04-28 16:18:09,188 - INFO -   JobArn: arn:aws:bedrock:us-east-1:398875891240:model-invocation-job/pjpk8acgwlix
2026-04-28 16:18:09,189 - INFO - Submitting job: vcape-s-20k-batch-3-2026-04-28-16-18-07
2026-04-28 16:18:09,189 - INFO -   Input:  s3://nintai-auto-qa-beta-us-east-1/autoqa-NIPS/bedrock_input_datasets_optimized_QWEN/vcape-s-20k/batch_3.jsonl
2026-04-28 16:18:09,189 - INFO -   Output: s3://nintai-auto-qa-beta-us-east-1/autoqa-NIPS/bedrock_output_datasets_prompt_optimized/vcape-s-20k/us.meta.llama4-maverick-17b-instruct-/batch_3/
2026-04-28 16:18:09,816 - INFO -   JobArn: arn:aws:bedrock:us-east-1:398875891240:model-invocation-job/f4lixx69gwm0
2026-04-28 16:18:09,816 - INFO - Submitting job: vcape-s-20k-batch-4-2026-04-28-16-18-07
2026-04-28 16:18:09,816 - INFO -   Input:  s3://nintai-auto-qa-beta-us-east-1/autoqa-NIPS/bedrock_input_datasets_optimized_QWEN/vcape-s-20k/batch_4.jsonl
2026-04-28 16:18:09,816 - INFO -   Output: s3://nintai-auto-qa-beta-us-east-1/autoqa-NIPS/bedrock_output_datasets_prompt_optimized/vcape-s-20k/us.meta.llama4-maverick-17b-instruct-/batch_4/
2026-04-28 16:18:11,230 - INFO -   JobArn: arn:aws:bedrock:us-east-1:398875891240:model-invocation-job/9let4jsn72hz
2026-04-28 16:18:11,231 - INFO - Submitting job: vcape-s-20k-batch-5-2026-04-28-16-18-07
2026-04-28 16:18:11,231 - INFO -   Input:  s3://nintai-auto-qa-beta-us-east-1/autoqa-NIPS/bedrock_input_datasets_optimized_QWEN/vcape-s-20k/batch_5.jsonl
2026-04-28 16:18:11,231 - INFO -   Output: s3://nintai-auto-qa-beta-us-east-1/autoqa-NIPS/bedrock_output_datasets_prompt_optimized/vcape-s-20k/us.meta.llama4-maverick-17b-instruct-/batch_5/
2026-04-28 16:18:12,195 - INFO -   JobArn: arn:aws:bedrock:us-east-1:398875891240:model-invocation-job/9w745lu54kcn
2026-04-28 16:18:12,196 - INFO - Submitting job: vcape-s-20k-batch-6-2026-04-28-16-18-07
2026-04-28 16:18:12,196 - INFO -   Input:  s3://nintai-auto-qa-beta-us-east-1/autoqa-NIPS/bedrock_input_datasets_optimized_QWEN/vcape-s-20k/batch_6.jsonl
2026-04-28 16:18:12,196 - INFO -   Output: s3://nintai-auto-qa-beta-us-east-1/autoqa-NIPS/bedrock_output_datasets_prompt_optimized/vcape-s-20k/us.meta.llama4-maverick-17b-instruct-/batch_6/
2026-04-28 16:18:12,752 - INFO -   JobArn: arn:aws:bedrock:us-east-1:398875891240:model-invocation-job/rc3v0os6l2n8
2026-04-28 16:18:12,753 - INFO - Submitting job: vcape-s-20k-batch-7-2026-04-28-16-18-07
2026-04-28 16:18:12,753 - INFO -   Input:  s3://nintai-auto-qa-beta-us-east-1/autoqa-NIPS/bedrock_input_datasets_optimized_QWEN/vcape-s-20k/batch_7.jsonl
2026-04-28 16:18:12,753 - INFO -   Output: s3://nintai-auto-qa-beta-us-east-1/autoqa-NIPS/bedrock_output_datasets_prompt_optimized/vcape-s-20k/us.meta.llama4-maverick-17b-instruct-/batch_7/
2026-04-28 16:18:14,219 - INFO -   JobArn: arn:aws:bedrock:us-east-1:398875891240:model-invocation-job/66mzhh4umy04
2026-04-28 16:18:14,220 - INFO - Submitting job: vcape-s-20k-batch-8-2026-04-28-16-18-07
2026-04-28 16:18:14,220 - INFO -   Input:  s3://nintai-auto-qa-beta-us-east-1/autoqa-NIPS/bedrock_input_datasets_optimized_QWEN/vcape-s-20k/batch_8.jsonl
2026-04-28 16:18:14,220 - INFO -   Output: s3://nintai-auto-qa-beta-us-east-1/autoqa-NIPS/bedrock_output_datasets_prompt_optimized/vcape-s-20k/us.meta.llama4-maverick-17b-instruct-/batch_8/
2026-04-28 16:18:14,943 - INFO -   JobArn: arn:aws:bedrock:us-east-1:398875891240:model-invocation-job/jbrpuc8cnc38
2026-04-28 16:18:14,944 - INFO - Submitting job: vcape-s-20k-batch-9-2026-04-28-16-18-07
2026-04-28 16:18:14,944 - INFO -   Input:  s3://nintai-auto-qa-beta-us-east-1/autoqa-NIPS/bedrock_input_datasets_optimized_QWEN/vcape-s-20k/batch_9.jsonl
2026-04-28 16:18:14,944 - INFO -   Output: s3://nintai-auto-qa-beta-us-east-1/autoqa-NIPS/bedrock_output_datasets_prompt_optimized/vcape-s-20k/us.meta.llama4-maverick-17b-instruct-/batch_9/
2026-04-28 16:18:17,050 - INFO -   JobArn: arn:aws:bedrock:us-east-1:398875891240:model-invocation-job/q7ofu54dvirp
2026-04-28 16:18:17,050 - INFO - Submitting job: vcape-s-20k-batch-10-2026-04-28-16-18-07
2026-04-28 16:18:17,051 - INFO -   Input:  s3://nintai-auto-qa-beta-us-east-1/autoqa-NIPS/bedrock_input_datasets_optimized_QWEN/vcape-s-20k/batch_10.jsonl
2026-04-28 16:18:17,051 - INFO -   Output: s3://nintai-auto-qa-beta-us-east-1/autoqa-NIPS/bedrock_output_datasets_prompt_optimized/vcape-s-20k/us.meta.llama4-maverick-17b-instruct-/batch_10/
2026-04-28 16:18:17,567 - INFO -   JobArn: arn:aws:bedrock:us-east-1:398875891240:model-invocation-job/2tob85kks9d3
2026-04-28 16:18:17,568 - INFO - Submitting job: vcape-s-20k-batch-11-2026-04-28-16-18-07
2026-04-28 16:18:17,568 - INFO -   Input:  s3://nintai-auto-qa-beta-us-east-1/autoqa-NIPS/bedrock_input_datasets_optimized_QWEN/vcape-s-20k/batch_11.jsonl
2026-04-28 16:18:17,568 - INFO -   Output: s3://nintai-auto-qa-beta-us-east-1/autoqa-NIPS/bedrock_output_datasets_prompt_optimized/vcape-s-20k/us.meta.llama4-maverick-17b-instruct-/batch_11/
2026-04-28 16:18:18,121 - INFO -   JobArn: arn:aws:bedrock:us-east-1:398875891240:model-invocation-job/mxmj5a10o9ch
2026-04-28 16:18:18,122 - INFO - Submitting job: vcape-s-20k-batch-12-2026-04-28-16-18-07
2026-04-28 16:18:18,122 - INFO -   Input:  s3://nintai-auto-qa-beta-us-east-1/autoqa-NIPS/bedrock_input_datasets_optimized_QWEN/vcape-s-20k/batch_12.jsonl
2026-04-28 16:18:18,123 - INFO -   Output: s3://nintai-auto-qa-beta-us-east-1/autoqa-NIPS/bedrock_output_datasets_prompt_optimized/vcape-s-20k/us.meta.llama4-maverick-17b-instruct-/batch_12/
2026-04-28 16:18:18,665 - INFO -   JobArn: arn:aws:bedrock:us-east-1:398875891240:model-invocation-job/yyd3ymy121ux
2026-04-28 16:18:18,665 - INFO - Submitting job: vcape-s-20k-batch-13-2026-04-28-16-18-07
2026-04-28 16:18:18,666 - INFO -   Input:  s3://nintai-auto-qa-beta-us-east-1/autoqa-NIPS/bedrock_input_datasets_optimized_QWEN/vcape-s-20k/batch_13.jsonl
2026-04-28 16:18:18,666 - INFO -   Output: s3://nintai-auto-qa-beta-us-east-1/autoqa-NIPS/bedrock_output_datasets_prompt_optimized/vcape-s-20k/us.meta.llama4-maverick-17b-instruct-/batch_13/
2026-04-28 16:18:19,183 - INFO -   JobArn: arn:aws:bedrock:us-east-1:398875891240:model-invocation-job/qk0se5ufz4uy
2026-04-28 16:18:19,184 - INFO - Submitting job: vcape-s-20k-batch-14-2026-04-28-16-18-07
2026-04-28 16:18:19,184 - INFO -   Input:  s3://nintai-auto-qa-beta-us-east-1/autoqa-NIPS/bedrock_input_datasets_optimized_QWEN/vcape-s-20k/batch_14.jsonl
2026-04-28 16:18:19,184 - INFO -   Output: s3://nintai-auto-qa-beta-us-east-1/autoqa-NIPS/bedrock_output_datasets_prompt_optimized/vcape-s-20k/us.meta.llama4-maverick-17b-instruct-/batch_14/
2026-04-28 16:18:20,508 - INFO -   JobArn: arn:aws:bedrock:us-east-1:398875891240:model-invocation-job/ft76msz2m5gd
2026-04-28 16:18:20,509 - INFO - Submitting job: vcape-s-20k-batch-15-2026-04-28-16-18-07
2026-04-28 16:18:20,509 - INFO -   Input:  s3://nintai-auto-qa-beta-us-east-1/autoqa-NIPS/bedrock_input_datasets_optimized_QWEN/vcape-s-20k/batch_15.jsonl
2026-04-28 16:18:20,509 - INFO -   Output: s3://nintai-auto-qa-beta-us-east-1/autoqa-NIPS/bedrock_output_datasets_prompt_optimized/vcape-s-20k/us.meta.llama4-maverick-17b-instruct-/batch_15/
2026-04-28 16:18:21,525 - INFO -   JobArn: arn:aws:bedrock:us-east-1:398875891240:model-invocation-job/i42z1od2hy6d
2026-04-28 16:18:21,539 - INFO - Submitting job: vcape-s-20k-batch-16-2026-04-28-16-18-07
2026-04-28 16:18:21,539 - INFO -   Input:  s3://nintai-auto-qa-beta-us-east-1/autoqa-NIPS/bedrock_input_datasets_optimized_QWEN/vcape-s-20k/batch_16.jsonl
2026-04-28 16:18:21,539 - INFO -   Output: s3://nintai-auto-qa-beta-us-east-1/autoqa-NIPS/bedrock_output_datasets_prompt_optimized/vcape-s-20k/us.meta.llama4-maverick-17b-instruct-/batch_16/
2026-04-28 16:18:22,011 - INFO -   JobArn: arn:aws:bedrock:us-east-1:398875891240:model-invocation-job/tzzu7mcuh2w6
2026-04-28 16:18:22,012 - INFO - Submitting job: vcape-s-20k-batch-17-2026-04-28-16-18-07
2026-04-28 16:18:22,012 - INFO -   Input:  s3://nintai-auto-qa-beta-us-east-1/autoqa-NIPS/bedrock_input_datasets_optimized_QWEN/vcape-s-20k/batch_17.jsonl
2026-04-28 16:18:22,012 - INFO -   Output: s3://nintai-auto-qa-beta-us-east-1/autoqa-NIPS/bedrock_output_datasets_prompt_optimized/vcape-s-20k/us.meta.llama4-maverick-17b-instruct-/batch_17/
2026-04-28 16:18:26,720 - INFO -   JobArn: arn:aws:bedrock:us-east-1:398875891240:model-invocation-job/4z4uzbhftmg7
2026-04-28 16:18:26,720 - INFO - Submitting job: vcape-s-20k-batch-18-2026-04-28-16-18-07
2026-04-28 16:18:26,720 - INFO -   Input:  s3://nintai-auto-qa-beta-us-east-1/autoqa-NIPS/bedrock_input_datasets_optimized_QWEN/vcape-s-20k/batch_18.jsonl
2026-04-28 16:18:26,721 - INFO -   Output: s3://nintai-auto-qa-beta-us-east-1/autoqa-NIPS/bedrock_output_datasets_prompt_optimized/vcape-s-20k/us.meta.llama4-maverick-17b-instruct-/batch_18/
2026-04-28 16:18:27,240 - INFO -   JobArn: arn:aws:bedrock:us-east-1:398875891240:model-invocation-job/3lbodkkq5p1b
2026-04-28 16:18:27,240 - INFO - Submitting job: vcape-s-20k-batch-19-2026-04-28-16-18-07
2026-04-28 16:18:27,240 - INFO -   Input:  s3://nintai-auto-qa-beta-us-east-1/autoqa-NIPS/bedrock_input_datasets_optimized_QWEN/vcape-s-20k/batch_19.jsonl
2026-04-28 16:18:27,240 - INFO -   Output: s3://nintai-auto-qa-beta-us-east-1/autoqa-NIPS/bedrock_output_datasets_prompt_optimized/vcape-s-20k/us.meta.llama4-maverick-17b-instruct-/batch_19/
2026-04-28 16:18:27,720 - INFO -   JobArn: arn:aws:bedrock:us-east-1:398875891240:model-invocation-job/wqsa7c1smp1f
2026-04-28 16:18:27,722 - INFO - All jobs submitted.
2026-04-28 16:21:12,451 - INFO - Loading dataset from: /Users/ralcover/tmp/vcape-dataset-cache/vcape-r-20k
2026-04-28 16:21:19,053 - INFO - Dataset loaded: 20000 samples, columns: ['xsource_image', 'xtarget_image', 'object_description', 'product_type', 'pose', 'input_prompt', 'label', 'rejection_reason']
2026-04-28 16:21:19,060 - INFO - Dataset shuffled with seed=42
2026-04-28 16:21:19,080 - INFO - Found credentials in shared credentials file: ~/.aws/credentials
2026-04-28 16:21:19,236 - INFO - Creating batches: samples 0–19999 (20000 total), batch_size=1000
2026-04-28 16:22:15,592 - INFO - Building payloads with pandas apply …
2026-04-28 16:52:25,395 - INFO - Uploaded s3://nintai-auto-qa-beta-us-east-1/autoqa-NIPS/bedrock_input_datasets_optimized_Nova/vcape-r-20k/batch_0.jsonl (1000 records)
2026-04-28 16:53:11,801 - INFO - Uploaded s3://nintai-auto-qa-beta-us-east-1/autoqa-NIPS/bedrock_input_datasets_optimized_Nova/vcape-r-20k/batch_1.jsonl (1000 records)
2026-04-28 16:53:42,941 - INFO - Uploaded s3://nintai-auto-qa-beta-us-east-1/autoqa-NIPS/bedrock_input_datasets_optimized_Nova/vcape-r-20k/batch_2.jsonl (1000 records)
2026-04-28 16:54:13,970 - INFO - Uploaded s3://nintai-auto-qa-beta-us-east-1/autoqa-NIPS/bedrock_input_datasets_optimized_Nova/vcape-r-20k/batch_3.jsonl (1000 records)
2026-04-28 16:54:48,777 - INFO - Uploaded s3://nintai-auto-qa-beta-us-east-1/autoqa-NIPS/bedrock_input_datasets_optimized_Nova/vcape-r-20k/batch_4.jsonl (1000 records)
2026-04-28 16:55:22,151 - INFO - Uploaded s3://nintai-auto-qa-beta-us-east-1/autoqa-NIPS/bedrock_input_datasets_optimized_Nova/vcape-r-20k/batch_5.jsonl (1000 records)
2026-04-28 16:56:23,356 - INFO - Uploaded s3://nintai-auto-qa-beta-us-east-1/autoqa-NIPS/bedrock_input_datasets_optimized_Nova/vcape-r-20k/batch_6.jsonl (1000 records)
2026-04-28 16:56:47,954 - INFO - Uploaded s3://nintai-auto-qa-beta-us-east-1/autoqa-NIPS/bedrock_input_datasets_optimized_Nova/vcape-r-20k/batch_7.jsonl (1000 records)
2026-04-28 16:57:18,522 - INFO - Uploaded s3://nintai-auto-qa-beta-us-east-1/autoqa-NIPS/bedrock_input_datasets_optimized_Nova/vcape-r-20k/batch_8.jsonl (1000 records)
2026-04-28 16:57:42,251 - INFO - Uploaded s3://nintai-auto-qa-beta-us-east-1/autoqa-NIPS/bedrock_input_datasets_optimized_Nova/vcape-r-20k/batch_9.jsonl (1000 records)
2026-04-28 16:58:06,083 - INFO - Uploaded s3://nintai-auto-qa-beta-us-east-1/autoqa-NIPS/bedrock_input_datasets_optimized_Nova/vcape-r-20k/batch_10.jsonl (1000 records)
2026-04-28 16:58:43,589 - INFO - Uploaded s3://nintai-auto-qa-beta-us-east-1/autoqa-NIPS/bedrock_input_datasets_optimized_Nova/vcape-r-20k/batch_11.jsonl (1000 records)
2026-04-28 16:59:07,913 - INFO - Uploaded s3://nintai-auto-qa-beta-us-east-1/autoqa-NIPS/bedrock_input_datasets_optimized_Nova/vcape-r-20k/batch_12.jsonl (1000 records)
2026-04-28 16:59:33,205 - INFO - Uploaded s3://nintai-auto-qa-beta-us-east-1/autoqa-NIPS/bedrock_input_datasets_optimized_Nova/vcape-r-20k/batch_13.jsonl (1000 records)
2026-04-28 17:00:02,336 - INFO - Uploaded s3://nintai-auto-qa-beta-us-east-1/autoqa-NIPS/bedrock_input_datasets_optimized_Nova/vcape-r-20k/batch_14.jsonl (1000 records)
2026-04-28 17:00:27,395 - INFO - Uploaded s3://nintai-auto-qa-beta-us-east-1/autoqa-NIPS/bedrock_input_datasets_optimized_Nova/vcape-r-20k/batch_15.jsonl (1000 records)
2026-04-28 17:00:51,934 - INFO - Uploaded s3://nintai-auto-qa-beta-us-east-1/autoqa-NIPS/bedrock_input_datasets_optimized_Nova/vcape-r-20k/batch_16.jsonl (1000 records)
2026-04-28 17:01:20,386 - INFO - Uploaded s3://nintai-auto-qa-beta-us-east-1/autoqa-NIPS/bedrock_input_datasets_optimized_Nova/vcape-r-20k/batch_17.jsonl (1000 records)
2026-04-28 17:01:42,232 - INFO - Uploaded s3://nintai-auto-qa-beta-us-east-1/autoqa-NIPS/bedrock_input_datasets_optimized_Nova/vcape-r-20k/batch_18.jsonl (1000 records)
2026-04-28 17:02:04,527 - INFO - Uploaded s3://nintai-auto-qa-beta-us-east-1/autoqa-NIPS/bedrock_input_datasets_optimized_Nova/vcape-r-20k/batch_19.jsonl (1000 records)
2026-04-28 17:02:04,528 - INFO - Total batches uploaded: 20
2026-04-28 17:02:15,127 - INFO - Submitting batch jobs 0–19 ...
2026-04-28 17:02:15,169 - INFO - Submitting job: vcape-r-20k-batch-0-2026-04-28-17-02-15
2026-04-28 17:02:15,169 - INFO -   Input:  s3://nintai-auto-qa-beta-us-east-1/autoqa-NIPS/bedrock_input_datasets_optimized_Nova/vcape-r-20k/batch_0.jsonl
2026-04-28 17:02:15,169 - INFO -   Output: s3://nintai-auto-qa-beta-us-east-1/autoqa-NIPS/bedrock_output_datasets_prompt_optimized/vcape-r-20k/us.amazon.nova-2-lite-/batch_0/
2026-04-28 17:02:15,822 - INFO -   JobArn: arn:aws:bedrock:us-east-1:398875891240:model-invocation-job/hwwscarrii4b
2026-04-28 17:02:15,823 - INFO - Submitting job: vcape-r-20k-batch-1-2026-04-28-17-02-15
2026-04-28 17:02:15,823 - INFO -   Input:  s3://nintai-auto-qa-beta-us-east-1/autoqa-NIPS/bedrock_input_datasets_optimized_Nova/vcape-r-20k/batch_1.jsonl
2026-04-28 17:02:15,823 - INFO -   Output: s3://nintai-auto-qa-beta-us-east-1/autoqa-NIPS/bedrock_output_datasets_prompt_optimized/vcape-r-20k/us.amazon.nova-2-lite-/batch_1/
2026-04-28 17:02:16,458 - INFO -   JobArn: arn:aws:bedrock:us-east-1:398875891240:model-invocation-job/yyrivuyc6ln0
2026-04-28 17:02:16,458 - INFO - Submitting job: vcape-r-20k-batch-2-2026-04-28-17-02-15
2026-04-28 17:02:16,458 - INFO -   Input:  s3://nintai-auto-qa-beta-us-east-1/autoqa-NIPS/bedrock_input_datasets_optimized_Nova/vcape-r-20k/batch_2.jsonl
2026-04-28 17:02:16,458 - INFO -   Output: s3://nintai-auto-qa-beta-us-east-1/autoqa-NIPS/bedrock_output_datasets_prompt_optimized/vcape-r-20k/us.amazon.nova-2-lite-/batch_2/
2026-04-28 17:02:17,035 - INFO -   JobArn: arn:aws:bedrock:us-east-1:398875891240:model-invocation-job/ljwqizeoaq9k
2026-04-28 17:02:17,036 - INFO - Submitting job: vcape-r-20k-batch-3-2026-04-28-17-02-15
2026-04-28 17:02:17,036 - INFO -   Input:  s3://nintai-auto-qa-beta-us-east-1/autoqa-NIPS/bedrock_input_datasets_optimized_Nova/vcape-r-20k/batch_3.jsonl
2026-04-28 17:02:17,036 - INFO -   Output: s3://nintai-auto-qa-beta-us-east-1/autoqa-NIPS/bedrock_output_datasets_prompt_optimized/vcape-r-20k/us.amazon.nova-2-lite-/batch_3/
2026-04-28 17:02:17,717 - INFO -   JobArn: arn:aws:bedrock:us-east-1:398875891240:model-invocation-job/hgnulim1vc7t
2026-04-28 17:02:17,718 - INFO - Submitting job: vcape-r-20k-batch-4-2026-04-28-17-02-15
2026-04-28 17:02:17,718 - INFO -   Input:  s3://nintai-auto-qa-beta-us-east-1/autoqa-NIPS/bedrock_input_datasets_optimized_Nova/vcape-r-20k/batch_4.jsonl
2026-04-28 17:02:17,718 - INFO -   Output: s3://nintai-auto-qa-beta-us-east-1/autoqa-NIPS/bedrock_output_datasets_prompt_optimized/vcape-r-20k/us.amazon.nova-2-lite-/batch_4/
2026-04-28 17:02:18,178 - INFO -   JobArn: arn:aws:bedrock:us-east-1:398875891240:model-invocation-job/lvno59evbgnk
2026-04-28 17:02:18,178 - INFO - Submitting job: vcape-r-20k-batch-5-2026-04-28-17-02-15
2026-04-28 17:02:18,178 - INFO -   Input:  s3://nintai-auto-qa-beta-us-east-1/autoqa-NIPS/bedrock_input_datasets_optimized_Nova/vcape-r-20k/batch_5.jsonl
2026-04-28 17:02:18,178 - INFO -   Output: s3://nintai-auto-qa-beta-us-east-1/autoqa-NIPS/bedrock_output_datasets_prompt_optimized/vcape-r-20k/us.amazon.nova-2-lite-/batch_5/
2026-04-28 17:02:18,679 - INFO -   JobArn: arn:aws:bedrock:us-east-1:398875891240:model-invocation-job/q1jti256zevb
2026-04-28 17:02:18,679 - INFO - Submitting job: vcape-r-20k-batch-6-2026-04-28-17-02-15
2026-04-28 17:02:18,679 - INFO -   Input:  s3://nintai-auto-qa-beta-us-east-1/autoqa-NIPS/bedrock_input_datasets_optimized_Nova/vcape-r-20k/batch_6.jsonl
2026-04-28 17:02:18,679 - INFO -   Output: s3://nintai-auto-qa-beta-us-east-1/autoqa-NIPS/bedrock_output_datasets_prompt_optimized/vcape-r-20k/us.amazon.nova-2-lite-/batch_6/
2026-04-28 17:02:19,820 - INFO -   JobArn: arn:aws:bedrock:us-east-1:398875891240:model-invocation-job/pyuicn43aql6
2026-04-28 17:02:19,821 - INFO - Submitting job: vcape-r-20k-batch-7-2026-04-28-17-02-15
2026-04-28 17:02:19,821 - INFO -   Input:  s3://nintai-auto-qa-beta-us-east-1/autoqa-NIPS/bedrock_input_datasets_optimized_Nova/vcape-r-20k/batch_7.jsonl
2026-04-28 17:02:19,821 - INFO -   Output: s3://nintai-auto-qa-beta-us-east-1/autoqa-NIPS/bedrock_output_datasets_prompt_optimized/vcape-r-20k/us.amazon.nova-2-lite-/batch_7/
2026-04-28 17:02:22,101 - INFO -   JobArn: arn:aws:bedrock:us-east-1:398875891240:model-invocation-job/hwolanajxo78
2026-04-28 17:02:22,102 - INFO - Submitting job: vcape-r-20k-batch-8-2026-04-28-17-02-15
2026-04-28 17:02:22,102 - INFO -   Input:  s3://nintai-auto-qa-beta-us-east-1/autoqa-NIPS/bedrock_input_datasets_optimized_Nova/vcape-r-20k/batch_8.jsonl
2026-04-28 17:02:22,102 - INFO -   Output: s3://nintai-auto-qa-beta-us-east-1/autoqa-NIPS/bedrock_output_datasets_prompt_optimized/vcape-r-20k/us.amazon.nova-2-lite-/batch_8/
2026-04-28 17:02:22,710 - INFO -   JobArn: arn:aws:bedrock:us-east-1:398875891240:model-invocation-job/noymnjxieyyt
2026-04-28 17:02:22,710 - INFO - Submitting job: vcape-r-20k-batch-9-2026-04-28-17-02-15
2026-04-28 17:02:22,710 - INFO -   Input:  s3://nintai-auto-qa-beta-us-east-1/autoqa-NIPS/bedrock_input_datasets_optimized_Nova/vcape-r-20k/batch_9.jsonl
2026-04-28 17:02:22,711 - INFO -   Output: s3://nintai-auto-qa-beta-us-east-1/autoqa-NIPS/bedrock_output_datasets_prompt_optimized/vcape-r-20k/us.amazon.nova-2-lite-/batch_9/
2026-04-28 17:02:24,298 - INFO -   JobArn: arn:aws:bedrock:us-east-1:398875891240:model-invocation-job/zwer50ccjtd6
2026-04-28 17:02:24,298 - INFO - Submitting job: vcape-r-20k-batch-10-2026-04-28-17-02-15
2026-04-28 17:02:24,298 - INFO -   Input:  s3://nintai-auto-qa-beta-us-east-1/autoqa-NIPS/bedrock_input_datasets_optimized_Nova/vcape-r-20k/batch_10.jsonl
2026-04-28 17:02:24,298 - INFO -   Output: s3://nintai-auto-qa-beta-us-east-1/autoqa-NIPS/bedrock_output_datasets_prompt_optimized/vcape-r-20k/us.amazon.nova-2-lite-/batch_10/
2026-04-28 17:02:24,892 - INFO -   JobArn: arn:aws:bedrock:us-east-1:398875891240:model-invocation-job/mokoec5jzmt4
2026-04-28 17:02:24,892 - INFO - Submitting job: vcape-r-20k-batch-11-2026-04-28-17-02-15
2026-04-28 17:02:24,893 - INFO -   Input:  s3://nintai-auto-qa-beta-us-east-1/autoqa-NIPS/bedrock_input_datasets_optimized_Nova/vcape-r-20k/batch_11.jsonl
2026-04-28 17:02:24,893 - INFO -   Output: s3://nintai-auto-qa-beta-us-east-1/autoqa-NIPS/bedrock_output_datasets_prompt_optimized/vcape-r-20k/us.amazon.nova-2-lite-/batch_11/
2026-04-28 17:02:26,192 - INFO -   JobArn: arn:aws:bedrock:us-east-1:398875891240:model-invocation-job/17fuyhl7dy2c
2026-04-28 17:02:26,192 - INFO - Submitting job: vcape-r-20k-batch-12-2026-04-28-17-02-15
2026-04-28 17:02:26,192 - INFO -   Input:  s3://nintai-auto-qa-beta-us-east-1/autoqa-NIPS/bedrock_input_datasets_optimized_Nova/vcape-r-20k/batch_12.jsonl
2026-04-28 17:02:26,192 - INFO -   Output: s3://nintai-auto-qa-beta-us-east-1/autoqa-NIPS/bedrock_output_datasets_prompt_optimized/vcape-r-20k/us.amazon.nova-2-lite-/batch_12/
2026-04-28 17:02:26,716 - INFO -   JobArn: arn:aws:bedrock:us-east-1:398875891240:model-invocation-job/i2bm3o5yzz14
2026-04-28 17:02:26,717 - INFO - Submitting job: vcape-r-20k-batch-13-2026-04-28-17-02-15
2026-04-28 17:02:26,717 - INFO -   Input:  s3://nintai-auto-qa-beta-us-east-1/autoqa-NIPS/bedrock_input_datasets_optimized_Nova/vcape-r-20k/batch_13.jsonl
2026-04-28 17:02:26,717 - INFO -   Output: s3://nintai-auto-qa-beta-us-east-1/autoqa-NIPS/bedrock_output_datasets_prompt_optimized/vcape-r-20k/us.amazon.nova-2-lite-/batch_13/
2026-04-28 17:02:28,122 - INFO -   JobArn: arn:aws:bedrock:us-east-1:398875891240:model-invocation-job/gaygfyrk1uqr
2026-04-28 17:02:28,123 - INFO - Submitting job: vcape-r-20k-batch-14-2026-04-28-17-02-15
2026-04-28 17:02:28,123 - INFO -   Input:  s3://nintai-auto-qa-beta-us-east-1/autoqa-NIPS/bedrock_input_datasets_optimized_Nova/vcape-r-20k/batch_14.jsonl
2026-04-28 17:02:28,123 - INFO -   Output: s3://nintai-auto-qa-beta-us-east-1/autoqa-NIPS/bedrock_output_datasets_prompt_optimized/vcape-r-20k/us.amazon.nova-2-lite-/batch_14/
2026-04-28 17:02:28,601 - INFO -   JobArn: arn:aws:bedrock:us-east-1:398875891240:model-invocation-job/iwxwiubzrz9o
2026-04-28 17:02:28,602 - INFO - Submitting job: vcape-r-20k-batch-15-2026-04-28-17-02-15
2026-04-28 17:02:28,602 - INFO -   Input:  s3://nintai-auto-qa-beta-us-east-1/autoqa-NIPS/bedrock_input_datasets_optimized_Nova/vcape-r-20k/batch_15.jsonl
2026-04-28 17:02:28,602 - INFO -   Output: s3://nintai-auto-qa-beta-us-east-1/autoqa-NIPS/bedrock_output_datasets_prompt_optimized/vcape-r-20k/us.amazon.nova-2-lite-/batch_15/
2026-04-28 17:02:29,165 - INFO -   JobArn: arn:aws:bedrock:us-east-1:398875891240:model-invocation-job/qcqnhrvgzun7
2026-04-28 17:02:29,165 - INFO - Submitting job: vcape-r-20k-batch-16-2026-04-28-17-02-15
2026-04-28 17:02:29,166 - INFO -   Input:  s3://nintai-auto-qa-beta-us-east-1/autoqa-NIPS/bedrock_input_datasets_optimized_Nova/vcape-r-20k/batch_16.jsonl
2026-04-28 17:02:29,166 - INFO -   Output: s3://nintai-auto-qa-beta-us-east-1/autoqa-NIPS/bedrock_output_datasets_prompt_optimized/vcape-r-20k/us.amazon.nova-2-lite-/batch_16/
2026-04-28 17:02:30,619 - INFO -   JobArn: arn:aws:bedrock:us-east-1:398875891240:model-invocation-job/jhdu3iehzcmz
2026-04-28 17:02:30,619 - INFO - Submitting job: vcape-r-20k-batch-17-2026-04-28-17-02-15
2026-04-28 17:02:30,620 - INFO -   Input:  s3://nintai-auto-qa-beta-us-east-1/autoqa-NIPS/bedrock_input_datasets_optimized_Nova/vcape-r-20k/batch_17.jsonl
2026-04-28 17:02:30,620 - INFO -   Output: s3://nintai-auto-qa-beta-us-east-1/autoqa-NIPS/bedrock_output_datasets_prompt_optimized/vcape-r-20k/us.amazon.nova-2-lite-/batch_17/
2026-04-28 17:02:31,077 - INFO -   JobArn: arn:aws:bedrock:us-east-1:398875891240:model-invocation-job/fldw1kmljz2e
2026-04-28 17:02:31,077 - INFO - Submitting job: vcape-r-20k-batch-18-2026-04-28-17-02-15
2026-04-28 17:02:31,077 - INFO -   Input:  s3://nintai-auto-qa-beta-us-east-1/autoqa-NIPS/bedrock_input_datasets_optimized_Nova/vcape-r-20k/batch_18.jsonl
2026-04-28 17:02:31,077 - INFO -   Output: s3://nintai-auto-qa-beta-us-east-1/autoqa-NIPS/bedrock_output_datasets_prompt_optimized/vcape-r-20k/us.amazon.nova-2-lite-/batch_18/
2026-04-28 17:02:33,678 - INFO -   JobArn: arn:aws:bedrock:us-east-1:398875891240:model-invocation-job/ch64kf05grmm
2026-04-28 17:02:33,679 - INFO - Submitting job: vcape-r-20k-batch-19-2026-04-28-17-02-15
2026-04-28 17:02:33,679 - INFO -   Input:  s3://nintai-auto-qa-beta-us-east-1/autoqa-NIPS/bedrock_input_datasets_optimized_Nova/vcape-r-20k/batch_19.jsonl
2026-04-28 17:02:33,679 - INFO -   Output: s3://nintai-auto-qa-beta-us-east-1/autoqa-NIPS/bedrock_output_datasets_prompt_optimized/vcape-r-20k/us.amazon.nova-2-lite-/batch_19/
2026-04-28 17:02:34,166 - INFO -   JobArn: arn:aws:bedrock:us-east-1:398875891240:model-invocation-job/gm8rxf9mfxsp
2026-04-28 17:02:34,169 - INFO - All jobs submitted.
2026-04-28 17:02:38,127 - INFO - Loading dataset from: /Users/ralcover/tmp/vcape-dataset-cache/vcape-s-20k
2026-04-28 17:02:45,858 - INFO - Dataset loaded: 20000 samples, columns: ['xsource_image', 'xtarget_image', 'product_type', 'object_description', 'label', 'rejection_reason', 'pose', 'input_prompt']
2026-04-28 17:02:45,871 - INFO - Dataset shuffled with seed=42
2026-04-28 17:02:45,913 - INFO - Found credentials in shared credentials file: ~/.aws/credentials
2026-04-28 17:02:46,201 - INFO - Creating batches: samples 0–19999 (20000 total), batch_size=1000
2026-04-28 17:19:17,909 - INFO - Building payloads with pandas apply …
2026-04-29 10:12:22,635 - INFO - Loading dataset from: /Users/ralcover/tmp/vcape-dataset-cache/vcape-s-20k
2026-04-29 10:12:29,546 - INFO - Dataset loaded: 20000 samples, columns: ['xsource_image', 'xtarget_image', 'product_type', 'object_description', 'label', 'rejection_reason', 'pose', 'input_prompt']
2026-04-29 10:12:29,551 - INFO - Dataset shuffled with seed=42
2026-04-29 10:12:29,562 - INFO - Found credentials in shared credentials file: ~/.aws/credentials
2026-04-29 10:12:29,699 - INFO - Creating batches: samples 0–19999 (20000 total), batch_size=1000
2026-04-29 10:13:54,381 - INFO - Building payloads with pandas apply …
2026-04-29 11:54:44,903 - INFO - Loading dataset from: /Users/ralcover/tmp/vcape-dataset-cache/vcape-s-20k
2026-04-29 11:54:53,186 - INFO - Dataset loaded: 20000 samples, columns: ['xsource_image', 'xtarget_image', 'product_type', 'object_description', 'label', 'rejection_reason', 'pose', 'input_prompt']
2026-04-29 11:54:53,189 - INFO - Dataset shuffled with seed=42
2026-04-29 11:54:53,198 - INFO - Found credentials in shared credentials file: ~/.aws/credentials
2026-04-29 11:54:53,312 - INFO - Creating batches: samples 0–19999 (20000 total), batch_size=1000
2026-04-29 11:56:24,325 - INFO - Building payloads with pandas apply …
2026-04-29 15:56:09,548 - INFO - Loading dataset from: /Users/ralcover/tmp/vcape-dataset-cache/vcape-s-20k
2026-04-29 15:56:18,980 - INFO - Dataset loaded: 20000 samples, columns: ['xsource_image', 'xtarget_image', 'product_type', 'object_description', 'label', 'rejection_reason', 'pose', 'input_prompt']
2026-04-29 15:56:18,993 - INFO - Dataset shuffled with seed=42
2026-04-29 15:56:19,009 - INFO - Found credentials in shared credentials file: ~/.aws/credentials
2026-04-29 15:56:19,170 - INFO - Creating batches: samples 0–19999 (20000 total), batch_size=1000
2026-04-29 15:57:51,111 - INFO - Building payloads with pandas apply …
2026-04-29 16:43:12,814 - INFO - Loading dataset from: /Users/ralcover/tmp/vcape-dataset-cache/vcape-s-20k
2026-04-29 16:43:21,181 - INFO - Dataset loaded: 20000 samples, columns: ['xsource_image', 'xtarget_image', 'product_type', 'object_description', 'label', 'rejection_reason', 'pose', 'input_prompt']
2026-04-29 16:43:21,191 - INFO - Dataset shuffled with seed=42
2026-04-29 16:43:21,212 - INFO - Found credentials in shared credentials file: ~/.aws/credentials
2026-04-29 16:43:21,368 - INFO - Creating batches: samples 0–19999 (20000 total), batch_size=1000
2026-04-29 16:44:49,092 - INFO - Building payloads with pandas apply …
2026-04-29 17:39:24,184 - INFO - Loading dataset from: /Users/ralcover/tmp/vcape-dataset-cache/vcape-s-20k
2026-04-29 17:39:32,995 - INFO - Dataset loaded: 20000 samples, columns: ['xsource_image', 'xtarget_image', 'product_type', 'object_description', 'label', 'rejection_reason', 'pose', 'input_prompt']
2026-04-29 17:39:33,002 - INFO - Dataset shuffled with seed=42
2026-04-29 17:39:33,017 - INFO - Found credentials in shared credentials file: ~/.aws/credentials
2026-04-29 17:39:33,159 - INFO - Creating batches: samples 0–19999 (20000 total), batch_size=1000
2026-04-29 17:44:20,643 - INFO - Building payloads with pandas apply …
2026-04-30 16:47:27,744 - INFO - Loading dataset from: /Users/ralcover/tmp/vcape-dataset-cache/vcape-s-20k
2026-04-30 16:47:36,167 - INFO - Dataset loaded: 20000 samples, columns: ['xsource_image', 'xtarget_image', 'product_type', 'object_description', 'label', 'rejection_reason', 'pose', 'input_prompt']
2026-04-30 16:47:36,175 - INFO - Dataset shuffled with seed=42
2026-04-30 16:47:36,192 - INFO - Found credentials in shared credentials file: ~/.aws/credentials
2026-04-30 16:47:36,380 - INFO - Creating batches: samples 0–19999 (20000 total), batch_size=1000
2026-04-30 16:49:09,662 - INFO - Building payloads with pandas apply …
